term	estimate	std.error	statistic	p.value	conf.low	conf.high	variable	lvl	index	dataset	test_var	ref_level	outcome_subset
final_result3. Non neoplastic findings	7.720238076010225	15.069610257491025	0.512305092440764	0.608548193718309	-21.850675698840845	37.2911518508613	final_result	3. Non neoplastic findings	invsimpson	ko_hum	final_result	1. Negative	all
final_result4. Other lesions	119.00166844975475	52.567594579897055	2.263783789248433	0.023796385702270374	15.848913991440568	222.1544229080689	final_result	4. Other lesions	invsimpson	ko_hum	final_result	1. Negative	all
final_result5b. >= 3 Non-advanced adenomas	-19.608891475641737	17.73873133614955	-1.1054280660805214	0.26923430661047537	-54.4173892306368	15.199606279353329	final_result	5b. >= 3 Non-advanced adenomas	invsimpson	ko_hum	final_result	1. Negative	all
final_result5c. Advanced adenoma	6.276748226387569	14.912264092308103	0.42091182046763637	0.6739079697273722	-22.985407073365263	35.5389035261404	final_result	5c. Advanced adenoma	invsimpson	ko_hum	final_result	1. Negative	all
final_result5d. Advanced serrated	4.335722956737725	21.18374639678671	0.20467215173022446	0.837869032419399	-37.23288614622832	45.90433205970377	final_result	5d. Advanced serrated	invsimpson	ko_hum	final_result	1. Negative	all
final_result6. Cancer	0.1859813323466173	22.331808641812753	0.008328090900725206	0.9933568469709635	-43.635456415537504	44.00741908023073	final_result	6. Cancer	invsimpson	ko_hum	final_result	1. Negative	all
final_result3. Non neoplastic findings	-11.864888550666654	51.45392713710564	-0.230592477791853	0.8176775620607525	-112.83230686810262	89.10252976676932	final_result	3. Non neoplastic findings	observed	ko_hum	final_result	1. Negative	all
final_result4. Other lesions	76.46409690349017	179.48766657335318	0.4260130980768016	0.6701880054170662	-275.7423783271123	428.6705721340926	final_result	4. Other lesions	observed	ko_hum	final_result	1. Negative	all
final_result5b. >= 3 Non-advanced adenomas	-167.11803532768252	60.56741840561001	-2.759206843001308	0.005897695548473597	-285.9687472329428	-48.26732342242224	final_result	5b. >= 3 Non-advanced adenomas	observed	ko_hum	final_result	1. Negative	all
final_result5c. Advanced adenoma	-109.15227310711401	50.91668178169901	-2.143742861624314	0.0322889422765903	-209.06546136755355	-9.239084846674459	final_result	5c. Advanced adenoma	observed	ko_hum	final_result	1. Negative	all
final_result5d. Advanced serrated	-93.46679934758322	72.33013495152342	-1.2922248715590792	0.19657138580770375	-235.39934753087948	48.46574883571304	final_result	5d. Advanced serrated	observed	ko_hum	final_result	1. Negative	all
final_result6. Cancer	-78.85077712001022	76.25009771732006	-1.034107227145224	0.3013306701527187	-228.47542078337221	70.77386654335179	final_result	6. Cancer	observed	ko_hum	final_result	1. Negative	all
final_result3. Non neoplastic findings	0.008646743214433247	0.01799573142776662	0.4804885674772687	0.6309828621854656	-0.026666062709086585	0.04395954913795308	final_result	3. Non neoplastic findings	shannon	ko_hum	final_result	1. Negative	all
final_result4. Other lesions	0.09040307003144195	0.06277483609062151	1.4401163851855612	0.15014072394103115	-0.03277923087401219	0.21358537093689609	final_result	4. Other lesions	shannon	ko_hum	final_result	1. Negative	all
final_result5b. >= 3 Non-advanced adenomas	-0.03171310845320461	0.021183125478376037	-1.4970929802392803	0.13467782593736832	-0.07328049913549026	0.00985428222908103	final_result	5b. >= 3 Non-advanced adenomas	shannon	ko_hum	final_result	1. Negative	all
final_result5c. Advanced adenoma	-4.0642346590907976e-4	0.01780783278397699	-0.022822735974630706	0.9817961271541445	-0.03535051815543049	0.034537671223612336	final_result	5c. Advanced adenoma	shannon	ko_hum	final_result	1. Negative	all
final_result5d. Advanced serrated	-0.0022041509929654423	0.025297071674497455	-0.08713067746839237	0.9305847090217576	-0.05184428849227044	0.04743598650633956	final_result	5d. Advanced serrated	shannon	ko_hum	final_result	1. Negative	all
final_result6. Cancer	-0.008087854780336568	0.02666805735168691	-0.30327873806769673	0.7617391723454698	-0.06041826087677217	0.04424255131609903	final_result	6. Cancer	shannon	ko_hum	final_result	1. Negative	all
final_result3. Non neoplastic findings	1.0555803356847389	1.2993373765291627	0.8123989617726871	0.41675193194059823	-1.494093668437922	3.6052543398073995	final_result	3. Non neoplastic findings	invsimpson	mags	final_result	1. Negative	all
final_result4. Other lesions	-6.519678680315783	4.532502119485073	-1.4384281592032588	0.1506187576277998	-15.413752718693587	2.3743953580620207	final_result	4. Other lesions	invsimpson	mags	final_result	1. Negative	all
final_result5b. >= 3 Non-advanced adenomas	0.32540804961377723	1.529475297863849	0.21275796351092452	0.8315581817520513	-2.6758628114832392	3.326678910710794	final_result	5b. >= 3 Non-advanced adenomas	invsimpson	mags	final_result	1. Negative	all
final_result5c. Advanced adenoma	1.4890833216922124	1.285770618664667	1.1581251741766314	0.2470835218796893	-1.033968797712769	4.012135441097193	final_result	5c. Advanced adenoma	invsimpson	mags	final_result	1. Negative	all
final_result5d. Advanced serrated	0.5822850913062745	1.8265126302505066	0.3187960935295662	0.7499462813723691	-3.001858531184908	4.1664287137974565	final_result	5d. Advanced serrated	invsimpson	mags	final_result	1. Negative	all
final_result6. Cancer	2.2890001031671896	1.9255012676509196	1.1887814054569452	0.2348018422732196	-1.4893877241336368	6.067387930468016	final_result	6. Cancer	invsimpson	mags	final_result	1. Negative	all
final_result3. Non neoplastic findings	4.379564029238106	4.779328645950464	0.9163554870722106	0.3596966473611466	-4.998854713928984	13.757982772405196	final_result	3. Non neoplastic findings	observed	mags	final_result	1. Negative	all
final_result4. Other lesions	-4.029477223259664	16.671818735293655	-0.24169391997583337	0.8090658264617993	-36.744385297690265	28.68543085117094	final_result	4. Other lesions	observed	mags	final_result	1. Negative	all
final_result5b. >= 3 Non-advanced adenomas	-0.8005781900636556	5.625840706499717	-0.14230374300124096	0.8868681380708291	-11.840097301730994	10.238940921603684	final_result	5b. >= 3 Non-advanced adenomas	observed	mags	final_result	1. Negative	all
final_result5c. Advanced adenoma	4.9160254781294075	4.729426291361341	1.039454930740522	0.29883905617359996	-4.364470478747743	14.196521435006558	final_result	5c. Advanced adenoma	observed	mags	final_result	1. Negative	all
final_result5d. Advanced serrated	8.120296149456134	6.718427633679825	1.2086602092353678	0.22707298054027994	-5.063193062507061	21.30378536141933	final_result	5d. Advanced serrated	observed	mags	final_result	1. Negative	all
final_result6. Cancer	12.768615673294999	7.082535708224064	1.8028311044684744	0.07170922791387675	-1.129358405436566	26.666589752026564	final_result	6. Cancer	observed	mags	final_result	1. Negative	all
final_result3. Non neoplastic findings	0.05523440218925087	0.03813655412111936	1.4483322749567198	0.1478308601772409	-0.019600496279670823	0.13006930065817257	final_result	3. Non neoplastic findings	shannon	mags	final_result	1. Negative	all
final_result4. Other lesions	-0.14002305874733617	0.13303243292020478	-1.0525482822021641	0.29279686187283693	-0.4010709913696492	0.12102487387497685	final_result	4. Other lesions	shannon	mags	final_result	1. Negative	all
final_result5b. >= 3 Non-advanced adenomas	0.030789944110477047	0.04489127960723347	0.6858780676306623	0.49294555830198383	-0.057299670406816106	0.1188795586277702	final_result	5b. >= 3 Non-advanced adenomas	shannon	mags	final_result	1. Negative	all
final_result5c. Advanced adenoma	0.0877378002281552	0.037738359314371375	2.324897049637853	0.020272588787742404	0.013684274607949673	0.1617913258483607	final_result	5c. Advanced adenoma	shannon	mags	final_result	1. Negative	all
final_result5d. Advanced serrated	0.03953314141216685	0.05360955440420453	0.7374271592353754	0.4610318907113474	-0.06566423819537032	0.14473052101970402	final_result	5d. Advanced serrated	shannon	mags	final_result	1. Negative	all
final_result6. Cancer	0.11755971567843265	0.05651494725735314	2.080152621272012	0.037760247660768825	0.006661118847986994	0.22845831250887833	final_result	6. Cancer	shannon	mags	final_result	1. Negative	all
final_result3. Non neoplastic findings	1.1336184083133045	1.241057849911847	0.9134291430442393	0.3612323159085834	-1.3016943862629387	3.568931202889548	final_result	3. Non neoplastic findings	invsimpson	metaphlan	final_result	1. Negative	all
final_result4. Other lesions	-5.839957060421254	4.329204590539063	-1.3489676771533856	0.17764614928605446	-14.335102818877928	2.6551886980354205	final_result	4. Other lesions	invsimpson	metaphlan	final_result	1. Negative	all
final_result5b. >= 3 Non-advanced adenomas	0.5412933217565048	1.4608733335530175	0.37052721089789153	0.7110664858246258	-2.3253607352720334	3.4079473787850434	final_result	5b. >= 3 Non-advanced adenomas	invsimpson	metaphlan	final_result	1. Negative	all
final_result5c. Advanced adenoma	1.7341952451440763	1.2280996054637716	1.4120965737866076	0.15822593252530764	-0.6756897432248361	4.144080233512989	final_result	5c. Advanced adenoma	invsimpson	metaphlan	final_result	1. Negative	all
final_result5d. Advanced serrated	0.8157102030828131	1.744587571082351	0.46756621255575165	0.6401945107509786	-2.607672867591388	4.239093273757014	final_result	5d. Advanced serrated	invsimpson	metaphlan	final_result	1. Negative	all
final_result6. Cancer	2.3735976605288154	1.8391362446732107	1.2906045799508297	0.19713271857811407	-1.2353171277219581	5.982512448779589	final_result	6. Cancer	invsimpson	metaphlan	final_result	1. Negative	all
final_result3. Non neoplastic findings	2.4028158488996825	6.245829824883646	0.38470722326227397	0.700534382307515	-9.853300404154478	14.658932101953841	final_result	3. Non neoplastic findings	observed	metaphlan	final_result	1. Negative	all
final_result4. Other lesions	-12.797792009444303	21.787441376348973	-0.5873930668764415	0.5570694957419675	-55.55102446244503	29.955440443556427	final_result	4. Other lesions	observed	metaphlan	final_result	1. Negative	all
final_result5b. >= 3 Non-advanced adenomas	-8.143865226469735	7.352087767488631	-1.1076942338042253	0.26825451636019443	-22.570778047886016	6.283047594946547	final_result	5b. >= 3 Non-advanced adenomas	observed	metaphlan	final_result	1. Negative	all
final_result5c. Advanced adenoma	4.539838532919881	6.180615306754881	0.7345285716064918	0.4627951475360196	-7.588308060700283	16.667985126540046	final_result	5c. Advanced adenoma	observed	metaphlan	final_result	1. Negative	all
final_result5d. Advanced serrated	8.1975571474011	8.779926805476023	0.9336703288105204	0.35069450670593716	-9.031186932770057	25.42630122757226	final_result	5d. Advanced serrated	observed	metaphlan	final_result	1. Negative	all
final_result6. Cancer	16.95864910218078	9.255758714084415	1.8322267926426103	0.06720850009665705	-1.203814171808748	35.1211123761703	final_result	6. Cancer	observed	metaphlan	final_result	1. Negative	all
final_result3. Non neoplastic findings	0.047811579994172966	0.03841065874997486	1.2447477223806858	0.21350985385546645	-0.02756119066962811	0.12318435065797403	final_result	3. Non neoplastic findings	shannon	metaphlan	final_result	1. Negative	all
final_result4. Other lesions	-0.15013696523385398	0.13398859706486052	-1.1205204660899348	0.26275527441334445	-0.41306116718185604	0.11278723671414806	final_result	4. Other lesions	shannon	metaphlan	final_result	1. Negative	all
final_result5b. >= 3 Non-advanced adenomas	0.029363484902583295	0.04521393349716043	0.6494344249970512	0.5162035443151074	-0.059359269436850076	0.11808623924201667	final_result	5b. >= 3 Non-advanced adenomas	shannon	metaphlan	final_result	1. Negative	all
final_result5c. Advanced adenoma	0.08694724232632435	0.038009601937410376	2.287507311165704	0.022369837191298567	0.012361460590605583	0.16153302406204312	final_result	5c. Advanced adenoma	shannon	metaphlan	final_result	1. Negative	all
final_result5d. Advanced serrated	0.040362169548767125	0.05399487047042288	0.7475185919906331	0.4549225390864413	-0.06559131111085556	0.14631565020838982	final_result	5d. Advanced serrated	shannon	metaphlan	final_result	1. Negative	all
final_result6. Cancer	0.10199877324499888	0.05692114569346686	1.7919311356501002	0.0734397361235425	-0.009696901859175003	0.21369444834917278	final_result	6. Cancer	shannon	metaphlan	final_result	1. Negative	all
detect_worthy_lesionspositive	-8.195720553377893	9.852203239241346	-0.831866776837725	0.40567752406845015	-27.52846810079188	11.137026994036095	detect_worthy_lesions	positive	invsimpson	ko_hum	detect_worthy_lesions	negative	all
detect_worthy_lesionspositive	-111.80493664810966	33.54367017068304	-3.3331157884394673	8.894458419921132e-4	-177.6268945874865	-45.9829787087328	detect_worthy_lesions	positive	observed	ko_hum	detect_worthy_lesions	negative	all
detect_worthy_lesionspositive	-0.016213983017039576	0.01174851020473642	-1.380088431170013	0.16785976144396839	-0.039267809286246354	0.006839843252167202	detect_worthy_lesions	positive	shannon	ko_hum	detect_worthy_lesions	negative	all
detect_worthy_lesionspositive	0.6991635424463797	0.8480787004110844	0.8244087985082966	0.4098987409044633	-0.9650014181466334	2.363328503039393	detect_worthy_lesions	positive	invsimpson	mags	detect_worthy_lesions	negative	all
detect_worthy_lesionspositive	2.346965771979821	3.1201057784845188	0.7522071168753056	0.45209887487896194	-3.7755446829825003	8.469476226942142	detect_worthy_lesions	positive	observed	mags	detect_worthy_lesions	negative	all
detect_worthy_lesionspositive	0.041184310777849314	0.02492564196785057	1.6522868631014358	0.09878175392003621	-0.007726692367350602	0.09009531392304923	detect_worthy_lesions	positive	shannon	mags	detect_worthy_lesions	negative	all
detect_worthy_lesionspositive	0.8544604559927219	0.8100366537790727	1.0548417185893975	0.29174580903330144	-0.735055487942342	2.4439763999277857	detect_worthy_lesions	positive	invsimpson	metaphlan	detect_worthy_lesions	negative	all
detect_worthy_lesionspositive	2.3162857562276953	4.084995268852262	0.5670228736589182	0.5708225483644804	-5.699604735205427	10.332176247660819	detect_worthy_lesions	positive	observed	metaphlan	detect_worthy_lesions	negative	all
detect_worthy_lesionspositive	0.04348724737367281	0.025092213586341387	1.7330972902822934	0.08337854097006758	-0.0057506153551805175	0.09272511010252613	detect_worthy_lesions	positive	shannon	metaphlan	detect_worthy_lesions	negative	all
final_result_cat_neg>= 3 Non-advanced adenomas	-27.132770407432815	15.019473136307456	-1.8065061378113974	0.07113279232346369	-56.60523246542107	2.339691650555441	final_result_cat_neg	>= 3 Non-advanced adenomas	invsimpson	ko_hum	final_result_cat_neg	Negative	all
final_result_cat_negAdvanced serrated	-3.0664394240901403	18.975074997383143	-0.1616035469958898	0.8716499427593387	-40.300913152463956	34.16803430428367	final_result_cat_neg	Advanced serrated	invsimpson	ko_hum	final_result_cat_neg	Negative	all
final_result_cat_negAdvanced adenoma	-1.1439921874258228	11.627342947685518	-0.09838810058092767	0.92164337853034	-23.960133655962604	21.672149281110958	final_result_cat_neg	Advanced adenoma	invsimpson	ko_hum	final_result_cat_neg	Negative	all
final_result_cat_negCancer	-7.106973009035984	20.295981852984596	-0.3501665039176648	0.7262857548062855	-46.93344026677946	32.7194942487075	final_result_cat_neg	Cancer	invsimpson	ko_hum	final_result_cat_neg	Negative	all
final_result_cat_neg>= 3 Non-advanced adenomas	-161.70957001216118	51.16128213106739	-3.160780247803133	0.0016196634003235078	-262.1025020918427	-61.31663793247965	final_result_cat_neg	>= 3 Non-advanced adenomas	observed	ko_hum	final_result_cat_neg	Negative	all
final_result_cat_negAdvanced serrated	-87.95869484514357	64.63536747188128	-1.3608446626904191	0.17386220465055618	-214.7916002427483	38.874210552461165	final_result_cat_neg	Advanced serrated	observed	ko_hum	final_result_cat_neg	Negative	all
final_result_cat_negAdvanced adenoma	-103.80044891382431	39.606567259886226	-2.6207888260731456	0.008902608293429575	-181.5197563902208	-26.081141437427817	final_result_cat_neg	Advanced adenoma	observed	ko_hum	final_result_cat_neg	Negative	all
final_result_cat_negCancer	-73.36762214853894	69.13481213914619	-1.061225450368961	0.2888376809331699	-209.02971290001716	62.294468602939276	final_result_cat_neg	Cancer	observed	ko_hum	final_result_cat_neg	Negative	all
final_result_cat_neg>= 3 Non-advanced adenomas	-0.039122350148353406	0.01790954986042976	-2.184440728730556	0.029156070271449466	-0.07426596164170132	-0.003978738655005497	final_result_cat_neg	>= 3 Non-advanced adenomas	shannon	ko_hum	final_result_cat_neg	Negative	all
final_result_cat_negAdvanced serrated	-0.00952447041099331	0.02262629645440253	-0.4209469468495397	0.6738821545040923	-0.053923675210870776	0.03487473438888416	final_result_cat_neg	Advanced serrated	shannon	ko_hum	final_result_cat_neg	Negative	all
final_result_cat_negAdvanced adenoma	-0.007716991297204793	0.013864699272473024	-0.5565927645128307	0.5779273116118644	-0.034923459829418545	0.019489477235008955	final_result_cat_neg	Advanced adenoma	shannon	ko_hum	final_result_cat_neg	Negative	all
final_result_cat_negCancer	-0.015309484371505738	0.024201374819447882	-0.6325873833912631	0.5271443528297634	-0.06279943922172553	0.03218047047871404	final_result_cat_neg	Cancer	shannon	ko_hum	final_result_cat_neg	Negative	all
final_result_cat_neg>= 3 Non-advanced adenomas	-0.16248319291059657	1.2938201857550218	-0.12558406082973414	0.9000858315375865	-2.701325001039359	2.3763586152181655	final_result_cat_neg	>= 3 Non-advanced adenomas	invsimpson	mags	final_result_cat_neg	Negative	all
final_result_cat_negAdvanced serrated	0.08584220776450056	1.6345669941299577	0.052516787670848816	0.958127162051461	-3.1216413889323444	3.293325804461346	final_result_cat_neg	Advanced serrated	invsimpson	mags	final_result_cat_neg	Negative	all
final_result_cat_negAdvanced adenoma	1.0063424428814092	1.001612431800009	1.0047223965390484	0.3152678952467931	-0.9591049549820165	2.971789840744835	final_result_cat_neg	Advanced adenoma	invsimpson	mags	final_result_cat_neg	Negative	all
final_result_cat_negCancer	1.7949328587641293	1.7483536721158883	1.0266417415372657	0.30483163912677036	-1.6358324415723784	5.225698159100637	final_result_cat_neg	Cancer	invsimpson	mags	final_result_cat_neg	Negative	all
final_result_cat_neg>= 3 Non-advanced adenomas	-3.371114856756468	4.753842369231123	-0.7091347577226683	0.47840227365317123	-12.699500585423028	5.957270871910091	final_result_cat_neg	>= 3 Non-advanced adenomas	observed	mags	final_result_cat_neg	Negative	all
final_result_cat_negAdvanced serrated	5.539726862476411	6.005837532599026	0.9223903964113885	0.3565422501751697	-6.2454281292840905	17.324881854236914	final_result_cat_neg	Advanced serrated	observed	mags	final_result_cat_neg	Negative	all
final_result_cat_negAdvanced adenoma	2.3758993926842913	3.6801927101337317	0.645591027378008	0.5186888809844274	-4.845681486428182	9.597480271796764	final_result_cat_neg	Advanced adenoma	observed	mags	final_result_cat_neg	Negative	all
final_result_cat_negCancer	10.210585682708226	6.4239203054751615	1.589463317906615	0.1122645047524749	-2.3949661731009826	22.816137538517435	final_result_cat_neg	Cancer	observed	mags	final_result_cat_neg	Negative	all
final_result_cat_neg>= 3 Non-advanced adenomas	4.8760488989531617e-4	0.037986134727866855	0.012836391314581589	0.9897608231914417	-0.07405195480946218	0.0750271645892528	final_result_cat_neg	>= 3 Non-advanced adenomas	shannon	mags	final_result_cat_neg	Negative	all
final_result_cat_negAdvanced serrated	0.009005662272736432	0.047990348847827845	0.18765569513346117	0.8511837400408198	-0.08516500022195052	0.10317632476742337	final_result_cat_neg	Advanced serrated	shannon	mags	final_result_cat_neg	Negative	all
final_result_cat_negAdvanced adenoma	0.05778395737835765	0.029407011266607004	1.9649721236368538	0.0496874918848491	7.906880281963874e-5	0.11548884595389566	final_result_cat_neg	Advanced adenoma	shannon	mags	final_result_cat_neg	Negative	all
final_result_cat_negCancer	0.08726735282894657	0.0513310882548944	1.7000877206343985	0.089418093910195	-0.013458786980213036	0.18799349263810616	final_result_cat_neg	Cancer	shannon	mags	final_result_cat_neg	Negative	all
final_result_cat_neg>= 3 Non-advanced adenomas	-0.010235733037398713	1.2357554629392988	-0.008282976158610353	0.9933928301235765	-2.4351381023747196	2.4146666362999225	final_result_cat_neg	>= 3 Non-advanced adenomas	invsimpson	metaphlan	final_result_cat_neg	Negative	all
final_result_cat_negAdvanced serrated	0.2562815051264378	1.561210062090364	0.16415568369018368	0.8696409820999565	-2.807255005237466	3.319818015490342	final_result_cat_neg	Advanced serrated	invsimpson	metaphlan	final_result_cat_neg	Negative	all
final_result_cat_negAdvanced adenoma	1.1886536115599609	0.956661557743804	1.242501699726796	0.21433596900893023	-0.6885874345844845	3.065894657704406	final_result_cat_neg	Advanced adenoma	invsimpson	metaphlan	final_result_cat_neg	Negative	all
final_result_cat_negCancer	1.8173602650355587	1.6698901634514143	1.0883112583161432	0.2767137955021842	-1.4594373986825802	5.094157928753697	final_result_cat_neg	Cancer	invsimpson	metaphlan	final_result_cat_neg	Negative	all
final_result_cat_neg>= 3 Non-advanced adenomas	-9.30293199821838	6.211258368775427	-1.497753183957873	0.1345055645026609	-21.49118087650769	2.8853168800709312	final_result_cat_neg	>= 3 Non-advanced adenomas	observed	metaphlan	final_result_cat_neg	Negative	all
final_result_cat_negAdvanced serrated	7.0212826494579765	7.847085733701916	0.89476308628855	0.3711240083975226	-8.376923030156775	22.419488329072728	final_result_cat_neg	Advanced serrated	observed	metaphlan	final_result_cat_neg	Negative	all
final_result_cat_negAdvanced adenoma	3.393297948097345	4.808453035269987	0.7056943102506182	0.48053876509309323	-6.042249381258198	12.828845277452888	final_result_cat_neg	Advanced adenoma	observed	metaphlan	final_result_cat_neg	Negative	all
final_result_cat_negCancer	15.78890780478813	8.393342828525979	1.8811227096702476	0.06023876848614524	-0.6812090767043149	32.259024686280576	final_result_cat_neg	Cancer	observed	metaphlan	final_result_cat_neg	Negative	all
final_result_cat_neg>= 3 Non-advanced adenomas	0.0038199693488931144	0.03825056336383948	0.09986700882174084	0.9204694560997843	-0.07123847426004104	0.07887841295782727	final_result_cat_neg	>= 3 Non-advanced adenomas	shannon	metaphlan	final_result_cat_neg	Negative	all
final_result_cat_negAdvanced serrated	0.014591788161000574	0.04832441870190995	0.3019547581319143	0.7627478660544906	-0.08023441404601832	0.10941799036801945	final_result_cat_neg	Advanced serrated	shannon	metaphlan	final_result_cat_neg	Negative	all
final_result_cat_negAdvanced adenoma	0.0616940259701295	0.029611719008865285	2.083432777126491	0.03745935321447538	0.003587442800385053	0.11980060913987395	final_result_cat_neg	Advanced adenoma	shannon	metaphlan	final_result_cat_neg	Negative	all
final_result_cat_negCancer	0.07641597204395333	0.051688413624992526	1.4783965435341677	0.13960918882117054	-0.025011341389407235	0.17784328547731387	final_result_cat_neg	Cancer	shannon	metaphlan	final_result_cat_neg	Negative	all
kjonnMale	1.665917125963533	9.604822316513745	0.17344590780188526	0.8623350884456095	-17.1813790017468	20.513213253673865	kjonn	Male	invsimpson	ko_hum	kjonn	Female	all
kjonnMale	48.564968634118294	32.86674383182561	1.4776324932770413	0.13981246491712115	-15.928598590647958	113.05853585888454	kjonn	Male	observed	ko_hum	kjonn	Female	all
kjonnMale	0.005753495699861424	0.0114602699221307	0.5020384108711927	0.6157480116231233	-0.01673469760638276	0.028241689006105606	kjonn	Male	shannon	ko_hum	kjonn	Female	all
kjonnMale	1.2338610917874338	0.826779155498657	1.4923708266970672	0.1359087730388927	-0.3885064088700325	2.8562285924449	kjonn	Male	invsimpson	mags	kjonn	Female	all
kjonnMale	4.749643386868119	3.041575674902555	1.5615733075654237	0.11869631823813906	-1.2187624358161946	10.718049209552433	kjonn	Male	observed	mags	kjonn	Female	all
kjonnMale	0.050555490016222775	0.0243238619946529	2.0784318718522723	0.0379172052320871	0.002825400392953051	0.0982855796394925	kjonn	Male	shannon	mags	kjonn	Female	all
kjonnMale	0.8211100328615799	0.7898588988861766	1.0395654641854035	0.2987862671848058	-0.7288097965578568	2.3710298622810164	kjonn	Male	invsimpson	metaphlan	kjonn	Female	all
kjonnMale	3.088097732015928	3.98170640819172	0.7755714297926799	0.43818045055478705	-4.725102480940227	10.901297944972082	kjonn	Male	observed	metaphlan	kjonn	Female	all
kjonnMale	0.036153804710557326	0.024489664580585296	1.4762882762885623	0.14017275959378578	-0.011901635068376937	0.08420924448949159	kjonn	Male	shannon	metaphlan	kjonn	Female	all
kjonnMale	20.923630029800158	15.287680305318338	1.3686595750253336	0.1717977852294461	-9.121573465218834	50.968833524819146	kjonn	Male	invsimpson	ko_hum	kjonn	Female	negative
kjonnMale	78.68677150611181	51.67697496376888	1.5226659757325136	0.12855416992442542	-22.87508730992434	180.24863032214796	kjonn	Male	observed	ko_hum	kjonn	Female	negative
kjonnMale	0.0215890748595456	0.018365756144925298	1.1755069973261596	0.24042189508342057	-0.014505536598427703	0.057683686317518905	kjonn	Male	shannon	ko_hum	kjonn	Female	negative
kjonnMale	2.0733144527201675	1.276768483133477	1.6238765916525348	0.10511183720293231	-0.4359458225896806	4.582574728030016	kjonn	Male	invsimpson	mags	kjonn	Female	negative
kjonnMale	6.435614382465224	4.8443274988649865	1.3284845799490377	0.1847004740371175	-3.085045560252234	15.956274325182683	kjonn	Male	observed	mags	kjonn	Female	negative
kjonnMale	0.06936675960842936	0.039305764440518656	1.7647986394820525	0.07828506524469293	-0.007881695850953246	0.14661521506781197	kjonn	Male	shannon	mags	kjonn	Female	negative
kjonnMale	1.8946807733631261	1.2168104457489075	1.557087860301044	0.12016210318350366	-0.49674269489662626	4.286104241622878	kjonn	Male	invsimpson	metaphlan	kjonn	Female	negative
kjonnMale	5.057577201017952	6.405883284697242	0.7895206603435619	0.4302291741585734	-7.532041564565044	17.647195966600947	kjonn	Male	observed	metaphlan	kjonn	Female	negative
kjonnMale	0.05984869021050219	0.03975804038456452	1.5053229392497314	0.1329521124998466	-0.01828863278819131	0.13798601320919568	kjonn	Male	shannon	metaphlan	kjonn	Female	negative
kjonnMale	-13.518225657753389	12.353018937087532	-1.0943256645683228	0.2742679950603666	-37.780502595362094	10.744051279855318	kjonn	Male	invsimpson	ko_hum	kjonn	Female	positive
kjonnMale	42.537333178957276	42.511485419249745	1.0006080182673605	0.31743505970044655	-40.958485739792856	126.03315209770741	kjonn	Male	observed	ko_hum	kjonn	Female	positive
kjonnMale	-0.004771642257002503	0.014689151547947893	-0.3248412436502578	0.7454187649327656	-0.03362226287451141	0.0240789783605064	kjonn	Male	shannon	ko_hum	kjonn	Female	positive
kjonnMale	0.48260684673881604	1.096459233505386	0.44015028739000117	0.6599928059626199	-1.670923210131471	2.636136903609103	kjonn	Male	invsimpson	mags	kjonn	Female	positive
kjonnMale	3.1168948404514074	3.923003107669677	0.7945175557872269	0.42722028854037786	-4.588184242655876	10.82197392355869	kjonn	Male	observed	mags	kjonn	Female	positive
kjonnMale	0.030758064169257412	0.030871310287246195	0.996331671155676	0.31950593630981783	-0.029875557735689586	0.0913916860742044	kjonn	Male	shannon	mags	kjonn	Female	positive
kjonnMale	-0.15499546057945016	1.0486547765390344	-0.14780408581267804	0.882548929534327	-2.2146338963264656	1.9046429751675653	kjonn	Male	invsimpson	metaphlan	kjonn	Female	positive
kjonnMale	1.2833977977207174	5.081278797245829	0.2525737809183682	0.8006873868497146	-8.696623604646215	11.263419200087649	kjonn	Male	observed	metaphlan	kjonn	Female	positive
kjonnMale	0.011596089393246523	0.030926588549797854	0.37495533574854373	0.7078312236918791	-0.04914610326039671	0.07233828204688975	kjonn	Male	shannon	metaphlan	kjonn	Female	positive
age_invitationmid	21.249036981645865	11.668070182285133	1.821126942988986	0.06887812652551768	-1.6469174376604698	44.1449914009522	age_invitation	mid	invsimpson	ko_hum	age_invitation	low	all
age_invitationhigh	41.742507785503705	11.703509609885849	3.5666658273381673	3.7820711620419593e-4	18.777011487693397	64.70800408331401	age_invitation	high	invsimpson	ko_hum	age_invitation	low	all
age_invitationmid	-19.77553811010224	39.92697220786525	-0.49529270607217846	0.620499369480633	-98.12321013217425	58.572133911969765	age_invitation	mid	observed	ko_hum	age_invitation	low	all
age_invitationhigh	89.40361394523075	40.0482423938318	2.232397943111746	0.02580342861424446	10.817976552113365	167.98925133834814	age_invitation	high	observed	ko_hum	age_invitation	low	all
age_invitationmid	0.023818183949300277	0.013922093439401421	1.710819141745707	0.08741619524528887	-0.0035007824118903318	0.05113715031049089	age_invitation	mid	shannon	ko_hum	age_invitation	low	all
age_invitationhigh	0.05584738565401146	0.013964379011461586	3.9992745547921205	6.808482613485617e-5	0.028445443400890266	0.08324932790713266	age_invitation	high	shannon	ko_hum	age_invitation	low	all
age_invitationmid	-1.0817562701531434	1.004382683375896	-1.0770359625448558	0.2817168790332085	-3.052630611741256	0.8891180714349693	age_invitation	mid	invsimpson	mags	age_invitation	low	all
age_invitationhigh	0.2785021966130081	1.0074332947310585	0.2764472824846992	0.7822601137148976	-1.6983582812810776	2.2553626745070936	age_invitation	high	invsimpson	mags	age_invitation	low	all
age_invitationmid	0.9148372106118577	3.694947940731486	0.2475913667218673	0.8045000329669906	-6.335664227161423	8.16533864838514	age_invitation	mid	observed	mags	age_invitation	low	all
age_invitationhigh	10.80716950977058	3.706170605489946	2.9159935308325884	0.003622582694333265	3.5346461252007346	18.079692894340425	age_invitation	high	observed	mags	age_invitation	low	all
age_invitationmid	-0.009620470666387158	0.02954896191779249	-0.3255772806216359	0.7448104592207498	-0.067603639659899	0.04836269832712469	age_invitation	mid	shannon	mags	age_invitation	low	all
age_invitationhigh	0.04577674096703313	0.0296387109748518	1.5444916280561025	0.12277704450806051	-0.01238254029590314	0.1039360222299694	age_invitation	high	shannon	mags	age_invitation	low	all
age_invitationmid	-0.5906265696433846	0.9595314481206911	-0.6155364379147423	0.5383367585944699	-2.473490484313441	1.292237345026672	age_invitation	mid	invsimpson	metaphlan	age_invitation	low	all
age_invitationhigh	1.194853690375176	0.9624458328265623	1.2414762988438175	0.21471304026187288	-0.6937290465459891	3.0834364272963413	age_invitation	high	invsimpson	metaphlan	age_invitation	low	all
age_invitationmid	2.8509250760332967	4.837031678988786	0.5893955767164424	0.5557254463397061	-6.6406579464111655	12.34250809847776	age_invitation	mid	observed	metaphlan	age_invitation	low	all
age_invitationhigh	18.335089488617076	4.851723194493222	3.779088120572846	1.6645178785637687e-4	8.814677682656141	27.855501294578012	age_invitation	high	observed	metaphlan	age_invitation	low	all
age_invitationmid	-0.0021788657402314307	0.02975038117837968	-0.07323824616455217	0.9416307792816363	-0.06055727457525335	0.056199543094790486	age_invitation	mid	shannon	metaphlan	age_invitation	low	all
age_invitationhigh	0.06708244233505986	0.029840742006125263	2.2480152243295484	0.02478649544484888	0.008526720768709431	0.1256381639014103	age_invitation	high	shannon	metaphlan	age_invitation	low	all
age_invitationmid	21.756460646663154	18.069486967898413	1.2040441815152185	0.22921399236624815	-13.755886691751218	57.26880798507753	age_invitation	mid	invsimpson	ko_hum	age_invitation	low	negative
age_invitationhigh	46.42562022771624	18.977811252993117	2.4463105681059054	0.014819667771596027	9.128123838556476	83.723116616876	age_invitation	high	invsimpson	ko_hum	age_invitation	low	negative
age_invitationmid	-7.997977617181951	61.08032134367621	-0.130941970199867	0.8958805208909737	-128.04043321938846	112.04447798502457	age_invitation	mid	observed	ko_hum	age_invitation	low	negative
age_invitationhigh	75.70502662813031	64.15073166115864	1.1801116630750363	0.23858767355389285	-50.371771723242176	201.7818249795028	age_invitation	high	observed	ko_hum	age_invitation	low	negative
age_invitationmid	0.03185090916478244	0.021707661639214105	1.4672657835814489	0.14301173240207432	-0.01081162029197965	0.07451343862154453	age_invitation	mid	shannon	ko_hum	age_invitation	low	negative
age_invitationhigh	0.06266855651030828	0.022798871161351975	2.7487569918173103	0.0062260820022001515	0.0178614497538149	0.10747566326680166	age_invitation	high	shannon	ko_hum	age_invitation	low	negative
age_invitationmid	-0.4967574918670603	1.50909431687801	-0.32917590790133266	0.7421779497628457	-3.462612673179497	2.469097689445376	age_invitation	mid	invsimpson	mags	age_invitation	low	negative
age_invitationhigh	1.0204808421723641	1.584954080852157	0.643855146657434	0.520001807213806	-2.094463147917324	4.135424832262052	age_invitation	high	invsimpson	mags	age_invitation	low	negative
age_invitationmid	-0.26413121589373867	5.725820455476226	-0.04612984601029905	0.9632274980596203	-11.517208028396018	10.98894559660854	age_invitation	mid	observed	mags	age_invitation	low	negative
age_invitationhigh	3.579465460112239	6.013648315837774	0.5952236100480339	0.5519972525149147	-8.239285572637186	15.398216492861664	age_invitation	high	observed	mags	age_invitation	low	negative
age_invitationmid	0.0090901711964504	0.04645799651332043	0.19566429632504853	0.8449624445041046	-0.08221471818745467	0.10039506058035548	age_invitation	mid	shannon	mags	age_invitation	low	negative
age_invitationhigh	0.0334603613032331	0.04879336588738529	0.6857563665613755	0.4932246564263879	-0.06243427921874385	0.12935500182521004	age_invitation	high	shannon	mags	age_invitation	low	negative
age_invitationmid	0.10875500588724553	1.4382260783026428	0.07561746204435076	0.9397575024421742	-2.7178213177563966	2.935331329530888	age_invitation	mid	invsimpson	metaphlan	age_invitation	low	negative
age_invitationhigh	1.9579290200050528	1.5105234089739379	1.2961924379146343	0.19558252739891274	-1.0107347864210539	4.926592826431159	age_invitation	high	invsimpson	metaphlan	age_invitation	low	negative
age_invitationmid	1.08170599909896	7.571523096963714	0.14286504647033818	0.8864615741486634	-13.798769499618256	15.962181497816175	age_invitation	mid	observed	metaphlan	age_invitation	low	negative
age_invitationhigh	7.855592981296806	7.952131484813671	0.9878600468690406	0.32375921761515836	-7.772900283129759	23.484086245723372	age_invitation	high	observed	metaphlan	age_invitation	low	negative
age_invitationmid	0.019225487529121826	0.04699257037368482	0.40911759829779026	0.6826506363145174	-0.0731300112407068	0.11158098629895045	age_invitation	mid	shannon	metaphlan	age_invitation	low	negative
age_invitationhigh	0.05952587287645168	0.049354811922948036	1.2060804318205598	0.2284287632523748	-0.03747218948932757	0.15652393524223093	age_invitation	high	shannon	metaphlan	age_invitation	low	negative
age_invitationmid	22.768017917988768	15.354426787779666	1.4828308625698392	0.1386643738857723	-7.389254311627031	52.92529014760457	age_invitation	mid	invsimpson	ko_hum	age_invitation	low	positive
age_invitationhigh	40.15542697979451	15.035799807728974	2.6706545373896966	0.007783490646570507	10.623962584616184	69.68689137497284	age_invitation	high	invsimpson	ko_hum	age_invitation	low	positive
age_invitationmid	-6.229035753603105	52.84048327246629	-0.11788377713132846	0.9062007007346167	-110.01179891480986	97.55372740760366	age_invitation	mid	observed	ko_hum	age_invitation	low	positive
age_invitationhigh	128.51791819998652	51.74396538598128	2.483727662565367	0.013283814603478425	26.888800294601992	230.14703610537106	age_invitation	high	observed	ko_hum	age_invitation	low	positive
age_invitationmid	0.020010979112945828	0.018258168563185462	1.0960014441587869	0.27353458630968774	-0.015849464743702985	0.055871422969594645	age_invitation	mid	shannon	ko_hum	age_invitation	low	positive
age_invitationhigh	0.05398467456468382	0.0178792846627344	3.0193979000291598	0.0026445363097165465	0.018868387757154888	0.08910096137221274	age_invitation	high	shannon	ko_hum	age_invitation	low	positive
age_invitationmid	-1.7932676853367782	1.3628654754262655	-1.3158068185533096	0.18876052691332626	-4.47004004049143	0.8835046698178735	age_invitation	mid	invsimpson	mags	age_invitation	low	positive
age_invitationhigh	-0.547053446755138	1.3345840086771434	-0.409905590954431	0.6820270814681759	-3.168278831411034	2.0741719379007577	age_invitation	high	invsimpson	mags	age_invitation	low	positive
age_invitationmid	2.136496386918766	4.876173533912502	0.4381501954473106	0.6614411081334364	-7.440682542227801	11.713675316065334	age_invitation	mid	observed	mags	age_invitation	low	positive
age_invitationhigh	15.391475027660142	4.7749857482147515	3.2233551761729617	0.0013383666946735454	6.013036672927445	24.76991338239284	age_invitation	high	observed	mags	age_invitation	low	positive
age_invitationmid	-0.033539274074428915	0.03837209965130261	-0.8740536582363004	0.3824520420698124	-0.10890502176403155	0.04182647361517372	age_invitation	mid	shannon	mags	age_invitation	low	positive
age_invitationhigh	0.03972675782699198	0.037575822043607765	1.0572425476384255	0.2908425688706546	-0.03407503954929043	0.1135285552032744	age_invitation	high	shannon	mags	age_invitation	low	positive
age_invitationmid	-1.4339760738297893	1.3034459895210277	-1.1001423038301166	0.2717280980603251	-3.994043999899909	1.1260918522403305	age_invitation	mid	invsimpson	metaphlan	age_invitation	low	positive
age_invitationhigh	0.2876760238718575	1.276397564656948	0.22538120710781434	0.8217623938498182	-2.2192667205628545	2.7946187683065697	age_invitation	high	invsimpson	metaphlan	age_invitation	low	positive
age_invitationmid	4.929377667987318	6.315874983917331	0.7804742304968713	0.4354312940784727	-7.475485365376247	17.334240701350883	age_invitation	mid	observed	metaphlan	age_invitation	low	positive
age_invitationhigh	25.29883679312844	6.184811271782865	4.090478380245816	4.91613319544255e-5	13.151392945833665	37.44628064042322	age_invitation	high	observed	metaphlan	age_invitation	low	positive
age_invitationmid	-0.0292400829952739	0.038440808850214045	-0.7606521264734284	0.4471750582556948	-0.10474078082302823	0.046260614832480444	age_invitation	mid	shannon	metaphlan	age_invitation	low	positive
age_invitationhigh	0.05647320568995824	0.037643105425401224	1.5002270681911019	0.1341016091359264	-0.017460741410264977	0.13040715279018145	age_invitation	high	shannon	metaphlan	age_invitation	low	positive
senterBærum	-24.988116662182033	9.59861402822339	-2.6033046634345283	0.009365996360667626	-43.823230425242755	-6.153002899121315	senter	Bærum	invsimpson	ko_hum	senter	Moss	all
senterBærum	-127.835171997517	32.84549968860784	-3.89201483337017	1.0581799756730583e-4	-192.28705238571195	-63.38329160932204	senter	Bærum	observed	ko_hum	senter	Moss	all
senterBærum	-0.03850220698294894	0.011452862324445154	-3.3617977665521463	8.02885418488518e-4	-0.060975864550522105	-0.01602854941537578	senter	Bærum	shannon	ko_hum	senter	Moss	all
senterBærum	2.408254787224394	0.8262447485954738	2.914699054146081	0.0036375154930496844	0.7869359395065734	4.029573634942214	senter	Bærum	invsimpson	mags	senter	Moss	all
senterBærum	11.240742402242434	3.039609685525088	3.6980874405592026	2.2871991317028963e-4	5.276194390016244	17.205290414468625	senter	Bærum	observed	mags	senter	Moss	all
senterBærum	0.07624101408580254	0.02430813973112513	3.1364396835427293	0.0017587166407254074	0.02854177585642028	0.1239402523151848	senter	Bærum	shannon	mags	senter	Moss	all
senterBærum	2.326272946919507	0.789348356203408	2.9470802449103313	0.0032803306141243726	0.7773549422929591	3.875190951546055	senter	Bærum	invsimpson	metaphlan	senter	Moss	all
senterBærum	11.473122985315491	3.9791327446240854	2.8833225030795937	0.004017056409728505	3.6649730062724517	19.281272964358532	senter	Bærum	observed	metaphlan	senter	Moss	all
senterBærum	0.07699076504905619	0.02447383514690707	3.1458398157424075	0.0017036884316876488	0.028966386961242915	0.12501514313686946	senter	Bærum	shannon	metaphlan	senter	Moss	all
senterBærum	-36.108454691044486	15.916406200708646	-2.2686311366844123	0.023770053225010638	-67.38930657040457	-4.827602811684397	senter	Bærum	invsimpson	ko_hum	senter	Moss	negative
senterBærum	-158.24047980705643	53.80225830998426	-2.9411494011152173	0.003440930879065843	-263.9792032190511	-52.501756395061776	senter	Bærum	observed	ko_hum	senter	Moss	negative
senterBærum	-0.04445497931774618	0.01912107194471483	-2.324920875057624	0.020526195240609547	-0.08203402899358206	-0.0068759296419103055	senter	Bærum	shannon	ko_hum	senter	Moss	negative
senterBærum	3.209381405990771	1.3292772609030485	2.4143807318350334	0.016165435672595846	0.5969245121061166	5.8218382998754254	senter	Bærum	invsimpson	mags	senter	Moss	negative
senterBærum	12.108468793488216	5.043556818386287	2.400779693677048	0.01677067981679156	2.1962592286145917	22.02067835836184	senter	Bærum	observed	mags	senter	Moss	negative
senterBærum	0.08932531437975054	0.0409222655347539	2.1828047204251084	0.029573348317256963	0.00889991491341334	0.16975071384608775	senter	Bærum	shannon	mags	senter	Moss	negative
senterBærum	2.599304719210687	1.2668533706233644	2.051780245042629	0.04077701341956878	0.10953082555539906	5.0890786128659755	senter	Bærum	invsimpson	metaphlan	senter	Moss	negative
senterBærum	14.355553234623663	6.669333633180521	2.152471899621804	0.031898460721889683	1.2481698917515853	27.46293657749574	senter	Bærum	observed	metaphlan	senter	Moss	negative
senterBærum	0.07669872614110108	0.04139314191995268	1.8529331812845573	0.06455524406235731	-0.004652096707446332	0.15804954898964851	senter	Bærum	shannon	metaphlan	senter	Moss	negative
senterBærum	-13.888448499915132	12.135957523093067	-1.144404837730135	0.2529294681928214	-37.72440016710826	9.947503167277993	senter	Bærum	invsimpson	ko_hum	senter	Moss	positive
senterBærum	-75.461784279157	41.7644936771418	-1.8068406350741448	0.07130702953809737	-157.4904541058972	6.566885547583183	senter	Bærum	observed	ko_hum	senter	Moss	positive
senterBærum	-0.029369863126271933	0.014431040715153502	-2.0351867689924625	0.0422877915711758	-0.05771353426545915	-0.0010261919870847118	senter	Bærum	shannon	ko_hum	senter	Moss	positive
senterBærum	1.6526519466640908	1.0771927697507309	1.534221165489743	0.12552241715203125	-0.4630372972353345	3.768341190563516	senter	Bærum	invsimpson	mags	senter	Moss	positive
senterBærum	10.112626815425378	3.854069950034915	2.6238825310717995	0.008923036287774714	2.5429377425849085	17.682315888265848	senter	Bærum	observed	mags	senter	Moss	positive
senterBærum	0.055547053287976496	0.03032885420449114	1.8314919816440347	0.06754165557125627	-0.004021143252262327	0.11511524982821532	senter	Bærum	shannon	mags	senter	Moss	positive
senterBærum	1.9098634448171683	1.0302283101224552	1.853825434665213	0.0642734071293137	-0.11358399717702805	3.9333108868113644	senter	Bærum	invsimpson	metaphlan	senter	Moss	positive
senterBærum	8.982772956226093	4.991992966288436	1.7994362205411552	0.07247113624492688	-0.8218842239757649	18.78743013642795	senter	Bærum	observed	metaphlan	senter	Moss	positive
senterBærum	0.06533254187594692	0.030383161143523123	2.1502878376391084	0.03194655879806096	0.005657682340926153	0.1250074014109677	senter	Bærum	shannon	metaphlan	senter	Moss	positive
fobt_verdimid	22.685054007648134	11.661430888594595	1.9453062170813995	0.05201099924374615	-0.19792487516007995	45.56803289045635	fobt_verdi	mid	invsimpson	ko_hum	fobt_verdi	low	all
fobt_verdihigh	7.900738457757085	11.633391284197291	0.6791431891824516	0.49720031149814403	-14.927218903126803	30.728695818640976	fobt_verdi	high	invsimpson	ko_hum	fobt_verdi	low	all
fobt_verdimid	67.55323234321547	39.92379033902649	1.692054581229992	0.09093920398273568	-10.788375987467475	145.89484067389841	fobt_verdi	mid	observed	ko_hum	fobt_verdi	low	all
fobt_verdihigh	37.97424246979939	39.82779463336723	0.9534608385769129	0.34058119976038537	-40.17899552053454	116.12748046013333	fobt_verdi	high	observed	ko_hum	fobt_verdi	low	all
fobt_verdimid	0.024099745689793065	0.013919936991807037	1.7313114063646722	0.08369684817267593	-0.003215051891786537	0.05141454327137267	fobt_verdi	mid	shannon	ko_hum	fobt_verdi	low	all
fobt_verdihigh	0.009497775309275912	0.013886466868782305	0.6839590947807997	0.4941554395915081	-0.017751344558676885	0.036746895177228706	fobt_verdi	high	shannon	ko_hum	fobt_verdi	low	all
fobt_verdimid	1.9128392009665214	1.0036664806259223	1.9058514336093066	0.05694873346094381	-0.05663427968567403	3.882312681618717	fobt_verdi	mid	invsimpson	mags	fobt_verdi	low	all
fobt_verdihigh	1.59036907322089	1.001253190924818	1.5883785316598382	0.11250886196367717	-0.374368860156187	3.555107006597967	fobt_verdi	high	invsimpson	mags	fobt_verdi	low	all
fobt_verdimid	7.752469496010805	3.6904726379160584	2.100671175925174	0.035913395591672684	0.5107331904250456	14.994205801596564	fobt_verdi	mid	observed	mags	fobt_verdi	low	all
fobt_verdihigh	6.684886604264971	3.681598993352641	1.8157563103246592	0.06969955377697333	-0.5394371365079396	13.90921034503788	fobt_verdi	high	observed	mags	fobt_verdi	low	all
fobt_verdimid	0.061792686917909435	0.02952424887693563	2.0929469594798715	0.03659902932158343	0.0038578785709798905	0.11972749526483897	fobt_verdi	mid	shannon	mags	fobt_verdi	low	all
fobt_verdihigh	0.03671170789805619	0.029453258595678936	1.2464396012005996	0.21288755064352038	-0.021083797723298714	0.09450721351941109	fobt_verdi	high	shannon	mags	fobt_verdi	low	all
fobt_verdimid	2.06953710499835	0.9582761691595034	2.1596458010779136	0.03103122351702544	0.1891320713225897	3.9499421386741105	fobt_verdi	mid	invsimpson	metaphlan	fobt_verdi	low	all
fobt_verdihigh	1.7396472263508	0.9559720192705841	1.8197679338754786	0.06908565180506408	-0.13623642279207804	3.615530875493678	fobt_verdi	high	invsimpson	metaphlan	fobt_verdi	low	all
fobt_verdimid	10.102359263403569	4.828029616588387	2.09243937292625	0.03664447329522025	0.6284189881995346	19.576299538607604	fobt_verdi	mid	observed	metaphlan	fobt_verdi	low	all
fobt_verdihigh	11.159353654109188	4.816420746136648	2.31693912186977	0.02070321037034243	1.708193219555774	20.6105140886626	fobt_verdi	high	observed	metaphlan	fobt_verdi	low	all
fobt_verdimid	0.06450008199979729	0.029718347595776285	2.170379150184122	0.03020694197830601	0.006184397847244713	0.12281576615234986	fobt_verdi	mid	shannon	metaphlan	fobt_verdi	low	all
fobt_verdihigh	0.04402863314065109	0.029646890609246256	1.485101210813638	0.13782418391400086	-0.014146832480452232	0.10220409876175442	fobt_verdi	high	shannon	metaphlan	fobt_verdi	low	all
fobt_verdimid	38.19126291059849	18.054099570792836	2.115378989732765	0.03495649724400893	2.708717918873184	73.6738079023238	fobt_verdi	mid	invsimpson	ko_hum	fobt_verdi	low	negative
fobt_verdihigh	-5.4688510993432145	18.76380605051741	-0.2914574518953958	0.7708382105296117	-42.34621459193049	31.408512393244063	fobt_verdi	high	invsimpson	ko_hum	fobt_verdi	low	negative
fobt_verdimid	139.79719378805106	61.03247665218293	2.290537783428636	0.022460200524290555	19.84728488919349	259.74710268690865	fobt_verdi	mid	observed	ko_hum	fobt_verdi	low	negative
fobt_verdihigh	6.971511712139781	63.43166271980417	0.10990586425165845	0.9125339139700659	-117.69362694681116	131.63665037109072	fobt_verdi	high	observed	ko_hum	fobt_verdi	low	negative
fobt_verdimid	0.038464666670192535	0.021697862484173623	1.7727399045988326	0.07696049714857593	-0.004179131698154974	0.08110846503854005	fobt_verdi	mid	shannon	ko_hum	fobt_verdi	low	negative
fobt_verdihigh	-0.01652151785180707	0.022550805248824305	-0.7326353835044727	0.4641691754408076	-0.060841643522073593	0.027798607818459456	fobt_verdi	high	shannon	ko_hum	fobt_verdi	low	negative
fobt_verdimid	-0.07854104919635375	1.5171152632262623	-0.05176999473944397	0.9587353522002071	-3.0601968428834962	2.903114744490789	fobt_verdi	mid	invsimpson	mags	fobt_verdi	low	negative
fobt_verdihigh	-1.2827332661693152	1.576753049568295	-0.8135283242486954	0.4163532323710387	-4.38159792030339	1.81613138796476	fobt_verdi	high	invsimpson	mags	fobt_verdi	low	negative
fobt_verdimid	4.161778819103051	5.756997209220066	0.7229079097759145	0.47011880752177193	-7.152710263689653	15.476267901895756	fobt_verdi	mid	observed	mags	fobt_verdi	low	negative
fobt_verdihigh	3.8459763850123707	5.983304713901694	0.6427846430880539	0.5206971402245459	-7.913285154326516	15.605237924351258	fobt_verdi	high	observed	mags	fobt_verdi	low	negative
fobt_verdimid	0.0026949670571817562	0.046717483064739336	0.05768647796044945	0.9540244340358544	-0.08912103230877184	0.09451096642313535	fobt_verdi	mid	shannon	mags	fobt_verdi	low	negative
fobt_verdihigh	-0.030694340136586517	0.04855394687272156	-0.6321698258032061	0.5276027658329812	-0.1261196255506697	0.06473094527749665	fobt_verdi	high	shannon	mags	fobt_verdi	low	negative
fobt_verdimid	0.17332720321672335	1.446349549041022	0.11983769990570056	0.904666167309118	-2.669249506099385	3.0159039125328317	fobt_verdi	mid	invsimpson	metaphlan	fobt_verdi	low	negative
fobt_verdihigh	-0.8461453336959811	1.5032055358420324	-0.5628939712638872	0.5737924869250757	-3.800463705995905	2.108173038603943	fobt_verdi	high	invsimpson	metaphlan	fobt_verdi	low	negative
fobt_verdimid	5.9674499766585765	7.605722949369227	0.784599967206731	0.4331084500809891	-8.980424088585655	20.915324041902807	fobt_verdi	mid	observed	metaphlan	fobt_verdi	low	negative
fobt_verdihigh	9.287985986757045	7.904703845037356	1.1749948092727251	0.2406293821879038	-6.247488863594903	24.823460837108993	fobt_verdi	high	observed	metaphlan	fobt_verdi	low	negative
fobt_verdimid	0.0014062710135120712	0.047271154819697334	0.02974903022521664	0.9762806363716523	-0.09149788469493378	0.09431042672195791	fobt_verdi	mid	shannon	metaphlan	fobt_verdi	low	negative
fobt_verdihigh	-0.02067987281492079	0.04912938345901846	-0.42092677251223837	0.6740131475798099	-0.11723608998680791	0.07587634435696634	fobt_verdi	high	shannon	metaphlan	fobt_verdi	low	negative
fobt_verdimid	10.450167790470914	15.349484959858358	0.6808155334071447	0.49626180515547913	-19.69761795904829	40.597953539990115	fobt_verdi	mid	invsimpson	ko_hum	fobt_verdi	low	positive
fobt_verdihigh	17.3824540250336	14.987511233676022	1.1597958963310924	0.2466124366301573	-12.054382375211748	46.81929042527895	fobt_verdi	high	invsimpson	ko_hum	fobt_verdi	low	positive
fobt_verdimid	27.654951047118832	52.76754339059837	0.5240901749473168	0.6004174253908598	-75.98530768654604	131.2952097807837	fobt_verdi	mid	observed	ko_hum	fobt_verdi	low	positive
fobt_verdihigh	80.13856973845118	51.523171716074174	1.5553889069575582	0.12040272457103768	-21.05762974928885	181.3347692261912	fobt_verdi	high	observed	ko_hum	fobt_verdi	low	positive
fobt_verdimid	0.015947192084930173	0.018227695476259638	0.8748880024740555	0.38199949988342075	-0.019853661126943777	0.05174804529680412	fobt_verdi	mid	shannon	ko_hum	fobt_verdi	low	positive
fobt_verdihigh	0.03032156379557866	0.01779784738243021	1.7036646704540062	0.08898312812238324	-0.004635028630249442	0.06527815622140676	fobt_verdi	high	shannon	ko_hum	fobt_verdi	low	positive
fobt_verdimid	3.7018071827559025	1.352248151199713	2.7375206092695805	0.006381704429213249	1.0458687164708036	6.357745649041002	fobt_verdi	mid	invsimpson	mags	fobt_verdi	low	positive
fobt_verdihigh	3.753545774689836	1.3203592439632157	2.8428215971155857	0.00463016777075326	1.1602400251158453	6.346851524263827	fobt_verdi	high	invsimpson	mags	fobt_verdi	low	positive
fobt_verdimid	10.980515806217682	4.85561436724349	2.261406070525998	0.024106210990582085	1.4436471745489605	20.517384437886403	fobt_verdi	mid	observed	mags	fobt_verdi	low	positive
fobt_verdihigh	9.327683171582622	4.741108582195193	1.9674055149489504	0.04961591699909159	0.015714325394938555	18.639652017770306	fobt_verdi	high	observed	mags	fobt_verdi	low	positive
fobt_verdimid	0.1101116971960789	0.03810913968546798	2.889377669107219	0.004005329835332523	0.035261877717406964	0.18496151667475083	fobt_verdi	mid	shannon	mags	fobt_verdi	low	positive
fobt_verdihigh	0.08335922173450197	0.037210444561193316	2.2402103150747386	0.025457796489074005	0.010274521289571209	0.15644392217943273	fobt_verdi	high	shannon	mags	fobt_verdi	low	positive
fobt_verdimid	3.669545830115204	1.2928173223868067	2.8384101655912746	0.004693743269765292	1.1303349217027954	6.208756738527613	fobt_verdi	mid	invsimpson	metaphlan	fobt_verdi	low	positive
fobt_verdihigh	3.6141827367539174	1.262329921364477	2.8631047047092704	0.0043478004388616265	1.1348518592666217	6.093513614241213	fobt_verdi	high	invsimpson	metaphlan	fobt_verdi	low	positive
fobt_verdimid	14.095502783894968	6.285989727061648	2.2423680909328874	0.025317259954742447	1.7492467361687911	26.441758831621144	fobt_verdi	mid	observed	metaphlan	fobt_verdi	low	positive
fobt_verdihigh	13.716451347695854	6.137752627888688	2.234767703959119	0.025815285221562578	1.6613464570074488	25.771556238384257	fobt_verdi	high	observed	metaphlan	fobt_verdi	low	positive
fobt_verdimid	0.11416721167622347	0.03815331975383051	2.9923270743632036	0.002887162929613741	0.03923061852150468	0.18910380483094225	fobt_verdi	mid	shannon	metaphlan	fobt_verdi	low	positive
fobt_verdihigh	0.08805459911120776	0.03725358276893251	2.3636545149864236	0.01842669295097951	0.014885171299336641	0.16122402692307888	fobt_verdi	high	shannon	metaphlan	fobt_verdi	low	positive
runde3rd round	-9.135703478488292	11.549126707157349	-0.7910298077192811	0.42910941176821116	-31.798310244287002	13.526903287310418	runde	3rd round	invsimpson	ko_hum	runde	2nd round	all
runde4th round	-18.392587628517926	13.404251114297152	-1.372145856690207	0.17031795165278546	-44.69546573315216	7.910290476116312	runde	4th round	invsimpson	ko_hum	runde	2nd round	all
runde3rd round	39.50913765635306	39.50744311090504	1.000042891802521	0.3175255427360697	-38.01548132542099	117.03375663812712	runde	3rd round	observed	ko_hum	runde	2nd round	all
runde4th round	-21.21863722717906	45.85348327802057	-0.4627486443837956	0.6436426718524441	-111.19595644109918	68.75868198674107	runde	4th round	observed	ko_hum	runde	2nd round	all
runde3rd round	-0.004723087751804478	0.013778931162811666	-0.34277606121959214	0.7318371493999005	-0.03176119258117563	0.02231501707756667	runde	3rd round	shannon	ko_hum	runde	2nd round	all
runde4th round	-0.021558042035387023	0.015992226778365856	-1.3480325369416692	0.17794545667116296	-0.05293924998100383	0.009823165910229779	runde	4th round	shannon	ko_hum	runde	2nd round	all
runde3rd round	0.2145158196532754	0.9950335061540688	0.21558652882193521	0.8293529059630228	-1.7380173580101625	2.1670489973167135	runde	3rd round	invsimpson	mags	runde	2nd round	all
runde4th round	0.12915031082477382	1.1548647202357656	0.11183154923843183	0.9109788456180398	-2.1370162735436833	2.3953168951932313	runde	4th round	invsimpson	mags	runde	2nd round	all
runde3rd round	1.9807472543089955	3.6600773842167675	0.541176332186447	0.5885035288183874	-5.20134508861188	9.16283959722987	runde	3rd round	observed	mags	runde	2nd round	all
runde4th round	0.7832826951119721	4.247991869843895	0.1843889346098857	0.8537447875706177	-7.552461792903764	9.119027183127708	runde	4th round	observed	mags	runde	2nd round	all
runde3rd round	0.013806579778884375	0.029271166902414953	0.47167848910544435	0.6372565806547261	-0.04363161116886818	0.07124477072663693	runde	3rd round	shannon	mags	runde	2nd round	all
runde4th round	0.012599666675906174	0.03397296449482342	0.3708733359970994	0.7108084356474913	-0.05406476211917183	0.07926409547098417	runde	4th round	shannon	mags	runde	2nd round	all
runde3rd round	0.21642297324950593	0.950555165561763	0.22768060296805961	0.8199399154268404	-1.6488312985712934	2.0816772450703054	runde	3rd round	invsimpson	metaphlan	runde	2nd round	all
runde4th round	-0.1342069259293337	1.1032418692995973	-0.12164778156446884	0.903201790685078	-2.2990750831040883	2.0306612312454213	runde	4th round	invsimpson	metaphlan	runde	2nd round	all
runde3rd round	5.488140375470289	4.789031852536206	1.1459811804266544	0.25207014758997	-3.9092754131756173	14.885556164116196	runde	3rd round	observed	metaphlan	runde	2nd round	all
runde4th round	3.1564504937270317	5.558289139384052	0.5678816654861566	0.5702395690325497	-7.750462578618597	14.063363566072661	runde	4th round	observed	metaphlan	runde	2nd round	all
runde3rd round	0.011654837206510544	0.029471876594535935	0.3954562299121238	0.6925884262468531	-0.046177202119734855	0.06948687653275594	runde	3rd round	shannon	metaphlan	runde	2nd round	all
runde4th round	0.0075413849053454565	0.03420591397944511	0.2204702061133989	0.8255488353186513	-0.05958015573031917	0.07466292554101009	runde	4th round	shannon	metaphlan	runde	2nd round	all
runde3rd round	-5.740061382829533	18.298181295617486	-0.3136957323843058	0.7539001307329797	-41.70231131629335	30.222188550634282	runde	3rd round	invsimpson	ko_hum	runde	2nd round	negative
runde4th round	-23.005637545160422	21.635732154121023	-1.0633168030220077	0.28821888502152304	-65.52732834326895	19.5160532529481	runde	4th round	invsimpson	ko_hum	runde	2nd round	negative
runde3rd round	72.95789388530149	61.73314355995219	1.18182696810909	0.2379097996109142	-48.36906763153078	194.28485540213376	runde	3rd round	observed	ko_hum	runde	2nd round	negative
runde4th round	-29.493859645281745	72.99314273462359	-0.40406343034866504	0.6863615066578271	-172.95061089521244	113.96289160464893	runde	4th round	observed	ko_hum	runde	2nd round	negative
runde3rd round	0.004649931061906472	0.021972929405215905	0.21162089843162546	0.8325003457887603	-0.038534468866953504	0.04783433099076644	runde	3rd round	shannon	ko_hum	runde	2nd round	negative
runde4th round	-0.024286540740928588	0.025980746806051266	-0.9347899397284425	0.3504069738468316	-0.07534768692822937	0.026774605446372193	runde	4th round	shannon	ko_hum	runde	2nd round	negative
runde3rd round	0.06440792565264965	1.5302965485760278	0.04208852572567228	0.9664471328366186	-2.9431536490809465	3.071969500386246	runde	3rd round	invsimpson	mags	runde	2nd round	negative
runde4th round	-0.12619186123306864	1.8094195104131248	-0.06974162735995736	0.9444308497211868	-3.6823265183723186	3.429942795906181	runde	4th round	invsimpson	mags	runde	2nd round	negative
runde3rd round	5.895982945387696	5.799575949509537	1.0166231111925197	0.3098889052751966	-5.502188076905122	17.294153967680515	runde	3rd round	observed	mags	runde	2nd round	negative
runde4th round	3.6321203876347408	6.857406745725223	0.5296638397450955	0.5966109590987617	-9.845053726071036	17.109294501340518	runde	4th round	observed	mags	runde	2nd round	negative
runde3rd round	0.027701825694916526	0.04708391889427564	0.5883500427634212	0.5565978706303922	-0.06483434671301677	0.12023799810284982	runde	3rd round	shannon	mags	runde	2nd round	negative
runde4th round	0.037157191310496454	0.05567192943961534	0.6674313551643485	0.5048449486988582	-0.07225738975855873	0.14657177237955166	runde	4th round	shannon	mags	runde	2nd round	negative
runde3rd round	-0.17454199616320254	1.4582321426258242	-0.1196942455601798	0.9047797432638092	-3.040472108391368	2.691388116064963	runde	3rd round	invsimpson	metaphlan	runde	2nd round	negative
runde4th round	-0.615801034893886	1.7242107041500738	-0.35714952552590534	0.7211503256093983	-4.004470940325935	2.7728688705381623	runde	4th round	invsimpson	metaphlan	runde	2nd round	negative
runde3rd round	9.022463640677168	7.666018721634449	1.1769425523596315	0.23985184145986682	-6.043912454747105	24.08883973610144	runde	3rd round	observed	metaphlan	runde	2nd round	negative
runde4th round	5.789212039878409	9.064284863626558	0.6386838153233177	0.5233594454414041	-12.02524025281602	23.60366433257284	runde	4th round	observed	metaphlan	runde	2nd round	negative
runde3rd round	0.02214747235623272	0.047637061555683084	0.46492104325839834	0.6422169501658981	-0.07147581654251597	0.11577076125498142	runde	3rd round	shannon	metaphlan	runde	2nd round	negative
runde4th round	0.028433967155943884	0.05632596419158795	0.504811015027247	0.6139431627571592	-0.08226601822929017	0.13913395254117794	runde	4th round	shannon	metaphlan	runde	2nd round	negative
runde3rd round	-12.861671439589134	14.84528452357639	-0.8663809318819723	0.38664203680293163	-42.01916163407213	16.29581875489386	runde	3rd round	invsimpson	ko_hum	runde	2nd round	positive
runde4th round	-15.537012961624296	16.96218099671773	-0.9159796705760178	0.36006087817938226	-48.85228053385501	17.77825461060642	runde	4th round	invsimpson	ko_hum	runde	2nd round	positive
runde3rd round	13.240625465540848	51.12211134650777	0.25899997313873335	0.7957277925751826	-87.16785494719888	113.64910587828057	runde	3rd round	observed	ko_hum	runde	2nd round	positive
runde4th round	-11.725043245736352	58.41198289037022	-0.20073010135167554	0.840980477637124	-126.45149497937896	103.00140848790625	runde	4th round	observed	ko_hum	runde	2nd round	positive
runde3rd round	-0.012156467496416924	0.017653707453508912	-0.6886070548314577	0.4913478301330835	-0.04682995598055354	0.02251702098771969	runde	3rd round	shannon	ko_hum	runde	2nd round	positive
runde4th round	-0.01935054918058368	0.02017107726119778	-0.959321553827345	0.3377992814839994	-0.058968381127252514	0.02026728276608515	runde	4th round	shannon	ko_hum	runde	2nd round	positive
runde3rd round	0.4381772055576572	1.3187034790699186	0.33227879694888157	0.7397996318078348	-2.151876471038951	3.0282308821542654	runde	3rd round	invsimpson	mags	runde	2nd round	positive
runde4th round	0.31766116612925505	1.5067469442880448	0.21082582402671046	0.8330977489757647	-2.641726994055495	3.277049326314005	runde	4th round	invsimpson	mags	runde	2nd round	positive
runde3rd round	-1.3717500872484458	4.718046407580182	-0.290745357028397	0.7713507335358595	-10.638422723105318	7.894922548608427	runde	3rd round	observed	mags	runde	2nd round	positive
runde4th round	-1.9440024325655438	5.390826763151133	-0.3606130410002647	0.7185209449166543	-12.53207693104397	8.644072065912884	runde	4th round	observed	mags	runde	2nd round	positive
runde3rd round	0.007020600790251591	0.03712708004001475	0.18909649729213668	0.8500837964401916	-0.06590036414627773	0.0799415657267809	runde	3rd round	shannon	mags	runde	2nd round	positive
runde4th round	-0.007691759666625153	0.04242129886552294	-0.18131834414142553	0.8561814921598706	-0.09101105231772588	0.07562753298447558	runde	4th round	shannon	mags	runde	2nd round	positive
runde3rd round	0.6684388652824577	1.2609878480238694	0.530091440873112	0.5962528097318816	-1.8082560579927853	3.145133788557701	runde	3rd round	invsimpson	metaphlan	runde	2nd round	positive
runde4th round	0.22621493785747013	1.4408012240434713	0.1570063476366431	0.8752948630755197	-2.6036498246217272	3.0560797003366673	runde	4th round	invsimpson	metaphlan	runde	2nd round	positive
runde3rd round	2.2226757954850496	6.110949901193443	0.3637201795830416	0.716200433042496	-9.779786100078482	14.22513769104858	runde	3rd round	observed	metaphlan	runde	2nd round	positive
runde4th round	0.48518466090538054	6.98235443862991	0.06948725751031687	0.9446258915122501	-13.22879507154301	14.19916439335377	runde	4th round	observed	metaphlan	runde	2nd round	positive
runde3rd round	0.008234759092515937	0.037190932682413906	0.22141846139851779	0.8248450908840879	-0.06481161824629429	0.08128113643132616	runde	3rd round	shannon	metaphlan	runde	2nd round	positive
runde4th round	-0.009899959612355952	0.042494256717948944	-0.23297170904919853	0.8158661362466477	-0.09336254812709226	0.07356262890238034	runde	4th round	shannon	metaphlan	runde	2nd round	positive
colo_hemorrhoidsYes	-5.121199085937323	13.099632201396178	-0.3909422041171124	0.6959210423770139	-30.82630038803638	20.583902216161732	colo_hemorrhoids	Yes	invsimpson	ko_hum	colo_hemorrhoids	No	all
colo_hemorrhoidsYes	-74.81432298713489	44.76814171982638	-1.6711509594333243	0.09499652222252615	-162.66179842176683	13.033152447497045	colo_hemorrhoids	Yes	observed	ko_hum	colo_hemorrhoids	No	all
colo_hemorrhoidsYes	-0.023585409736821456	0.015614030547357643	-1.510526680813546	0.13121668996181562	-0.05422445599272473	0.007053636519081811	colo_hemorrhoids	Yes	shannon	ko_hum	colo_hemorrhoids	No	all
colo_hemorrhoidsYes	-0.8597380911881966	1.1273756993720687	-0.7626012266071175	0.44587636770992556	-3.0719610080113986	1.3524848256350053	colo_hemorrhoids	Yes	invsimpson	mags	colo_hemorrhoids	No	all
colo_hemorrhoidsYes	-2.7491888226361043	4.147704752919727	-0.6628217258474933	0.5075934647203768	-10.888132665169017	5.38975501989681	colo_hemorrhoids	Yes	observed	mags	colo_hemorrhoids	No	all
colo_hemorrhoidsYes	-0.028645383364005756	0.033164765350851444	-0.8637294146653849	0.38793822318628945	-0.09372382525439106	0.036433058526379555	colo_hemorrhoids	Yes	shannon	mags	colo_hemorrhoids	No	all
colo_hemorrhoidsYes	-0.9488103367515757	1.0769301485097365	-0.8810323845650956	0.3785064252610536	-3.0620451312198442	1.1644244577166927	colo_hemorrhoids	Yes	invsimpson	metaphlan	colo_hemorrhoids	No	all
colo_hemorrhoidsYes	-2.96957501728245	5.430103262232543	-0.5468726604034291	0.5845850200159102	-13.62493940390006	7.6857893693351595	colo_hemorrhoids	Yes	observed	metaphlan	colo_hemorrhoids	No	all
colo_hemorrhoidsYes	-0.03319709612290931	0.03338689076106765	-0.9943152946012075	0.32030360119299023	-0.09871140950064591	0.0323172172548273	colo_hemorrhoids	Yes	shannon	metaphlan	colo_hemorrhoids	No	all
colo_hemorrhoidsYes	-19.979373646421656	19.276620871213716	-1.0364562222758336	0.30055476763818373	-57.86436068183225	17.90561338898894	colo_hemorrhoids	Yes	invsimpson	ko_hum	colo_hemorrhoids	No	negative
colo_hemorrhoidsYes	-149.6153793813955	64.85133590183229	-2.3070516173772195	0.02151230252407703	-277.0698765302664	-22.160882232524614	colo_hemorrhoids	Yes	observed	ko_hum	colo_hemorrhoids	No	negative
colo_hemorrhoidsYes	-0.05187003411268232	0.023054562119554853	-2.2498815567911485	0.02494654943175817	-0.09717993530551575	-0.006560132919848895	colo_hemorrhoids	Yes	shannon	ko_hum	colo_hemorrhoids	No	negative
colo_hemorrhoidsYes	0.7142267928079282	1.6115030484196429	0.4432053625392462	0.6578335569038387	-2.452913989012035	3.8813675746278915	colo_hemorrhoids	Yes	invsimpson	mags	colo_hemorrhoids	No	negative
colo_hemorrhoidsYes	5.95176662959207	6.1091951478090705	0.9742308905824594	0.3304735739720377	-6.0548387042901535	17.958371963474292	colo_hemorrhoids	Yes	observed	mags	colo_hemorrhoids	No	negative
colo_hemorrhoidsYes	0.03888736523912024	0.04958727464322306	0.784220659814682	0.4333297646723654	-0.05856816234171385	0.13634289281995432	colo_hemorrhoids	Yes	shannon	mags	colo_hemorrhoids	No	negative
colo_hemorrhoidsYes	0.012098927235859421	1.5361659720089378	0.007876054707836627	0.9937194280030736	-3.006979381281666	3.0311772357533853	colo_hemorrhoids	Yes	invsimpson	metaphlan	colo_hemorrhoids	No	negative
colo_hemorrhoidsYes	7.472131035346987	8.079331028065885	0.9248452637217593	0.35554990539793396	-8.406448166786515	23.350710237480488	colo_hemorrhoids	Yes	observed	metaphlan	colo_hemorrhoids	No	negative
colo_hemorrhoidsYes	0.013999127846737368	0.05018825299243294	0.27893235990597376	0.780426897717928	-0.08463752256265114	0.11263577825612586	colo_hemorrhoids	Yes	shannon	metaphlan	colo_hemorrhoids	No	negative
colo_hemorrhoidsYes	8.650718191683175	18.142784378754165	0.47681315122795975	0.6336757054776547	-26.983231859242366	44.28466824260872	colo_hemorrhoids	Yes	invsimpson	ko_hum	colo_hemorrhoids	No	positive
colo_hemorrhoidsYes	-27.772175298546017	62.43788916930943	-0.44479683198830955	0.6566333831256173	-150.4054259339801	94.86107533688805	colo_hemorrhoids	Yes	observed	ko_hum	colo_hemorrhoids	No	positive
colo_hemorrhoidsYes	0.002475166218654885	0.021577848301864697	0.11470866714921654	0.908715948704414	-0.039905537456328355	0.04485586989363813	colo_hemorrhoids	Yes	shannon	ko_hum	colo_hemorrhoids	No	positive
colo_hemorrhoidsYes	-2.378430066785382	1.6076321828161457	-1.4794615909088125	0.1395627285168384	-5.535954496707792	0.7790943631370282	colo_hemorrhoids	Yes	invsimpson	mags	colo_hemorrhoids	No	positive
colo_hemorrhoidsYes	-12.429155986290986	5.739543000172746	-2.165530598153355	0.030756085222503282	-23.70209978111435	-1.1562121914676258	colo_hemorrhoids	Yes	observed	mags	colo_hemorrhoids	No	positive
colo_hemorrhoidsYes	-0.0980206238974328	0.045165422058148955	-2.1702581185056693	0.03039449402846478	-0.1867293005840025	-0.009311947210863092	colo_hemorrhoids	Yes	shannon	mags	colo_hemorrhoids	No	positive
colo_hemorrhoidsYes	-1.8519328697931212	1.5385241503798954	-1.203707377187312	0.2291962923800812	-4.873723328317245	1.1698575887310025	colo_hemorrhoids	Yes	invsimpson	metaphlan	colo_hemorrhoids	No	positive
colo_hemorrhoidsYes	-14.541435562067083	7.439716717409967	-1.9545684485590844	0.05111656982483305	-29.153663121342465	0.07079199720829976	colo_hemorrhoids	Yes	observed	metaphlan	colo_hemorrhoids	No	positive
colo_hemorrhoidsYes	-0.08142825021407804	0.045303942612631	-1.7973766855199789	0.07279859526793922	-0.17040899288657327	0.007552492458417187	colo_hemorrhoids	Yes	shannon	metaphlan	colo_hemorrhoids	No	positive
colo_diverticulitisYes	-6.0349686158198175	9.808891084386364	-0.6152549318674956	0.538522680637245	-25.282725736705583	13.212788505065948	colo_diverticulitis	Yes	invsimpson	ko_hum	colo_diverticulitis	No	all
colo_diverticulitisYes	69.3198260060359	33.50147329968265	2.069157537817674	0.03878101322076525	3.5806699978140983	135.0589820142577	colo_diverticulitis	Yes	observed	ko_hum	colo_diverticulitis	No	all
colo_diverticulitisYes	0.007661246821444353	0.011703475770812807	0.6546129518677406	0.5128635553470546	-0.015304209433376386	0.030626703076265093	colo_diverticulitis	Yes	shannon	ko_hum	colo_diverticulitis	No	all
colo_diverticulitisYes	-0.6718218974713173	0.8442406636776438	-0.7957705976217213	0.4263492722515452	-2.3284555685198995	0.984811773577265	colo_diverticulitis	Yes	invsimpson	mags	colo_diverticulitis	No	all
colo_diverticulitisYes	2.1144028154859327	3.1060702112586602	0.6807324598850977	0.49619423522557016	-3.9805659748077695	8.209371605779635	colo_diverticulitis	Yes	observed	mags	colo_diverticulitis	No	all
colo_diverticulitisYes	-0.0019335533676402498	0.024845162989044087	-0.07782413697559096	0.9379831054059293	-0.05068663449861066	0.04681952776333016	colo_diverticulitis	Yes	shannon	mags	colo_diverticulitis	No	all
colo_diverticulitisYes	-0.8331925020292141	0.806370245559964	-1.0332629541044438	0.30172410862243115	-2.41551393903171	0.7491289349732815	colo_diverticulitis	Yes	invsimpson	metaphlan	colo_diverticulitis	No	all
colo_diverticulitisYes	2.7338289494392947	4.066158252715194	0.6723370758169014	0.5015203616242994	-5.245098106640201	10.71275600551879	colo_diverticulitis	Yes	observed	metaphlan	colo_diverticulitis	No	all
colo_diverticulitisYes	-7.354541965125964e-4	0.025014582233842134	-0.02940101855939066	0.976550472706081	-0.04982098274151001	0.048350074348484824	colo_diverticulitis	Yes	shannon	metaphlan	colo_diverticulitis	No	all
colo_diverticulitisYes	13.377935979480444	15.823354519931158	0.8454551127341263	0.39831318636989277	-17.720231321174328	44.47610328013522	colo_diverticulitis	Yes	invsimpson	ko_hum	colo_diverticulitis	No	negative
colo_diverticulitisYes	97.91775214712486	53.32831179096601	1.8361307316634847	0.06700829537732748	-6.890160729250269	202.72566502349997	colo_diverticulitis	Yes	observed	ko_hum	colo_diverticulitis	No	negative
colo_diverticulitisYes	0.026726462881131174	0.018982190152054892	1.4079757218235398	0.1598396033705528	-0.010579869624905147	0.0640327953871675	colo_diverticulitis	Yes	shannon	ko_hum	colo_diverticulitis	No	negative
colo_diverticulitisYes	-0.22560524875988444	1.322528220636243	-0.17058634004146248	0.864626920939082	-2.824814146808519	2.37360364928875	colo_diverticulitis	Yes	invsimpson	mags	colo_diverticulitis	No	negative
colo_diverticulitisYes	0.7740565616573712	5.017979585024955	0.1542566183344729	0.8774776505573203	-9.087946368872633	10.636059492187375	colo_diverticulitis	Yes	observed	mags	colo_diverticulitis	No	negative
colo_diverticulitisYes	0.018568247869226354	0.040706272536551985	0.4561520058746006	0.6485042126826475	-0.06143314955463987	0.09856964529309258	colo_diverticulitis	Yes	shannon	mags	colo_diverticulitis	No	negative
colo_diverticulitisYes	-0.3046463766579069	1.2603795590296205	-0.24171002653554405	0.8091167046315824	-2.78171243364714	2.172419680331326	colo_diverticulitis	Yes	invsimpson	metaphlan	colo_diverticulitis	No	negative
colo_diverticulitisYes	0.5594496528351853	6.6356366184928905	0.08430986881892419	0.9328481520258843	-12.481788691936528	13.600687997606899	colo_diverticulitis	Yes	observed	metaphlan	colo_diverticulitis	No	negative
colo_diverticulitisYes	0.01872906239312461	0.04117471791066395	0.45486801958815415	0.6494270145349132	-0.06219298637537285	0.09965111116162206	colo_diverticulitis	Yes	shannon	metaphlan	colo_diverticulitis	No	negative
colo_diverticulitisYes	-20.836480902222878	12.43031360444207	-1.6762634930446805	0.09422828659452917	-45.25065928030737	3.577697475861612	colo_diverticulitis	Yes	invsimpson	ko_hum	colo_diverticulitis	No	positive
colo_diverticulitisYes	57.899186388696684	42.81372060561619	1.3523511988608068	0.17679275750384538	-26.19055142141398	141.98892419880735	colo_diverticulitis	Yes	observed	ko_hum	colo_diverticulitis	No	positive
colo_diverticulitisYes	-0.005796790690334911	0.014815044909337414	-0.3912772945211522	0.6957367254418625	-0.03489478134494244	0.02330119996427262	colo_diverticulitis	Yes	shannon	ko_hum	colo_diverticulitis	No	positive
colo_diverticulitisYes	-1.0580517567982868	1.1051256843852435	-0.9574040054881695	0.33876434708826386	-3.228611281470477	1.1125077678739033	colo_diverticulitis	Yes	invsimpson	mags	colo_diverticulitis	No	positive
colo_diverticulitisYes	3.197321138293192	3.9549108088826976	0.8084432981679472	0.4191686282709086	-4.57045536599159	10.965097642577975	colo_diverticulitis	Yes	observed	mags	colo_diverticulitis	No	positive
colo_diverticulitisYes	-0.01580272478348244	0.03113307321795527	-0.5075864073183944	0.6119373831841707	-0.07695069153546376	0.04534524196849889	colo_diverticulitis	Yes	shannon	mags	colo_diverticulitis	No	positive
colo_diverticulitisYes	-1.2272906562732584	1.0565479199945573	-1.1616043466155141	0.24587650337818812	-3.3024393777442365	0.8478580651977197	colo_diverticulitis	Yes	invsimpson	metaphlan	colo_diverticulitis	No	positive
colo_diverticulitisYes	4.2607986458473235	5.122437524993082	0.8317912370933364	0.40587089094589157	-5.800098242633714	14.321695534328361	colo_diverticulitis	Yes	observed	metaphlan	colo_diverticulitis	No	positive
colo_diverticulitisYes	-0.012706098094457132	0.03119129777271614	-0.40736035374493124	0.6838944250598307	-0.07396842275494758	0.04855622656603331	colo_diverticulitis	Yes	shannon	metaphlan	colo_diverticulitis	No	positive
colo_IBDYes	13.138145814410153	31.093792336741878	0.422532757411051	0.6727246428471244	-47.87647425997591	74.15276588879621	colo_IBD	Yes	invsimpson	ko_hum	colo_IBD	No	all
colo_IBDYes	232.23832911032457	106.16204883512569	2.187583337535251	0.028924811910224273	23.919028400916716	440.5576298197324	colo_IBD	Yes	observed	ko_hum	colo_IBD	No	all
colo_IBDYes	0.0513009060984613	0.03706912807143807	1.3839253515646859	0.1666819921588653	-0.021438975266699592	0.1240407874636222	colo_IBD	Yes	shannon	ko_hum	colo_IBD	No	all
colo_IBDYes	1.4036759102008904	2.676415107988464	0.5244612115703767	0.6000709685526111	-3.84819073915277	6.655542559554551	colo_IBD	Yes	invsimpson	mags	colo_IBD	No	all
colo_IBDYes	1.3277074277689191	9.847293602832503	0.13482967821605457	0.892772959371468	-17.995406055168637	20.65082091070648	colo_IBD	Yes	observed	mags	colo_IBD	No	all
colo_IBDYes	0.020233169551556573	0.0787482075482517	0.25693498533486014	0.7972804268074513	-0.13429259279547984	0.17475893189859298	colo_IBD	Yes	shannon	mags	colo_IBD	No	all
colo_IBDYes	1.2426396088493021	2.5569467728387285	0.4859857162649188	0.6270809660057444	-3.774797125969065	6.260076343667669	colo_IBD	Yes	invsimpson	metaphlan	colo_IBD	No	all
colo_IBDYes	0.6257240155933069	12.891125613054781	0.048539129504691136	0.9612960178876115	-24.670229694186368	25.92167772537298	colo_IBD	Yes	observed	metaphlan	colo_IBD	No	all
colo_IBDYes	0.012343651361174419	0.07928660399692342	0.15568394582334985	0.8763127463027887	-0.14323859372072245	0.16792589644307127	colo_IBD	Yes	shannon	metaphlan	colo_IBD	No	all
colo_IBDYes	25.911233891170493	36.42547211504851	0.7113492945082721	0.47724219873849616	-45.67696344159343	97.49943122393442	colo_IBD	Yes	invsimpson	ko_hum	colo_IBD	No	negative
colo_IBDYes	128.9004120448712	123.04708295400938	1.0475698322165798	0.29540804610460836	-112.92813112158612	370.7289552113285	colo_IBD	Yes	observed	ko_hum	colo_IBD	No	negative
colo_IBDYes	0.0585235164347723	0.043696112850620854	1.339330036857976	0.18114998904600188	-0.027353914049722095	0.1444009469192667	colo_IBD	Yes	shannon	ko_hum	colo_IBD	No	negative
colo_IBDYes	1.9246494948085637	3.0424789355104687	0.6325925456195952	0.5273261279026111	-4.054836007209642	7.904134996826769	colo_IBD	Yes	invsimpson	mags	colo_IBD	No	negative
colo_IBDYes	-2.025143852739743	11.548615330971405	-0.17535815287817708	0.8608783423992571	-24.722023405117856	20.671735699638372	colo_IBD	Yes	observed	mags	colo_IBD	No	negative
colo_IBDYes	0.035447683240239856	0.0936909374311309	0.37834698010462614	0.7053540864884834	-0.14868624633319444	0.21958161281367417	colo_IBD	Yes	shannon	mags	colo_IBD	No	negative
colo_IBDYes	1.8560553340216814	2.8995704680545242	0.6401138908229423	0.5224294800738345	-3.842567382294084	7.554678050337447	colo_IBD	Yes	invsimpson	metaphlan	colo_IBD	No	negative
colo_IBDYes	-7.333648253857195	15.267834743620407	-0.4803332219011295	0.6312275679779958	-37.340033978059665	22.67273747034528	colo_IBD	Yes	observed	metaphlan	colo_IBD	No	negative
colo_IBDYes	0.026496157909398455	0.09477595206901535	0.27956625421292625	0.7799407794868831	-0.15977018718250813	0.21276250300130506	colo_IBD	Yes	shannon	metaphlan	colo_IBD	No	negative
colo_IBDYes	-44.633947098500464	73.50051133311965	-0.6072603617165343	0.5439170317878392	-188.99511542219756	99.72722122519662	colo_IBD	Yes	invsimpson	ko_hum	colo_IBD	No	positive
colo_IBDYes	507.70249521072964	252.14000050144602	2.013573785202788	0.04451807778622009	12.478388693192073	1002.9266017282672	colo_IBD	Yes	observed	ko_hum	colo_IBD	No	positive
colo_IBDYes	-0.00635330111476971	0.08742803420322322	-0.07266892333415272	0.9420947612415249	-0.1780692923766466	0.1653626901471072	colo_IBD	Yes	shannon	ko_hum	colo_IBD	No	positive
colo_IBDYes	-0.45503971087071987	6.525993679893553	-0.06972726808986768	0.9444348959089506	-13.27263859576422	12.362559174022781	colo_IBD	Yes	invsimpson	mags	colo_IBD	No	positive
colo_IBDYes	22.503481419408253	23.33054018162789	0.9645503809264168	0.3351741344292296	-23.319656095624467	68.32661893444097	colo_IBD	Yes	observed	mags	colo_IBD	No	positive
colo_IBDYes	-0.020032022114247514	0.18374121300062463	-0.10902302094946666	0.913222134474462	-0.3809151737669781	0.340851129538483	colo_IBD	Yes	shannon	mags	colo_IBD	No	positive
colo_IBDYes	-0.8485806023267283	6.24139361287602	-0.13596011643555106	0.8919002305306278	-13.107201087825882	11.410039883172423	colo_IBD	Yes	invsimpson	metaphlan	colo_IBD	No	positive
colo_IBDYes	45.78359919819254	30.183168872565385	1.5168585973027826	0.12985004503955885	-13.498675756425072	105.06587415281015	colo_IBD	Yes	observed	metaphlan	colo_IBD	No	positive
colo_IBDYes	-0.015865065786361265	0.18407093153654433	-0.08618995760996359	0.9313453134027603	-0.3773958122952367	0.3456656807225142	colo_IBD	Yes	shannon	metaphlan	colo_IBD	No	positive
BMImid	-1.563839433604053	12.511170114519865	-0.12499545760225383	0.9005540437528883	-26.117099964545286	22.989421097337182	BMI	mid	invsimpson	ko_hum	BMI	low	all
BMIhigh	-11.547523865033808	12.75647038991047	-0.9052287593727447	0.3655776524877232	-36.58218793496036	13.487140204892741	BMI	high	invsimpson	ko_hum	BMI	low	all
BMImid	-81.1554271972929	41.97079324276112	-1.933616711218345	0.05346215791487343	-163.52340810931082	1.212553714725047	BMI	mid	observed	ko_hum	BMI	low	all
BMIhigh	-96.94050420972486	42.79369366267172	-2.265298830567752	0.023722659704913007	-180.9234330615552	-12.957575357894541	BMI	high	observed	ko_hum	BMI	low	all
BMImid	-0.006514898393099604	0.014886285049675738	-0.43764433983087775	0.6617453052471765	-0.035729338914402574	0.022699542128203368	BMI	mid	shannon	ko_hum	BMI	low	all
BMIhigh	-0.019860035985967854	0.015178153019562154	-1.3084619690137211	0.1910385518337284	-0.049647269478644555	0.009927197506708847	BMI	high	shannon	ko_hum	BMI	low	all
BMImid	-0.31744073379815785	1.065361663021199	-0.2979652307911527	0.7657959679697037	-2.4082205915093464	1.773339123913031	BMI	mid	invsimpson	mags	BMI	low	all
BMIhigh	-1.391755936934589	1.086249678045981	-1.2812486531072427	0.20042435249919086	-3.5235286730243134	0.7400167991551354	BMI	high	invsimpson	mags	BMI	low	all
BMImid	-3.046753956680321	3.928869435414037	-0.7754785458680543	0.43825323476063816	-10.757188229156434	4.663680315795791	BMI	mid	observed	mags	BMI	low	all
BMIhigh	-12.353059788200682	4.0059008198216635	-3.0837158341705075	0.0021044095915331755	-20.21466870166617	-4.491450874735194	BMI	high	observed	mags	BMI	low	all
BMImid	0.01923736145093458	0.03133386568391653	0.6139479132576033	0.5393992491622581	-0.04225557330549182	0.08073029620736098	BMI	mid	shannon	mags	BMI	low	all
BMIhigh	-0.049904200857930604	0.03194821316788182	-1.562034176862833	0.11861868233878275	-0.11260279693078509	0.012794395214923891	BMI	high	shannon	mags	BMI	low	all
BMImid	-0.354552452302083	1.018284347671694	-0.3481860966563679	0.7277788890600592	-2.3529427430668366	1.6438378384626704	BMI	mid	invsimpson	metaphlan	BMI	low	all
BMIhigh	-1.5700278431204293	1.038249341243312	-1.5121876612416707	0.13082439468405946	-3.607599576082471	0.46754388984161266	BMI	high	invsimpson	metaphlan	BMI	low	all
BMImid	-5.354654151841611	5.133315549320817	-1.0431180589609534	0.29716352881911784	-15.428822508303345	4.719514204620122	BMI	mid	observed	metaphlan	BMI	low	all
BMIhigh	-17.141955466799796	5.2339619082456235	-3.2751395152101184	0.0010949460230855169	-27.413643020071383	-6.870267913528211	BMI	high	observed	metaphlan	BMI	low	all
BMImid	0.017847063361297696	0.03144749436276051	0.5675194072832661	0.570497726603167	-0.04386886848731952	0.07956299520991492	BMI	mid	shannon	metaphlan	BMI	low	all
BMIhigh	-0.053732097113439695	0.032064069707585935	-1.6757728386776614	0.0941173871855319	-0.11665806247130352	0.009193868244424128	BMI	high	shannon	metaphlan	BMI	low	all
BMImid	-9.350039165279062	19.888320062405455	-0.4701271467846738	0.6385178568558687	-48.44755829177684	29.747479961218716	BMI	mid	invsimpson	ko_hum	BMI	low	negative
BMIhigh	-16.249406405302967	20.503549721929684	-0.7925167410364716	0.4285245622395397	-56.55637677277841	24.057563962172477	BMI	high	invsimpson	ko_hum	BMI	low	negative
BMImid	-118.12501558790792	66.16209997292988	-1.7853879431916246	0.07494846373890904	-248.18999649248508	11.939965316669216	BMI	mid	observed	ko_hum	BMI	low	negative
BMIhigh	-109.3864665601916	68.20877290015702	-1.603700842416706	0.1095614653737061	-243.47490614136194	24.701973020978755	BMI	high	observed	ko_hum	BMI	low	negative
BMImid	-0.01866686266081123	0.023803745729792214	-0.7841985405451639	0.433383165477049	-0.0654615341580819	0.028127808836459427	BMI	mid	shannon	ko_hum	BMI	low	negative
BMIhigh	-0.020700368186994195	0.024540096026588982	-0.8435324851445375	0.39942986875246034	-0.06894259632668003	0.027541859952691636	BMI	high	shannon	ko_hum	BMI	low	negative
BMImid	-1.769683177726257	1.6342424001647282	-1.0828767981713585	0.27950898692556736	-4.982363952034257	1.4429975965817436	BMI	mid	invsimpson	mags	BMI	low	negative
BMIhigh	-1.8520619944583672	1.6847964133884976	-1.0992794023899075	0.2723008500021605	-5.164124541220531	1.4600005523037964	BMI	high	invsimpson	mags	BMI	low	negative
BMImid	-9.587918796380299	6.193126646106746	-1.5481548084290604	0.12236799362191964	-21.762697095362263	2.5868595026016656	BMI	mid	observed	mags	BMI	low	negative
BMIhigh	-16.890242137759916	6.384706185550956	-2.6454219891878084	0.008477279388167351	-29.441637701757863	-4.3388465737619715	BMI	high	observed	mags	BMI	low	negative
BMImid	-0.02187045349042133	0.050464079096070445	-0.43338655697621453	0.6649652691119954	-0.12107542864512413	0.07733452166428148	BMI	mid	shannon	mags	BMI	low	negative
BMIhigh	-0.05503692610538571	0.05202514599880834	-1.0578908535239162	0.2907373304039558	-0.15731072974313917	0.047236877532367764	BMI	high	shannon	mags	BMI	low	negative
BMImid	-2.132245485308855	1.5522153174783457	-1.3736789357115728	0.17030311974497733	-5.1836730504891575	0.9191820798714474	BMI	mid	invsimpson	metaphlan	BMI	low	negative
BMIhigh	-2.2546568471270496	1.6002318869162873	-1.4089563303677608	0.15961727544827858	-5.4004779425853275	0.8911642483312279	BMI	high	invsimpson	metaphlan	BMI	low	negative
BMImid	-13.378706691955333	8.166989289863839	-1.6381442679935712	0.1021701523923805	-29.433809333326142	2.6763959494154754	BMI	mid	observed	metaphlan	BMI	low	negative
BMIhigh	-22.236755211140554	8.41962872971471	-2.641061254003064	0.008585256290147907	-38.788509922705494	-5.685000499575615	BMI	high	observed	metaphlan	BMI	low	negative
BMImid	-0.037101836970009794	0.0507720540603573	-0.7307531211146886	0.4653535343355093	-0.1369122457168363	0.06270857177681671	BMI	mid	shannon	metaphlan	BMI	low	negative
BMIhigh	-0.07599119418793057	0.05234264792825995	-1.4518026350535986	0.1473326002878818	-0.1788891600334765	0.026906771657615347	BMI	high	shannon	metaphlan	BMI	low	negative
BMImid	7.439761069203271	16.265008704473154	0.4574089817214307	0.647567420925794	-24.51315661980825	39.39267875821479	BMI	mid	invsimpson	ko_hum	BMI	low	positive
BMIhigh	-7.06277236511859	16.558008041077805	-0.4265472240137199	0.6698849952801957	-39.591292800834374	25.465748070597193	BMI	high	invsimpson	ko_hum	BMI	low	positive
BMImid	-29.248493389434625	54.83942950524913	-0.5333478785849698	0.5940197967239647	-136.98159141179647	78.48460463292723	BMI	mid	observed	ko_hum	BMI	low	positive
BMIhigh	-52.24844920303299	55.8273119439715	-0.9358940522780271	0.34976050083408183	-161.92226098856887	57.425362582502885	BMI	high	observed	ko_hum	BMI	low	positive
BMImid	0.006046902778737967	0.019336339767330516	0.3127222034520949	0.7546166190324395	-0.03193970295989605	0.04403350851737199	BMI	mid	shannon	ko_hum	BMI	low	positive
BMIhigh	-0.01561344562327466	0.019684666339245097	-0.7931780683600569	0.42803445315205446	-0.054284345510378536	0.02305745426382922	BMI	high	shannon	ko_hum	BMI	low	positive
BMImid	0.5024966481321659	1.4368900843563053	0.3497112643499612	0.7266964435239622	-2.3203011399174054	3.3252944361817374	BMI	mid	invsimpson	mags	BMI	low	positive
BMIhigh	-1.1471982770403473	1.4627743521817762	-0.7842619576486717	0.43324215348265727	-4.020846199528528	1.7264496454478333	BMI	high	invsimpson	mags	BMI	low	positive
BMImid	0.8978780428347287	5.1618971705410335	0.173943419089966	0.8619773643671758	-9.242766724485836	11.038522810155293	BMI	mid	observed	mags	BMI	low	positive
BMIhigh	-9.262028143324686	5.254884052630683	-1.7625561383581738	0.07856054244945208	-19.58534740185233	1.061291115202959	BMI	high	observed	mags	BMI	low	positive
BMImid	0.03171953846118149	0.040286403535470534	0.7873509590711846	0.4314337888837231	-0.04742386438256689	0.11086294130492987	BMI	mid	shannon	mags	BMI	low	positive
BMIhigh	-0.05591078644641727	0.04101212644927592	-1.363274506518654	0.17338370962295455	-0.13647988570085837	0.02465831280802383	BMI	high	shannon	mags	BMI	low	positive
BMImid	0.6453904200705036	1.3780139814641859	0.4683482379364212	0.6397310792632862	-2.0617441486262074	3.3525249887672146	BMI	mid	invsimpson	metaphlan	BMI	low	positive
BMIhigh	-1.2463769725326488	1.4028376498517658	-0.8884684358623752	0.37469804238676574	-4.0022781079825345	1.509524162917237	BMI	high	invsimpson	metaphlan	BMI	low	positive
BMImid	-0.33303147010012374	6.684402290353896	-0.04982217640920769	0.9602831518891035	-13.464666384330346	12.798603444130098	BMI	mid	observed	metaphlan	BMI	low	positive
BMIhigh	-13.335179160641562	6.804815717254411	-1.9596679344054309	0.05056631944445362	-26.703368532868836	0.033010211585709825	BMI	high	observed	metaphlan	BMI	low	positive
BMImid	0.04180739747719032	0.04030135993362553	1.0373693976095386	0.3000440272673239	-0.03736538749403514	0.12098018244841577	BMI	mid	shannon	metaphlan	BMI	low	positive
BMIhigh	-0.04747836810562162	0.04102735227333883	-1.1572369522971853	0.2477048286952083	-0.1280773787798393	0.03312064256859606	BMI	high	shannon	metaphlan	BMI	low	positive
Høydemid	18.905462330290533	15.992854680663566	1.1821193093906184	0.23745890457251687	-12.480585424603934	50.291510085184996	Høyde	mid	invsimpson	ko_hum	Høyde	low	all
Høydehigh	26.187333152046264	18.67144936839249	1.402533495679069	0.16108792958400972	-10.455468475983409	62.83013478007594	Høyde	high	invsimpson	ko_hum	Høyde	low	all
Høydemid	-31.601653856547436	53.819575951069396	-0.58717768206272	0.5572261361080224	-137.22280872083633	74.01950100774147	Høyde	mid	observed	ko_hum	Høyde	low	all
Høydehigh	10.863402378395508	62.83365336982179	0.17289146493609844	0.8627741588508542	-112.44791912470762	134.17472388149864	Høyde	high	observed	ko_hum	Høyde	low	all
Høydemid	0.009727362686879397	0.01904467893127262	0.5107653808175482	0.6096359238309711	-0.02764790360227532	0.047102628976034115	Høyde	mid	shannon	ko_hum	Høyde	low	all
Høydehigh	0.026181759452797708	0.022234414399605735	1.1775331242032607	0.23928242506953706	-0.017453376742861404	0.06981689564845682	Høyde	high	shannon	ko_hum	Høyde	low	all
Høydemid	1.5250108008326073	1.3622168206776046	1.11950665832626	0.2632115535729667	-1.1483457099347292	4.198367311599943	Høyde	mid	invsimpson	mags	Høyde	low	all
Høydehigh	2.843694873230766	1.5903703812682408	1.7880708209386178	0.07408831348922161	-0.27741400514889314	5.964803751610425	Høyde	high	invsimpson	mags	Høyde	low	all
Høydemid	6.9280679321425325	5.024511500888106	1.3788540300719712	0.16826953077972726	-2.932558019930923	16.788693884215988	Høyde	mid	observed	mags	Høyde	low	all
Høydehigh	17.84070230270798	5.866051681390348	3.0413476170532903	0.0024209118815180647	6.3285500396476255	29.35285456576834	Høyde	high	observed	mags	Høyde	low	all
Høydemid	0.05847587792160315	0.040088274355675996	1.4586778518523011	0.14498962813374652	-0.020197537079148495	0.13714929292235478	Høyde	mid	shannon	mags	Høyde	low	all
Høydehigh	0.10004165931874429	0.04680253774851251	2.137526384921806	0.03281402577360134	0.008191472835081703	0.19189184580240687	Høyde	high	shannon	mags	Høyde	low	all
Høydemid	1.2129091029051102	1.3021448767330894	0.9314701647854576	0.35185085508447556	-1.3425559532708522	3.7683741590810724	Høyde	mid	invsimpson	metaphlan	Høyde	low	all
Høydehigh	2.9845496457316156	1.5202371697674164	1.9632131782360163	0.04991748565914906	0.0010775038396833025	5.968021787623548	Høyde	high	invsimpson	metaphlan	Høyde	low	all
Høydemid	8.307817130406722	6.564666412733322	1.265535307977303	0.20599476596514982	-4.575369620118481	21.191003880931923	Høyde	mid	observed	metaphlan	Høyde	low	all
Høydehigh	23.81884532033678	7.664162464624565	3.1078210346241097	0.001941673711651997	8.777892724999646	38.859797915673916	Høyde	high	observed	metaphlan	Høyde	low	all
Høydemid	0.0443823801162958	0.040242151969946065	1.1028828714091077	0.27036181660045444	-0.03459302038024909	0.1233577806128407	Høyde	mid	shannon	metaphlan	Høyde	low	all
Høydehigh	0.10073058841542941	0.046982187857335565	2.144016552002736	0.03228887124490745	0.008527837801892632	0.1929333390289662	Høyde	high	shannon	metaphlan	Høyde	low	all
Høydemid	44.70330259220592	24.468914814502803	1.8269425894486393	0.06844605010727241	-3.3989937285905327	92.80559891300237	Høyde	mid	invsimpson	ko_hum	Høyde	low	negative
Høydehigh	25.919796434779187	29.61657933532606	0.8751785998412914	0.3819967386085342	-32.302053042249966	84.14164591180834	Høyde	high	invsimpson	ko_hum	Høyde	low	negative
Høydemid	-38.88723336167209	82.04713085191202	-0.4739621356395775	0.6357829487619402	-200.17985424123137	122.40538751788719	Høyde	mid	observed	ko_hum	Høyde	low	negative
Høydehigh	-64.51678200541193	99.30785155503864	-0.6496644625289801	0.5162781854048399	-259.7414472059638	130.70788319514	Høyde	high	observed	ko_hum	Høyde	low	negative
Høydemid	0.038701397177432484	0.02935848578210298	1.3182354657073279	0.1881717296738638	-0.019013078242768218	0.09641587259763318	Høyde	mid	shannon	ko_hum	Høyde	low	negative
Høydehigh	0.03678078843612715	0.03553479710572782	1.035063977618673	0.3012581952397095	-0.03307540882628634	0.10663698569854063	Høyde	high	shannon	ko_hum	Høyde	low	negative
Høydemid	2.8787273374657767	2.0065261121435922	1.4346822202031566	0.15215130269027696	-1.0658085912195396	6.823263266151093	Høyde	mid	invsimpson	mags	Høyde	low	negative
Høydehigh	6.014377548800441	2.4286504015078676	2.476427873302109	0.013679083101621074	1.2400072034628957	10.788747894137988	Høyde	high	invsimpson	mags	Høyde	low	negative
Høydemid	9.180478098606285	7.572787973206123	1.2122983148463231	0.22610668141011514	-5.706511938476249	24.06746813568882	Høyde	mid	observed	mags	Høyde	low	negative
Høydehigh	32.9026539485107	9.165918370238906	3.5896734641826296	3.7179276843495095e-4	14.883803303113883	50.921504593907514	Høyde	high	observed	mags	Høyde	low	negative
Høydemid	0.11716993858084761	0.06164127642844221	1.900835695978282	0.058034964766755105	-0.00400776655365373	0.23834764371534894	Høyde	mid	shannon	mags	Høyde	low	negative
Høydehigh	0.23448550824122938	0.0746091016914114	3.142853927005827	0.0017964802455916608	0.0878149613454769	0.38115605513698186	Høyde	high	shannon	mags	Høyde	low	negative
Høydemid	3.003501476822162	1.902552109845513	1.5786697569435018	0.1151944503049361	-0.7366368189433219	6.743639772587646	Høyde	mid	invsimpson	metaphlan	Høyde	low	negative
Høydehigh	6.694671468374331	2.3028027980805468	2.907184008094195	0.003847969420301045	2.1676990463699086	11.221643890378754	Høyde	high	invsimpson	metaphlan	Høyde	low	negative
Høydemid	9.167386830396596	9.998892768571936	0.9168401984678852	0.35977335672662447	-10.488969263852576	28.82374292464577	Høyde	mid	observed	metaphlan	Høyde	low	negative
Høydehigh	40.658460459495906	12.10241660452836	3.359532380027534	8.549652782441072e-4	16.866885143548267	64.45003577544355	Høyde	high	observed	metaphlan	Høyde	low	negative
Høydemid	0.11532947680489006	0.06197945802488505	1.860769365853195	0.06350303069863664	-0.0065130437284818404	0.23717199733826194	Høyde	mid	shannon	metaphlan	Høyde	low	negative
Høydehigh	0.25152058405577155	0.07501842847017234	3.352783965019705	8.754997318355038e-4	0.10404536077149668	0.3989958073400464	Høyde	high	shannon	metaphlan	Høyde	low	negative
Høydemid	-3.016216832794261	21.099797919247443	-0.14295003413482166	0.8863846988251899	-44.4669853312486	38.434551665660074	Høyde	mid	invsimpson	ko_hum	Høyde	low	positive
Høydehigh	18.74439678992421	23.985830463026172	0.7814779154225425	0.43487507260317826	-28.37601211499352	65.86480569484195	Høyde	high	invsimpson	ko_hum	Høyde	low	positive
Høydemid	-22.118152063109218	71.11623619064265	-0.31101409815638537	0.7559138239890062	-161.82672434904075	117.5904202228223	Høyde	mid	observed	ko_hum	Høyde	low	positive
Høydehigh	54.60830275978639	80.84352233919975	0.6754814879374409	0.4996684490574249	-104.20962250692679	213.4262280264996	Høyde	high	observed	ko_hum	Høyde	low	positive
Høydemid	-0.016339734019175822	0.025098866501362442	-0.6510148184695453	0.5153228405181848	-0.06564671358851813	0.03296724555016649	Høyde	mid	shannon	ko_hum	Høyde	low	positive
Høydehigh	0.010039412617694149	0.028531892059811645	0.3518663464956493	0.7250802247114703	-0.046011780721712095	0.0660906059571004	Høyde	high	shannon	ko_hum	Høyde	low	positive
Høydemid	0.21707433112379845	1.8698813146012034	0.11608989802119858	0.9076258559167771	-3.456326607963698	3.8904752702112946	Høyde	mid	invsimpson	mags	Høyde	low	positive
Høydehigh	0.4130689764340719	2.1256438743942554	0.19432651979475357	0.8459956789763157	-3.7627801233954297	4.588918076263574	Høyde	high	invsimpson	mags	Høyde	low	positive
Høydemid	4.355742353680653	6.726477557155675	0.647551755977686	0.5175590479156182	-8.858491502908482	17.56997621026979	Høyde	mid	observed	mags	Høyde	low	positive
Høydehigh	7.303298760276422	7.646525853790781	0.9551133285785984	0.33996163879611085	-7.718379371237751	22.324976891790595	Høyde	high	observed	mags	Høyde	low	positive
Høydemid	0.005715050741463008	0.05256745029764053	0.10871843144577104	0.9134675201336637	-0.09755424222431619	0.10898434370724219	Høyde	mid	shannon	mags	Høyde	low	positive
Høydehigh	4.9944198398631e-4	0.059757631591465576	0.008357794154238853	0.9933347097106047	-0.11689503556474025	0.11789391953271287	Høyde	high	shannon	mags	Høyde	low	positive
Høydemid	-0.4204458595737875	1.794950976428007	-0.23423807396148738	0.8148918249325472	-3.946645384078311	3.105753664930736	Høyde	mid	invsimpson	metaphlan	Høyde	low	positive
Høydehigh	0.12639100055580837	2.040464556808468	0.061942267085246076	0.9506324719978196	-3.8821224599648434	4.13490446107646	Høyde	high	invsimpson	metaphlan	Høyde	low	positive
Høydemid	6.499465279746813	8.708177321719464	0.7463634512283298	0.45578324610517706	-10.60783800285059	23.606768562344215	Høyde	mid	observed	metaphlan	Høyde	low	positive
Høydehigh	12.132052466324298	9.899282717309655	1.22554863951006	0.22092016917369803	-7.315189530322639	31.579294462971234	Høyde	high	observed	metaphlan	Høyde	low	positive
Høydemid	-0.018327423667675695	0.05260744073437236	-0.348380826206986	0.7276943884594927	-0.12167527825482524	0.08502043091947387	Høyde	mid	shannon	metaphlan	Høyde	low	positive
Høydehigh	-0.01212754340869691	0.059803091924273646	-0.20279124403891277	0.839377068562412	-0.12961132824549804	0.10535624142810422	Høyde	high	shannon	metaphlan	Høyde	low	positive
PhysAct_Scoremid	16.449828380523265	12.003717530203083	1.3703944914675912	0.1708691971774907	-7.10533722727903	40.00499398832556	PhysAct_Score	mid	invsimpson	ko_hum	PhysAct_Score	low	all
PhysAct_Scorehigh	29.34746756484387	11.55415578173983	2.539992373239814	0.011234817144792159	6.674487114209793	52.02044801547795	PhysAct_Score	high	invsimpson	ko_hum	PhysAct_Score	low	all
PhysAct_Scoremid	46.94597776914998	40.951321162748236	1.1463849379261257	0.25190823977469884	-33.413723250115325	127.30567878841528	PhysAct_Score	mid	observed	ko_hum	PhysAct_Score	low	all
PhysAct_Scorehigh	-16.51286776722012	39.417617333290174	-0.4189210024441068	0.6753632045438849	-93.86294717507168	60.83721164063145	PhysAct_Score	high	observed	ko_hum	PhysAct_Score	low	all
PhysAct_Scoremid	0.030193361544355923	0.014267761277981723	2.1161947523576026	0.03457312161153596	0.0021954118333748045	0.05819131125533704	PhysAct_Score	mid	shannon	ko_hum	PhysAct_Score	low	all
PhysAct_Scorehigh	0.03227433717008509	0.013733406842312388	2.3500605159856196	0.018962589704884462	0.005324963218553885	0.0592237111216163	PhysAct_Score	high	shannon	ko_hum	PhysAct_Score	low	all
PhysAct_Scoremid	3.875659520746781	1.0199274777490754	3.799936373221507	1.5341191632385813e-4	1.8742328305669842	5.877086210926578	PhysAct_Score	mid	invsimpson	mags	PhysAct_Score	low	all
PhysAct_Scorehigh	4.0532973375555565	0.9817292796451225	4.128732249913898	3.949763972852013e-5	2.126827832930511	5.979766842180602	PhysAct_Score	high	invsimpson	mags	PhysAct_Score	low	all
PhysAct_Scoremid	11.321910972562037	3.7572444980950572	3.0133548610696765	0.002648404172453851	3.9489853635623247	18.69483658156175	PhysAct_Score	mid	observed	mags	PhysAct_Score	low	all
PhysAct_Scorehigh	17.32537964741561	3.6165286405519668	4.790610380669169	1.912404928600723e-6	10.228583938984736	24.422175355846484	PhysAct_Score	high	observed	mags	PhysAct_Score	low	all
PhysAct_Scoremid	0.11929024489326202	0.03000760241197485	3.9753340921918503	7.529986722608452e-5	0.06040564997267523	0.17817483981384882	PhysAct_Score	mid	shannon	mags	PhysAct_Score	low	all
PhysAct_Scorehigh	0.14715004208594	0.028883761387427737	5.094559538564467	4.1721821487108557e-7	0.09047078575179042	0.20382929842008962	PhysAct_Score	high	shannon	mags	PhysAct_Score	low	all
PhysAct_Scoremid	4.277871794064485	0.9700877759076256	4.409778063703624	1.1459726720862347e-5	2.374246674753456	6.181496913375513	PhysAct_Score	mid	invsimpson	metaphlan	PhysAct_Score	low	all
PhysAct_Scorehigh	4.46993985027891	0.9337561681700614	4.787052554671657	1.9458376746354985e-6	2.6376090641528074	6.302270636405012	PhysAct_Score	high	invsimpson	metaphlan	PhysAct_Score	low	all
PhysAct_Scoremid	11.946821172336952	4.933425413809777	2.421607741123457	0.01562781943337197	2.265849228134277	21.627793116539628	PhysAct_Score	mid	observed	metaphlan	PhysAct_Score	low	all
PhysAct_Scorehigh	19.480100454669206	4.748659373675555	4.102231581961464	4.4222473891526035e-5	10.161699077718609	28.798501831619802	PhysAct_Score	high	observed	metaphlan	PhysAct_Score	low	all
PhysAct_Scoremid	0.12546564521888018	0.030156648432335554	4.160463836039196	3.447067902417897e-5	0.06628857393137233	0.18464271650638803	PhysAct_Score	mid	shannon	metaphlan	PhysAct_Score	low	all
PhysAct_Scorehigh	0.15748946743198736	0.02902722535461648	5.425577729458744	7.236048120819537e-8	0.10052868851973806	0.21445024634423665	PhysAct_Score	high	shannon	metaphlan	PhysAct_Score	low	all
PhysAct_Scoremid	29.314595893575408	19.75850865333713	1.4836441559380693	0.13862420743730677	-9.518921910200625	68.14811369735145	PhysAct_Score	mid	invsimpson	ko_hum	PhysAct_Score	low	negative
PhysAct_Scorehigh	28.723860623180663	18.669145718760806	1.5385739152657518	0.1246320832433486	-7.9686152802746975	65.41633652663603	PhysAct_Score	high	invsimpson	ko_hum	PhysAct_Score	low	negative
PhysAct_Scoremid	66.99813785945528	66.75886142467347	1.003584189868963	0.316134449274487	-64.21021795220739	198.20649367111795	PhysAct_Score	mid	observed	ko_hum	PhysAct_Score	low	negative
PhysAct_Scorehigh	-16.67165989857824	63.07818741903319	-0.26430150549233666	0.7916722017657539	-140.64599202780138	107.3026722306449	PhysAct_Score	high	observed	ko_hum	PhysAct_Score	low	negative
PhysAct_Scoremid	0.04827732104271678	0.023577169392213763	2.047630071261231	0.041193549138061086	0.0019385794190903277	0.09461606266634323	PhysAct_Score	mid	shannon	ko_hum	PhysAct_Score	low	negative
PhysAct_Scorehigh	0.034397887830776526	0.02227726893470797	1.5440801083648381	0.12329274773358256	-0.009386019901013551	0.0781817955625666	PhysAct_Score	high	shannon	ko_hum	PhysAct_Score	low	negative
PhysAct_Scoremid	5.472690551259007	1.6229545322244847	3.3720541411335314	8.124714457482586e-4	2.282923811894604	8.662457290623411	PhysAct_Score	mid	invsimpson	mags	PhysAct_Score	low	negative
PhysAct_Scorehigh	4.256162373690268	1.5334747773033355	2.7755020406497106	0.005748231653364551	1.2422598008362797	7.270064946544256	PhysAct_Score	high	invsimpson	mags	PhysAct_Score	low	negative
PhysAct_Scoremid	13.914487975944908	6.200251699748798	2.2441811477602838	0.025320564352401844	1.7284678165022989	26.100508135387518	PhysAct_Score	mid	observed	mags	PhysAct_Score	low	negative
PhysAct_Scorehigh	16.506580688088764	5.8584078639991075	2.817588169223323	0.005058035108656017	4.992422910296835	28.020738465880694	PhysAct_Score	high	observed	mags	PhysAct_Score	low	negative
PhysAct_Scoremid	0.1623315597858907	0.05009918456054382	3.240203632251068	0.0012856990426704663	0.06386625505460736	0.26079686451717404	PhysAct_Score	mid	shannon	mags	PhysAct_Score	low	negative
PhysAct_Scorehigh	0.16040595917372058	0.0473370229181702	3.3885941549600314	7.662009506680431e-4	0.06736942719031902	0.25344249115712214	PhysAct_Score	high	shannon	mags	PhysAct_Score	low	negative
PhysAct_Scoremid	6.013403381369433	1.5385116896145765	3.9085847848682214	1.0757136412014498e-4	2.989601224121377	9.037205538617489	PhysAct_Score	mid	invsimpson	metaphlan	PhysAct_Score	low	negative
PhysAct_Scorehigh	4.319868121487182	1.453687594917761	2.971661955835544	0.0031254419860148068	1.4627798620029435	7.17695638097142	PhysAct_Score	high	invsimpson	metaphlan	PhysAct_Score	low	negative
PhysAct_Scoremid	13.176474681153827	8.259792166124155	1.5952549914263505	0.11137813583221043	-3.057381414280666	29.41033077658832	PhysAct_Score	mid	observed	metaphlan	PhysAct_Score	low	negative
PhysAct_Scorehigh	15.350466222144165	7.804397905810898	1.9668994850601753	0.04982708032028612	0.011645345505165494	30.689287098783165	PhysAct_Score	high	observed	metaphlan	PhysAct_Score	low	negative
PhysAct_Scoremid	0.16571530664166212	0.050667974613172816	3.2706124116233952	0.0011581006758817668	0.06613209776979231	0.2652985155135319	PhysAct_Score	mid	shannon	metaphlan	PhysAct_Score	low	negative
PhysAct_Scorehigh	0.16088081492733727	0.04787445337723063	3.360473145451163	8.464035394498518e-4	0.0667880131785205	0.25497361667615404	PhysAct_Score	high	shannon	metaphlan	PhysAct_Score	low	negative
PhysAct_Scoremid	8.148210370100598	15.071997886966658	0.540619129010539	0.5889843197350157	-21.456118329349422	37.752539069550615	PhysAct_Score	mid	invsimpson	ko_hum	PhysAct_Score	low	positive
PhysAct_Scorehigh	27.81678271567874	14.881886768082449	1.8691704317585647	0.06211897554776405	-1.4141308536022912	57.04769628495977	PhysAct_Score	high	invsimpson	ko_hum	PhysAct_Score	low	positive
PhysAct_Scoremid	21.818715200444988	51.5412980624537	0.4233249068350351	0.6722201744898351	-79.41839622170188	123.05582662259185	PhysAct_Score	mid	observed	ko_hum	PhysAct_Score	low	positive
PhysAct_Scorehigh	-40.1556559141851	50.8911802800016	-0.7890494127518757	0.43041586501865003	-140.11580985070808	59.80449802233789	PhysAct_Score	high	observed	ko_hum	PhysAct_Score	low	positive
PhysAct_Scoremid	0.0176503917751218	0.017898300003958045	0.9861490628282339	0.32448433234780194	-0.017505342750075967	0.05280612630031957	PhysAct_Score	mid	shannon	ko_hum	PhysAct_Score	low	positive
PhysAct_Scorehigh	0.028978898260494976	0.01767253923452348	1.6397699207754146	0.10161259815245283	-0.005733398302734852	0.0636911948237248	PhysAct_Score	high	shannon	ko_hum	PhysAct_Score	low	positive
PhysAct_Scoremid	2.972976218596938	1.3202690185848382	2.2517957906666575	0.02472048391208789	0.3797116566582228	5.566240780535653	PhysAct_Score	mid	invsimpson	mags	PhysAct_Score	low	positive
PhysAct_Scorehigh	4.347762804288999	1.3036157638382748	3.335156665709343	9.087405248177782e-4	1.7872084663783316	6.908317142199667	PhysAct_Score	high	invsimpson	mags	PhysAct_Score	low	positive
PhysAct_Scoremid	9.134299517042656	4.720011544535316	1.935228215197496	0.053463640821231756	-0.13671911483060306	18.405318148915917	PhysAct_Score	mid	observed	mags	PhysAct_Score	low	positive
PhysAct_Scorehigh	18.0849774430097	4.660475530623454	3.8805004605593076	1.1659991052718489e-4	8.930899095929467	27.239055790089928	PhysAct_Score	high	observed	mags	PhysAct_Score	low	positive
PhysAct_Scoremid	0.09264723687741593	0.037085513398390633	2.4982055899335736	0.012766966009562406	0.01980409180351675	0.1654903819513151	PhysAct_Score	mid	shannon	mags	PhysAct_Score	low	positive
PhysAct_Scorehigh	0.15264049642623712	0.03661773410997525	4.168485574989617	3.550193666140498e-5	0.08071616065133731	0.22456483220113693	PhysAct_Score	high	shannon	mags	PhysAct_Score	low	positive
PhysAct_Scoremid	3.2595672734870536	1.2564083937788972	2.594353308706621	0.00972417143481176	0.7917373713648823	5.727397175609225	PhysAct_Score	mid	invsimpson	metaphlan	PhysAct_Score	low	positive
PhysAct_Scorehigh	5.099827573444135	1.2405606470297175	4.110905489106628	4.529124937944016e-5	2.663125721327468	7.536529425560802	PhysAct_Score	high	invsimpson	metaphlan	PhysAct_Score	low	positive
PhysAct_Scoremid	10.408621891213405	6.105477716402694	1.7048005700274826	0.08878428458382803	-1.583721163707878	22.40096494613469	PhysAct_Score	mid	observed	metaphlan	PhysAct_Score	low	positive
PhysAct_Scorehigh	22.2969214805354	6.0284660814029545	3.698606109656741	2.3807374589022672e-4	10.455844221516719	34.13799873955408	PhysAct_Score	high	observed	metaphlan	PhysAct_Score	low	positive
PhysAct_Scoremid	0.10098967273594693	0.03700693563618522	2.72893907587419	0.006552818569266997	0.028300869635702622	0.17367847583619123	PhysAct_Score	mid	shannon	metaphlan	PhysAct_Score	low	positive
PhysAct_Scorehigh	0.17193998910951658	0.036540147490842195	4.705508896826667	3.192040705549713e-6	0.10016804851093777	0.24371192970809538	PhysAct_Score	high	shannon	metaphlan	PhysAct_Score	low	positive
SmokingSmoker	-14.042512190155977	11.065016167935454	-1.2690909780004482	0.20470186358507417	-35.75564294593443	7.670618565622478	Smoking	Smoker	invsimpson	ko_hum	Smoking	Non smoker	all
SmokingMissing	-7.297850390738953	109.6294492655385	-0.06656833943462122	0.9469385649192221	-222.42619096059823	207.83049017912035	Smoking	Missing	invsimpson	ko_hum	Smoking	Non smoker	all
SmokingSmoker	-31.01783366256823	37.68649280915209	-0.8230490913454173	0.4106749382534457	-104.97088837776104	42.93522105262459	Smoking	Smoker	observed	ko_hum	Smoking	Non smoker	all
SmokingMissing	-162.3954131422403	373.3884694529008	-0.434923481649518	0.663711158680977	-895.1040271092756	570.3132008247951	Smoking	Missing	observed	ko_hum	Smoking	Non smoker	all
SmokingSmoker	-0.020543457599642247	0.01314910982367881	-1.5623458831142893	0.11852071919287065	-0.046346252334907426	0.005259337135622929	Smoking	Smoker	shannon	ko_hum	Smoking	Non smoker	all
SmokingMissing	0.015844105053327808	0.13027813483719067	0.12161753062498383	0.9032261928193901	-0.2398036168665086	0.2714918269731642	Smoking	Missing	shannon	ko_hum	Smoking	Non smoker	all
SmokingSmoker	-1.0296609189996808	0.9465850463616045	-1.087763770363155	0.27695968469122106	-2.887166102107699	0.8278442641083374	Smoking	Smoker	invsimpson	mags	Smoking	Non smoker	all
SmokingMissing	12.22598666922196	9.378531015285386	1.3036142493206786	0.19266308281443018	-6.177716239240269	30.62968957768419	Smoking	Missing	invsimpson	mags	Smoking	Non smoker	all
SmokingSmoker	-12.82711959140157	3.4718817519136356	-3.6945727153096453	2.3211073199127526e-4	-19.640071448295927	-6.01416773450721	Smoking	Smoker	observed	mags	Smoking	Non smoker	all
SmokingMissing	-22.383211465438272	34.39854751232435	-0.6507022268140477	0.5153871628294086	-89.88425697754033	45.117834046663795	Smoking	Missing	observed	mags	Smoking	Non smoker	all
SmokingSmoker	-0.05956267657020599	0.027928560486781422	-2.132679792014235	0.03319235023701535	-0.1143675206360868	-0.004757832504325182	Smoking	Smoker	shannon	mags	Smoking	Non smoker	all
SmokingMissing	0.13111648553708755	0.2767092843314305	0.4738420174584451	0.6357152837775657	-0.4118763832340443	0.6741093543082194	Smoking	Missing	shannon	mags	Smoking	Non smoker	all
SmokingSmoker	-1.4227134326629722	0.9033505384782747	-1.5749295229951181	0.11558680957141972	-3.1953785659613185	0.34995170063537384	Smoking	Smoker	invsimpson	metaphlan	Smoking	Non smoker	all
SmokingMissing	8.909437266322522	8.950174181767956	0.9954484779158357	0.31975732412869723	-8.653691367766042	26.472565900411084	Smoking	Missing	invsimpson	metaphlan	Smoking	Non smoker	all
SmokingSmoker	-14.9351383770722	4.549422268436167	-3.2828648333420256	0.0010629213105299625	-23.86257228937491	-6.007704464769491	Smoking	Smoker	observed	metaphlan	Smoking	Non smoker	all
SmokingMissing	-43.72782537415158	45.074553005202915	-0.9701222188294161	0.3322185249041686	-132.1786372217088	44.722986473405655	Smoking	Missing	observed	metaphlan	Smoking	Non smoker	all
SmokingSmoker	-0.07234677379631531	0.028089594011972963	-2.5755720700512112	0.010149098300373643	-0.12746761758017938	-0.017225930012451235	Smoking	Smoker	shannon	metaphlan	Smoking	Non smoker	all
SmokingMissing	0.08561766221886428	0.2783047647547845	0.30763994390934113	0.7584199369265676	-0.46050605376701986	0.6317413782047484	Smoking	Missing	shannon	metaphlan	Smoking	Non smoker	all
SmokingSmoker	-20.156414750605236	18.265457857215264	-1.1035263888905475	0.27040593354997056	-56.05547957058546	15.742650069374989	Smoking	Smoker	invsimpson	ko_hum	Smoking	Non smoker	negative
SmokingMissing	-11.462610915052405	116.5536769044401	-0.0983461973872378	0.921702488921121	-240.53806223458702	217.6128404044822	Smoking	Missing	invsimpson	ko_hum	Smoking	Non smoker	negative
SmokingSmoker	-66.23266715162977	61.59541172355469	-1.0752857282436468	0.2828401395681387	-187.2927410552127	54.82740675195316	Smoking	Smoker	observed	ko_hum	Smoking	Non smoker	negative
SmokingMissing	-272.6200318573655	393.04635957905765	-0.6936078282198935	0.4882966848208026	-1045.1162293294744	499.87616561474334	Smoking	Missing	observed	ko_hum	Smoking	Non smoker	negative
SmokingSmoker	-0.033290931276243524	0.021805095007076374	-1.5267501134684196	0.12754658127175408	-0.07614682490803909	0.009564962355552042	Smoking	Smoker	shannon	ko_hum	Smoking	Non smoker	negative
SmokingMissing	0.005484180460053154	0.13914044850080035	0.03941471023806287	0.9685777518063244	-0.2679834773921813	0.27895183831228765	Smoking	Missing	shannon	ko_hum	Smoking	Non smoker	negative
SmokingSmoker	-0.4581471280098417	1.5159189983554795	-0.3022240162613275	0.7626250844432536	-3.437545444176644	2.5212511881569606	Smoking	Smoker	invsimpson	mags	Smoking	Non smoker	negative
SmokingMissing	13.20896979709738	9.67322771368866	1.3655183345270847	0.172792645052376	-5.802862888769996	32.22080248296476	Smoking	Missing	invsimpson	mags	Smoking	Non smoker	negative
SmokingSmoker	-8.490330490365515	5.762084457317273	-1.473482478998315	0.14134091413218758	-19.815173538289528	2.834512557558499	Smoking	Smoker	observed	mags	Smoking	Non smoker	negative
SmokingMissing	-19.69976278023957	36.76842570190264	-0.5357793379557225	0.5923836411405996	-91.96469629132696	52.565170730847825	Smoking	Missing	observed	mags	Smoking	Non smoker	negative
SmokingSmoker	-0.015649185824347454	0.04697201079853246	-0.33315980215256996	0.7391734407062311	-0.10796832031104309	0.07666994866234819	Smoking	Smoker	shannon	mags	Smoking	Non smoker	negative
SmokingMissing	0.15209132160717206	0.2997330049408736	0.5074226698430295	0.6121142609483836	-0.4370061243574459	0.7411887675717901	Smoking	Missing	shannon	mags	Smoking	Non smoker	negative
SmokingSmoker	-0.6027814382599447	1.4441373489307867	-0.4173989674224777	0.6765915962157814	-3.4410995742458703	2.235536697725981	Smoking	Smoker	invsimpson	metaphlan	Smoking	Non smoker	negative
SmokingMissing	9.549456127284564	9.215181972918549	1.0362742868614399	0.30064727517098244	-8.562130100653125	27.661042355222254	Smoking	Missing	invsimpson	metaphlan	Smoking	Non smoker	negative
SmokingSmoker	-8.517832394371638	7.6419636219031055	-1.1146130518023079	0.26562889244645965	-23.537403738227127	6.501738949483849	Smoking	Smoker	observed	metaphlan	Smoking	Non smoker	negative
SmokingMissing	-39.13141748594998	48.76411891043472	-0.80246333493327	0.4227211741117025	-134.97277439797494	56.709939426074996	Smoking	Missing	observed	metaphlan	Smoking	Non smoker	negative
SmokingSmoker	-0.022737407019002554	0.04750652276957717	-0.4786165287088413	0.6324508278911958	-0.11610707525336496	0.07063226121535986	Smoking	Smoker	shannon	metaphlan	Smoking	Non smoker	negative
SmokingMissing	0.10246789047153969	0.30314377821914057	0.3380174617915673	0.7355123503710375	-0.4933331143066557	0.6982688952497351	Smoking	Missing	shannon	metaphlan	Smoking	Non smoker	negative
SmokingSmoker	-9.552321967451855	13.936556542475207	-0.6854147893949786	0.4933643270542035	-36.92631859107373	17.821674656170018	Smoking	Smoker	invsimpson	ko_hum	Smoking	Non smoker	positive
SmokingSmoker	20.624928761587388	47.5754719295561	0.43352021378003863	0.66480293927492	-72.82217232092901	114.07202984410378	Smoking	Smoker	observed	ko_hum	Smoking	Non smoker	positive
SmokingSmoker	-0.009380140515581377	0.01654076733551232	-0.5670922228282974	0.5708775547165601	-0.04186929289798271	0.023109011866819955	Smoking	Smoker	shannon	ko_hum	Smoking	Non smoker	positive
SmokingSmoker	-1.7307771469258344	1.2282094581900056	-1.4091872810330377	0.15933188256567438	-4.143209619690904	0.6816553258392348	Smoking	Smoker	invsimpson	mags	Smoking	Non smoker	positive
SmokingSmoker	-16.427856974616958	4.356109162363755	-3.7712225204436134	1.7962926834151757e-4	-24.984067910887113	-7.871646038346803	Smoking	Smoker	observed	mags	Smoking	Non smoker	positive
SmokingSmoker	-0.09850533047384902	0.03449313372944652	-2.8557953373124745	0.004451306630548444	-0.16625627909378043	-0.0307543818539176	Smoking	Smoker	shannon	mags	Smoking	Non smoker	positive
SmokingSmoker	-2.276693472068846	1.1728508676824347	-1.9411619454804305	0.05273730106331998	-4.580391347085598	0.027004402947906403	Smoking	Smoker	invsimpson	metaphlan	Smoking	Non smoker	positive
SmokingSmoker	-20.098797449584033	5.6349506226558965	-3.5668098614342347	3.92119964381511e-4	-31.16689155509273	-9.030703344075338	Smoking	Smoker	observed	metaphlan	Smoking	Non smoker	positive
SmokingSmoker	-0.11532449970258732	0.03446981525996132	-3.3456663121877357	8.755418274919764e-4	-0.18302964649887524	-0.0476193529062994	Smoking	Smoker	shannon	metaphlan	Smoking	Non smoker	positive
SnusSnuser	-30.946558286606958	19.566097361959862	-1.5816418427301109	0.11404536877035536	-69.34155237903715	7.448435805823237	Snus	Snuser	invsimpson	ko_hum	Snus	Non snuser	all
SnusMissing	2.9822307628417475	23.883156366711432	0.12486753078409722	0.9006533456035036	-43.88422556949148	49.84868709517497	Snus	Missing	invsimpson	ko_hum	Snus	Non snuser	all
SnusSnuser	-131.9631967997741	66.5496209311107	-1.9829293533674177	0.04764668000183147	-262.5550187269815	-1.3713748725667188	Snus	Snuser	observed	ko_hum	Snus	Non snuser	all
SnusMissing	56.29542750180111	81.2331132489	0.6930108332707958	0.48846254705640313	-103.11014253103735	215.70099753463955	Snus	Missing	observed	ko_hum	Snus	Non snuser	all
SnusSnuser	-0.04337921089185758	0.023250203048526864	-1.8657562173249964	0.062366063527951515	-0.08900360865405771	0.002245186870342551	Snus	Snuser	shannon	ko_hum	Snus	Non snuser	all
SnusMissing	-0.005850337574433065	0.028380122243761376	-0.206142085089824	0.8367215940185799	-0.061541291459297015	0.04984061631043088	Snus	Missing	shannon	ko_hum	Snus	Non snuser	all
SnusSnuser	-0.8714964297642618	1.6768612833704926	-0.5197188571332229	0.6033737608170466	-4.16203914136334	2.4190462818348157	Snus	Snuser	invsimpson	mags	Snus	Non snuser	all
SnusMissing	-0.10241420547705798	2.046843552658799	-0.05003518971639257	0.9601042684369616	-4.1189814676462735	3.9141530566921574	Snus	Missing	invsimpson	mags	Snus	Non snuser	all
SnusSnuser	2.2589277844805076	6.182934993442059	0.3653487844974019	0.714927789988248	-9.873984985780233	14.391840554741247	Snus	Snuser	observed	mags	Snus	Non snuser	all
SnusMissing	-4.243086920077611	7.547136279751053	-0.5622115147783674	0.5740970368191465	-19.05300263884422	10.566828798688999	Snus	Missing	observed	mags	Snus	Non snuser	all
SnusSnuser	-0.014368349204687238	0.04952171490568998	-0.2901423997947279	0.7717670345549563	-0.11154592713842622	0.08280922872905173	Snus	Snuser	shannon	mags	Snus	Non snuser	all
SnusMissing	-0.02339743664612592	0.06044817414328904	-0.387066060765766	0.698789087239332	-0.1420162519466186	0.09522137865436676	Snus	Missing	shannon	mags	Snus	Non snuser	all
SnusSnuser	-1.1879515106430567	1.6001945663640549	-0.7423794178618588	0.45803061240370346	-4.328049394533615	1.9521463732475008	Snus	Snuser	invsimpson	metaphlan	Snus	Non snuser	all
SnusMissing	-1.3134510916311475	1.9532611096956434	-0.672440097799218	0.5014578236519064	-5.146379415576985	2.5194772323146895	Snus	Missing	invsimpson	metaphlan	Snus	Non snuser	all
SnusSnuser	0.04358418063569007	8.094040300084066	0.005384724935856497	0.9957046983856064	-15.839533630574614	15.926701991845995	Snus	Snuser	observed	metaphlan	Snus	Non snuser	all
SnusMissing	-1.6481235053049743	9.87990740050209	-0.16681568343658948	0.8675485676062064	-21.035688601119162	17.739441590509216	Snus	Missing	observed	metaphlan	Snus	Non snuser	all
SnusSnuser	-0.032312514508451844	0.04983407353491986	-0.6484020313091551	0.5168727797616242	-0.13010304082439184	0.06547801180748813	Snus	Snuser	shannon	metaphlan	Snus	Non snuser	all
SnusMissing	-0.05054429236907391	0.060829451505165645	-0.830918101649851	0.40621686108684973	-0.1699112968350407	0.06882271209689289	Snus	Missing	shannon	metaphlan	Snus	Non snuser	all
SnusSnuser	-53.15635583455636	31.931039456116164	-1.6647236275414967	0.09668467040200637	-115.91385494381893	9.601143274706217	Snus	Snuser	invsimpson	ko_hum	Snus	Non snuser	negative
SnusMissing	-5.648455669583907	40.09288334311944	-0.14088424674383687	0.8880263045742807	-84.44730260820558	73.15039126903775	Snus	Missing	invsimpson	ko_hum	Snus	Non snuser	negative
SnusSnuser	-267.4733349669059	107.29506766179327	-2.4928763343531637	0.013040463133236589	-478.35184778411053	-56.59482214970123	Snus	Snuser	observed	ko_hum	Snus	Non snuser	negative
SnusMissing	-53.01972373682576	134.72059489226592	-0.3935532186391016	0.6941028659868431	-317.8005688944131	211.76112142076158	Snus	Missing	observed	ko_hum	Snus	Non snuser	negative
SnusSnuser	-0.086190558910004	0.038058170380575296	-2.2647057924254614	0.02401979155730578	-0.160990366070733	-0.011390751749275008	Snus	Snuser	shannon	ko_hum	Snus	Non snuser	negative
SnusMissing	-0.02538036134146323	0.04778616077995234	-0.5311236752903367	0.5956029147240427	-0.11929963217210673	0.06853890948918026	Snus	Missing	shannon	ko_hum	Snus	Non snuser	negative
SnusSnuser	-1.7439339553086746	2.6555704633867063	-0.6567078446431424	0.5117144602248259	-6.96321161833675	3.4753437077194014	Snus	Snuser	invsimpson	mags	Snus	Non snuser	negative
SnusMissing	3.6901352733284805	3.3343567453956897	1.106700798714497	0.2690321389985688	-2.863233926152816	10.243504472809777	Snus	Missing	invsimpson	mags	Snus	Non snuser	negative
SnusSnuser	-1.389144360979503	10.117265764278264	-0.1373043264203113	0.8908534882620247	-21.27369268777219	18.495403965813182	Snus	Snuser	observed	mags	Snus	Non snuser	negative
SnusMissing	-3.973075326833996	12.703324506426268	-0.3127587053943339	0.7546131888489311	-28.940282469976857	20.994131816308865	Snus	Missing	observed	mags	Snus	Non snuser	negative
SnusSnuser	-0.0547651281088514	0.08221077535304609	-0.6661551101259895	0.5056634627857453	-0.21634278886998082	0.10681253265227802	Snus	Snuser	shannon	mags	Snus	Non snuser	negative
SnusMissing	0.06716342326280215	0.10322454520489271	0.6506536127573919	0.5156120551723502	-0.135714854866952	0.27004170139255634	Snus	Missing	shannon	mags	Snus	Non snuser	negative
SnusSnuser	-1.8449136590186603	2.530216494642341	-0.7291524906762764	0.4662989928669947	-6.817819712609193	3.127992394571873	Snus	Snuser	invsimpson	metaphlan	Snus	Non snuser	negative
SnusMissing	1.7797842967538173	3.1769612414888413	0.5602159300878801	0.5756192301061055	-4.464238625109074	8.023807218616708	Snus	Missing	invsimpson	metaphlan	Snus	Non snuser	negative
SnusSnuser	-4.909979171239297	13.408762027487658	-0.3661769193288651	0.7144102704783226	-31.26365839151245	21.443700049033858	Snus	Snuser	observed	metaphlan	Snus	Non snuser	negative
SnusMissing	-1.285928315830515	16.836155067314593	-0.07637897790137328	0.9391525487467335	-34.37583095092996	31.803974319268928	Snus	Missing	observed	metaphlan	Snus	Non snuser	negative
SnusSnuser	-0.06287771489482771	0.0831544928363435	-0.7561553531277913	0.4499634757670471	-0.2263101649182619	0.10055473512860647	Snus	Snuser	shannon	metaphlan	Snus	Non snuser	negative
SnusMissing	0.045867386394368784	0.10440948486270452	0.439302870373157	0.6606592374899323	-0.1593397808284528	0.2510745536171904	Snus	Missing	shannon	metaphlan	Snus	Non snuser	negative
SnusSnuser	-17.73917023120008	24.636558438669418	-0.7200344266980395	0.471803141263749	-66.13015193856052	30.65181147616035	Snus	Snuser	invsimpson	ko_hum	Snus	Non snuser	positive
SnusMissing	1.6142311389212616	29.554243228380084	0.054619268253540056	0.9564611984045233	-56.436037814012174	59.6645000918547	Snus	Missing	invsimpson	ko_hum	Snus	Non snuser	positive
SnusSnuser	-37.26039807301215	83.99234350125398	-0.44361660265445335	0.6574905356063695	-202.23766013847745	127.71686399245317	Snus	Snuser	observed	ko_hum	Snus	Non snuser	positive
SnusMissing	122.54821568895895	100.75799163820936	1.2162629851634152	0.22439534043560647	-75.36003283417762	320.4564642120955	Snus	Missing	observed	ko_hum	Snus	Non snuser	positive
SnusSnuser	-0.013952617211359344	0.029243858504539293	-0.4771127315225379	0.6334673247227685	-0.07139323033387254	0.04348799591115385	Snus	Snuser	shannon	ko_hum	Snus	Non snuser	positive
SnusMissing	0.002590780543592696	0.03508120297447536	0.0738509607403633	0.9411552541848067	-0.06631550990424312	0.07149707099142852	Snus	Missing	shannon	ko_hum	Snus	Non snuser	positive
SnusSnuser	-0.21550239409530714	2.1730851374324134	-0.09916886843648096	0.921039554332399	-4.483863309675696	4.052858521485081	Snus	Snuser	invsimpson	mags	Snus	Non snuser	positive
SnusMissing	-2.6696550722957744	2.606853017540381	-1.024091137602629	0.30623282726779383	-7.790020280756562	2.4507101361650134	Snus	Missing	invsimpson	mags	Snus	Non snuser	positive
SnusSnuser	3.868880796412631	7.793274727532409	0.4964383948565917	0.6197792522223602	-11.438623119739994	19.176384712565255	Snus	Snuser	observed	mags	Snus	Non snuser	positive
SnusMissing	-5.602264289184281	9.348884399436425	-0.5992441504060099	0.5492515693304997	-23.96528748025093	12.760758901882369	Snus	Missing	observed	mags	Snus	Non snuser	positive
SnusSnuser	0.016220933634247512	0.06133443187619018	0.2644670071615096	0.7915170429876616	-0.10425179303903058	0.1366936603075256	Snus	Snuser	shannon	mags	Snus	Non snuser	positive
SnusMissing	-0.08872729719354275	0.0735773514168375	-1.2059050167608822	0.22836155407916425	-0.23324749368737208	0.05579289930028658	Snus	Missing	shannon	mags	Snus	Non snuser	positive
SnusSnuser	-0.6673306796342853	2.076402568264205	-0.32138790898922304	0.7480359340278058	-4.74578826729303	3.4111269080244586	Snus	Snuser	invsimpson	metaphlan	Snus	Non snuser	positive
SnusMissing	-3.581958479643464	2.49087171389137	-1.4380341065608477	0.15098096822723936	-8.47451390057866	1.310596941291732	Snus	Missing	invsimpson	metaphlan	Snus	Non snuser	positive
SnusSnuser	1.99298857457869	10.072687724595504	0.19786065338968142	0.8432256347349146	-17.791724807294955	21.777701956452333	Snus	Snuser	observed	metaphlan	Snus	Non snuser	positive
SnusMissing	-3.1679534098343898	12.083289300219793	-0.2621764100092154	0.793281507840893	-26.90187846057942	20.565971640910643	Snus	Missing	observed	metaphlan	Snus	Non snuser	positive
SnusSnuser	-0.008074845954510758	0.06138778254194347	-0.13153832277609284	0.8953965478023465	-0.128652363688479	0.11250267177945748	Snus	Snuser	shannon	metaphlan	Snus	Non snuser	positive
SnusMissing	-0.12304385159185871	0.07364135136861623	-1.6708527112159484	0.09530750740118904	-0.26768975641071674	0.021602053226999318	Snus	Missing	shannon	metaphlan	Snus	Non snuser	positive
UtdanningHigh school	27.556224563670412	13.655326133813258	2.0179836273141665	0.04385802676257003	0.7600380944463438	54.35241103289448	Utdanning	High school	invsimpson	ko_hum	Utdanning	Primary school	all
UtdanningUniversity/college	39.20856243640572	13.97362749596953	2.805897212281836	0.0051144548818012605	11.78776527900282	66.62935959380863	Utdanning	University/college	invsimpson	ko_hum	Utdanning	Primary school	all
UtdanningMissing	-11.322552604580777	59.12108409298177	-0.19151463100327132	0.8481610651047093	-127.33732794527212	104.69222273611057	Utdanning	Missing	invsimpson	ko_hum	Utdanning	Primary school	all
UtdanningHigh school	18.329321026582985	46.64848831230566	0.3929242230502846	0.6944586948455871	-73.21016906503142	109.8688111181974	Utdanning	High school	observed	ko_hum	Utdanning	Primary school	all
UtdanningUniversity/college	38.88600740590097	47.73584991955212	0.8146080455555825	0.41548949518352474	-54.78723944126263	132.55925425306458	Utdanning	University/college	observed	ko_hum	Utdanning	Primary school	all
UtdanningMissing	-152.51236676111475	201.9658244187356	-0.7551394757011511	0.4503420505225859	-548.8349326597094	243.81019913747988	Utdanning	Missing	observed	ko_hum	Utdanning	Primary school	all
UtdanningHigh school	0.027845531122187284	0.016244609704847434	1.7141397440825006	0.08681108947693383	-0.004031670967698121	0.05972273321207269	Utdanning	High school	shannon	ko_hum	Utdanning	Primary school	all
UtdanningUniversity/college	0.0404204229644003	0.016623266453582735	2.431557183858331	0.015207779935193235	0.007800173308494744	0.07304067262030586	Utdanning	University/college	shannon	ko_hum	Utdanning	Primary school	all
UtdanningMissing	-0.04540944235645704	0.07033145360328065	-0.6456491374769324	0.5186538413170623	-0.1834226049083506	0.09260372019543651	Utdanning	Missing	shannon	ko_hum	Utdanning	Primary school	all
UtdanningHigh school	1.0914291284955409	1.171399521820678	0.9317308980962864	0.3516991591538068	-1.2072373192388268	3.3900955762299088	Utdanning	High school	invsimpson	mags	Utdanning	Primary school	all
UtdanningUniversity/college	2.3369895658448736	1.1987044766618122	1.9495960942374984	0.05150183266748069	-0.015258074626078422	4.689237206315825	Utdanning	University/college	invsimpson	mags	Utdanning	Primary school	all
UtdanningMissing	2.4329324390364517	5.071604219290777	0.47971654211153675	0.6315332386420581	-7.519202795705772	12.385067673778675	Utdanning	Missing	invsimpson	mags	Utdanning	Primary school	all
UtdanningHigh school	7.5347357801457715	4.288141855247263	1.7571097306227765	0.07920327814768993	-0.8799917506131418	15.949463310904685	Utdanning	High school	observed	mags	Utdanning	Primary school	all
UtdanningUniversity/college	18.038969989716698	4.3880970947098135	4.110886701086002	4.262652630994937e-5	9.428097803827054	26.64984217560634	Utdanning	University/college	observed	mags	Utdanning	Primary school	all
UtdanningMissing	6.727441081605746	18.565619945095577	0.3623601636520042	0.7171590122569464	-29.704337192341846	43.15921935555334	Utdanning	Missing	observed	mags	Utdanning	Primary school	all
UtdanningHigh school	0.0699105151882294	0.034442886615017314	2.029751918578972	0.042644546243970155	0.002322381208113705	0.1374986491683451	Utdanning	High school	shannon	mags	Utdanning	Primary school	all
UtdanningUniversity/college	0.125520302903632	0.0352457394812705	3.56129009494419	3.86314755467125e-4	0.056356710754252956	0.19468389505301104	Utdanning	University/college	shannon	mags	Utdanning	Primary school	all
UtdanningMissing	0.06890335055315942	0.14912135938878793	0.4620622480614276	0.6441365890624571	-0.22372120587039962	0.3615279069767185	Utdanning	Missing	shannon	mags	Utdanning	Primary school	all
UtdanningHigh school	1.1000897022920413	1.1171067881481054	0.9847668226201773	0.3249753988173272	-1.092036762350182	3.2922161669342644	Utdanning	High school	invsimpson	metaphlan	Utdanning	Primary school	all
UtdanningUniversity/college	2.659345467595673	1.1431461964241978	2.3263389021580974	0.020198376526389963	0.41612122375162963	4.902569711439716	Utdanning	University/college	invsimpson	metaphlan	Utdanning	Primary school	all
UtdanningMissing	2.8540235212899705	4.836542438880727	0.590095829273949	0.5552589234111269	-6.636844129072957	12.344891171652899	Utdanning	Missing	invsimpson	metaphlan	Utdanning	Primary school	all
UtdanningHigh school	9.718792356177087	5.613409277304768	1.7313528866442256	0.08369542684365187	-1.2965404340275057	20.73412514638168	Utdanning	High school	observed	metaphlan	Utdanning	Primary school	all
UtdanningUniversity/college	23.38027465192098	5.744256084023094	4.070200616046731	5.06546256946035e-5	12.108177915006632	34.652371388835334	Utdanning	University/college	observed	metaphlan	Utdanning	Primary school	all
UtdanningMissing	13.848492092716059	24.303399177708553	0.5698170857275844	0.5689289857932858	-33.84267323136006	61.539657416792174	Utdanning	Missing	observed	metaphlan	Utdanning	Primary school	all
UtdanningHigh school	0.0717124571532066	0.034652045322774064	2.0695014243813086	0.038753910978260864	0.0037138858331262625	0.13971102847328692	Utdanning	High school	shannon	metaphlan	Utdanning	Primary school	all
UtdanningUniversity/college	0.13214911841653282	0.03545977361279475	3.7267332797874997	2.0478106415217128e-4	0.06256552176173955	0.2017327150713261	Utdanning	University/college	shannon	metaphlan	Utdanning	Primary school	all
UtdanningMissing	0.09877705946476814	0.15002691736879442	0.658395581253966	0.510434618679998	-0.19562449592997347	0.3931786148595098	Utdanning	Missing	shannon	metaphlan	Utdanning	Primary school	all
UtdanningHigh school	30.175032021325332	21.44440127525248	1.4071286782041463	0.16010168417192414	-11.972219964360551	72.32228400701122	Utdanning	High school	invsimpson	ko_hum	Utdanning	Primary school	negative
UtdanningUniversity/college	57.664844445594056	21.931418178817726	2.629325836360603	0.00885785016847359	14.560399769266773	100.76928912192133	Utdanning	University/college	invsimpson	ko_hum	Utdanning	Primary school	negative
UtdanningMissing	17.56370994317297	74.2935964275618	0.23640947252160618	0.8132259688727688	-128.45439936953073	163.58181925587667	Utdanning	Missing	invsimpson	ko_hum	Utdanning	Primary school	negative
UtdanningHigh school	76.14671787775409	72.81977790583849	1.0456873128096817	0.2962848003870495	-66.97471925376225	219.2681550092704	Utdanning	High school	observed	ko_hum	Utdanning	Primary school	negative
UtdanningUniversity/college	64.78250296489938	74.47356447226211	0.869872463121163	0.38484874262666324	-81.58931911562635	211.1543250454251	Utdanning	University/college	observed	ko_hum	Utdanning	Primary school	negative
UtdanningMissing	-75.88084922999566	252.28231472819937	-0.30077752105512107	0.7637275255899293	-571.7215189647277	419.9598205047364	Utdanning	Missing	observed	ko_hum	Utdanning	Primary school	negative
UtdanningHigh school	0.04191375173286191	0.02564639993135076	1.6342937739821157	0.10291897222195971	-0.008492191830586492	0.09231969529631032	Utdanning	High school	shannon	ko_hum	Utdanning	Primary school	negative
UtdanningUniversity/college	0.0664582797166765	0.026228847075565342	2.5337857788872733	0.011632974339270281	0.01490758297311088	0.11800897646024214	Utdanning	University/college	shannon	ko_hum	Utdanning	Primary school	negative
UtdanningMissing	-0.0030915786997082464	0.08885131656804388	-0.034794967808278475	0.9722591571437428	-0.17772172017980425	0.17153856278038776	Utdanning	Missing	shannon	ko_hum	Utdanning	Primary school	negative
UtdanningHigh school	1.1105308345397797	1.7900743140229318	0.620382531518495	0.535330097398474	-2.407716759217767	4.628778428297327	Utdanning	High school	invsimpson	mags	Utdanning	Primary school	negative
UtdanningUniversity/college	2.8652422792956416	1.8307281163080626	1.565083451645366	0.11828882645755857	-0.7329071045419591	6.463391663133242	Utdanning	University/college	invsimpson	mags	Utdanning	Primary school	negative
UtdanningMissing	-0.25360661243360016	6.201668069643899	-0.04089329025443348	0.967399685597097	-12.442488153486842	11.935274928619641	Utdanning	Missing	invsimpson	mags	Utdanning	Primary school	negative
UtdanningHigh school	4.698910943258333	6.7254869981982	0.6986722217316309	0.4851293957085634	-8.51949471895227	17.917316605468937	Utdanning	High school	observed	mags	Utdanning	Primary school	negative
UtdanningUniversity/college	21.754494968130686	6.878227371351482	3.162805442975086	0.001671762934616282	8.235890344286762	35.27309959197461	Utdanning	University/college	observed	mags	Utdanning	Primary school	negative
UtdanningMissing	7.932578078360962	23.30028292277739	0.3404498608300761	0.7336817469072148	-37.862260540769945	53.72741669749187	Utdanning	Missing	observed	mags	Utdanning	Primary school	negative
UtdanningHigh school	0.042806253835892476	0.055091702904001685	0.7770000123336751	0.43758011262788166	-0.06547207274509359	0.15108458041687853	Utdanning	High school	shannon	mags	Utdanning	Primary school	negative
UtdanningUniversity/college	0.13692670406254429	0.05634287285815688	2.430240012916223	0.015491380256157424	0.026189303215141	0.24766410490994756	Utdanning	University/college	shannon	mags	Utdanning	Primary school	negative
UtdanningMissing	0.034166413890416636	0.1908638385152978	0.17900936162759917	0.8580135046179795	-0.34096116340142374	0.409293991182257	Utdanning	Missing	shannon	mags	Utdanning	Primary school	negative
UtdanningHigh school	0.8683019931680054	1.7000874117251101	0.5107396167864824	0.6097918947705767	-2.473083556372224	4.2096875427082345	Utdanning	High school	invsimpson	metaphlan	Utdanning	Primary school	negative
UtdanningUniversity/college	3.3629515704585984	1.7386975504005189	1.934178586542509	0.05373791544354672	-0.05431911213184648	6.780222253049043	Utdanning	University/college	invsimpson	metaphlan	Utdanning	Primary school	negative
UtdanningMissing	0.8692211025270493	5.889910678179861	0.1475779769882116	0.8827440572740747	-10.706926272261612	12.44536847731571	Utdanning	Missing	invsimpson	metaphlan	Utdanning	Primary school	negative
UtdanningHigh school	5.365232000558639	8.91665211920964	0.6017092434278131	0.5476804372250085	-12.15973309001389	22.890197091131167	Utdanning	High school	observed	metaphlan	Utdanning	Primary school	negative
UtdanningUniversity/college	28.085613884471062	9.119155339025685	3.079848170178424	0.00220202391585894	10.162644945530467	46.00858282341166	Utdanning	University/college	observed	metaphlan	Utdanning	Primary school	negative
UtdanningMissing	8.656678985179948	30.891520146753322	0.2802283262220671	0.7794352441197288	-52.05812797698249	69.37148594734239	Utdanning	Missing	observed	metaphlan	Utdanning	Primary school	negative
UtdanningHigh school	0.045961395007558886	0.05561530151891342	0.8264163593885853	0.4090199566218179	-0.0633460226857777	0.1552688127008955	Utdanning	High school	shannon	metaphlan	Utdanning	Primary school	negative
UtdanningUniversity/college	0.15239086846678782	0.05687836275288903	2.6792414741060284	0.0076580994422944465	0.04060100514960646	0.26418073178396917	Utdanning	University/college	shannon	metaphlan	Utdanning	Primary school	negative
UtdanningMissing	0.05776514142173142	0.192677832932161	0.2998016976974703	0.7644712950628608	-0.32092769650885633	0.4364579793523191	Utdanning	Missing	shannon	metaphlan	Utdanning	Primary school	negative
UtdanningHigh school	23.822793109324508	17.662270585980792	1.348795614547631	0.1779468191814008	-10.869467295947622	58.51505351459664	Utdanning	High school	invsimpson	ko_hum	Utdanning	Primary school	positive
UtdanningUniversity/college	25.789808750566834	18.072742243004377	1.4270003081878506	0.15413612921444195	-9.708700746243316	61.288318247376985	Utdanning	University/college	invsimpson	ko_hum	Utdanning	Primary school	positive
UtdanningMissing	-73.85504856579848	105.17496467012528	-0.7022112990238717	0.48283864046969716	-280.43988400294995	132.72978687135296	Utdanning	Missing	invsimpson	ko_hum	Utdanning	Primary school	positive
UtdanningHigh school	-26.412784244236967	60.339738347921724	-0.4377344842289443	0.6617472457362956	-144.9321957412861	92.10662725281219	Utdanning	High school	observed	ko_hum	Utdanning	Primary school	positive
UtdanningUniversity/college	13.472656247523421	61.742035536353434	0.21820881236723694	0.8273457700517769	-107.80114965141358	134.74646214646043	Utdanning	University/college	observed	ko_hum	Utdanning	Primary school	positive
UtdanningMissing	-400.69115226254644	359.3099662953025	-1.1151684891847236	0.26525570465996645	-1106.4483682583393	305.06606373324644	Utdanning	Missing	observed	ko_hum	Utdanning	Primary school	positive
UtdanningHigh school	0.015914316195529514	0.020971438915105396	0.7588566650076969	0.44825701166569853	-0.025277817985314435	0.05710645037637346	Utdanning	High school	shannon	ko_hum	Utdanning	Primary school	positive
UtdanningUniversity/college	0.02025047367322804	0.021458815735641984	0.9436901794908025	0.3457342206254136	-0.021898966845509384	0.062399914191965465	Utdanning	University/college	shannon	ko_hum	Utdanning	Primary school	positive
UtdanningMissing	-0.14018471687497322	0.12488033949205966	-1.122552336461951	0.26210786329687336	-0.38547488135677527	0.10510544760682883	Utdanning	Missing	shannon	ko_hum	Utdanning	Primary school	positive
UtdanningHigh school	1.0506682401513463	1.5594980318538596	0.6737220686981953	0.5007655054684115	-2.012500312227568	4.113836792530261	Utdanning	High school	invsimpson	mags	Utdanning	Primary school	positive
UtdanningUniversity/college	2.0000150611941367	1.5957408092557737	1.2533458125489125	0.21060197916107135	-1.1343416130809238	5.134371735469197	Utdanning	University/college	invsimpson	mags	Utdanning	Primary school	positive
UtdanningMissing	9.60077621526854	9.286470253351716	1.0338455789274061	0.30165381750117687	-8.639723651764891	27.841276082301974	Utdanning	Missing	invsimpson	mags	Utdanning	Primary school	positive
UtdanningHigh school	9.099091293234336	5.567785877245671	1.6342387250235935	0.10276973320121921	-1.8371627174771152	20.03534530394579	Utdanning	High school	observed	mags	Utdanning	Primary school	positive
UtdanningUniversity/college	15.088432151840538	5.697181375058935	2.648402983604231	0.008314964819556297	3.8980192953818893	26.278845008299186	Utdanning	University/college	observed	mags	Utdanning	Primary school	positive
UtdanningMissing	5.480198247043664	33.154949137453606	0.1652905038196225	0.8687748771048701	-59.64280638595442	70.60320288004175	Utdanning	Missing	observed	mags	Utdanning	Primary school	positive
UtdanningHigh school	0.08953805412575415	0.04384812288752107	2.04200426904104	0.041618235383988636	0.0034115003459881665	0.17566460790552013	Utdanning	High school	shannon	mags	Utdanning	Primary school	positive
UtdanningUniversity/college	0.12009398171726154	0.04486715447643244	2.6766569691943314	0.007653571818311675	0.03196584444506666	0.20822211898945642	Utdanning	University/college	shannon	mags	Utdanning	Primary school	positive
UtdanningMissing	0.15314290455339388	0.2611059972779966	0.5865162277002177	0.5577645812138528	-0.35972191692298483	0.6660077260297725	Utdanning	Missing	shannon	mags	Utdanning	Primary school	positive
UtdanningHigh school	1.2310643773527434	1.4910947992724553	0.8256110731211808	0.4093756991073142	-1.697746435135125	4.159875189840612	Utdanning	High school	invsimpson	metaphlan	Utdanning	Primary school	positive
UtdanningUniversity/college	2.23350015221403	1.5257478836568845	1.4638723580338961	0.1437889155842119	-0.7633763045780713	5.230376609006131	Utdanning	University/college	invsimpson	metaphlan	Utdanning	Primary school	positive
UtdanningMissing	8.248488852198465	8.8791439396114	0.9289734357611353	0.35330238516803003	-9.191940011652909	25.688917716049836	Utdanning	Missing	invsimpson	metaphlan	Utdanning	Primary school	positive
UtdanningHigh school	12.281166437702037	7.192320702704269	1.707538768826645	0.08827523062570802	-1.846001500405423	26.408334375809495	Utdanning	High school	observed	metaphlan	Utdanning	Primary school	positive
UtdanningUniversity/college	19.541157637136077	7.359470434801985	2.6552396412557715	0.008150388118456243	5.085673925335955	33.9966413489362	Utdanning	University/college	observed	metaphlan	Utdanning	Primary school	positive
UtdanningMissing	28.134831910859088	42.828699295523	0.656915394902037	0.5115047090350135	-55.98936840338213	112.25903222510031	Utdanning	Missing	observed	metaphlan	Utdanning	Primary school	positive
UtdanningHigh school	0.089688310703868	0.04392704519459701	2.041756059542552	0.04164295024867875	0.0034067376011030354	0.17596988380663298	Utdanning	High school	shannon	metaphlan	Utdanning	Primary school	positive
UtdanningUniversity/college	0.12075938907981751	0.04494791094010812	2.68665187222441	0.007431174486293188	0.03247262983126874	0.20904614832836627	Utdanning	University/college	shannon	metaphlan	Utdanning	Primary school	positive
UtdanningMissing	0.20742774316064722	0.26157596238344494	0.7929923731163734	0.4281175032471495	-0.30636018453473285	0.7212156708560273	Utdanning	Missing	shannon	metaphlan	Utdanning	Primary school	positive
Sivilstatus_cat2Not married/non-cohabiting	-20.549404493257573	12.300625593997989	-1.6705983233311745	0.09511178519877833	-44.68719949027897	3.5883905037638293	Sivilstatus_cat2	Not married/non-cohabiting	invsimpson	ko_hum	Sivilstatus_cat2	Married/cohabiting	all
Sivilstatus_cat2Missing	73.38336376079307	109.00407815116382	0.6732166814807339	0.5009639192933388	-140.5177969684571	287.2845244900433	Sivilstatus_cat2	Missing	invsimpson	ko_hum	Sivilstatus_cat2	Married/cohabiting	all
Sivilstatus_cat2Not married/non-cohabiting	-54.1972125826962	41.908174657839616	-1.2932372508511945	0.196225605376826	-136.43456879357785	28.04014362818544	Sivilstatus_cat2	Not married/non-cohabiting	observed	ko_hum	Sivilstatus_cat2	Married/cohabiting	all
Sivilstatus_cat2Missing	156.54253305335527	371.37639144181236	0.42151988295648707	0.6734654556469173	-572.2177348577393	885.3028009644497	Sivilstatus_cat2	Missing	observed	ko_hum	Sivilstatus_cat2	Married/cohabiting	all
Sivilstatus_cat2Not married/non-cohabiting	-0.03201952370408519	0.014612400381718548	-2.191256937097381	0.028661701236112825	-0.060693766500355864	-0.0033452809078145067	Sivilstatus_cat2	Not married/non-cohabiting	shannon	ko_hum	Sivilstatus_cat2	Married/cohabiting	all
Sivilstatus_cat2Missing	0.02186168017492902	0.12949026218326218	0.16882875828909122	0.8659652417365584	-0.23223998146862646	0.2759633418184845	Sivilstatus_cat2	Missing	shannon	ko_hum	Sivilstatus_cat2	Married/cohabiting	all
Sivilstatus_cat2Not married/non-cohabiting	-2.1093314382368527	1.0525517069007433	-2.004016928011846	0.04533569764014122	-4.1747773889966195	-0.04388548747708576	Sivilstatus_cat2	Not married/non-cohabiting	invsimpson	mags	Sivilstatus_cat2	Married/cohabiting	all
Sivilstatus_cat2Missing	3.25253489834788	9.327365314909873	0.3487088570604901	0.7273807873438111	-15.05076440241932	21.55583419911508	Sivilstatus_cat2	Missing	invsimpson	mags	Sivilstatus_cat2	Married/cohabiting	all
Sivilstatus_cat2Not married/non-cohabiting	-11.670244688769623	3.8719280880339073	-3.014065453549153	0.00264226492109204	-19.26821649255939	-4.072272884979855	Sivilstatus_cat2	Not married/non-cohabiting	observed	mags	Sivilstatus_cat2	Married/cohabiting	all
Sivilstatus_cat2Missing	0.340041980001504	34.311746884619744	0.00991036629947652	0.992094764115506	-66.99067270289714	67.67075666290015	Sivilstatus_cat2	Missing	observed	mags	Sivilstatus_cat2	Married/cohabiting	all
Sivilstatus_cat2Not married/non-cohabiting	-0.0841097913314112	0.031031881315644393	-2.7104315873046385	0.006833802827971338	-0.14500435184339142	-0.02321523081943097	Sivilstatus_cat2	Not married/non-cohabiting	shannon	mags	Sivilstatus_cat2	Married/cohabiting	all
Sivilstatus_cat2Missing	0.10878461289478951	0.2749942749057138	0.39558864609849803	0.6924923046606593	-0.43084285420473084	0.6484120799943098	Sivilstatus_cat2	Missing	shannon	mags	Sivilstatus_cat2	Married/cohabiting	all
Sivilstatus_cat2Not married/non-cohabiting	-2.123216606346719	1.004594810634339	-2.1135054490337652	0.03480297442622119	-4.094555658077162	-0.15187755461627583	Sivilstatus_cat2	Not married/non-cohabiting	invsimpson	metaphlan	Sivilstatus_cat2	Married/cohabiting	all
Sivilstatus_cat2Missing	1.8598477424224364	8.902387151924318	0.20891562124664692	0.8345563606669848	-15.609507325348888	19.32920281019376	Sivilstatus_cat2	Missing	invsimpson	metaphlan	Sivilstatus_cat2	Married/cohabiting	all
Sivilstatus_cat2Not married/non-cohabiting	-13.876072370686378	5.071608420593681	-2.736029917913507	0.00632790164370881	-23.828203945294305	-3.923940796078451	Sivilstatus_cat2	Not married/non-cohabiting	observed	metaphlan	Sivilstatus_cat2	Married/cohabiting	all
Sivilstatus_cat2Missing	-4.315627835717859	44.942917448055816	-0.09602464817077754	0.9235201023044055	-92.50812826094501	83.87687258950929	Sivilstatus_cat2	Missing	observed	metaphlan	Sivilstatus_cat2	Married/cohabiting	all
Sivilstatus_cat2Not married/non-cohabiting	-0.09207910220600424	0.0312215468560842	-2.9492165340315486	0.003259443572190651	-0.1533458476851758	-0.030812356726832656	Sivilstatus_cat2	Not married/non-cohabiting	shannon	metaphlan	Sivilstatus_cat2	Married/cohabiting	all
Sivilstatus_cat2Missing	0.06931628183960141	0.2766750282328268	0.2505332059865936	0.8022261341332759	-0.4736093654167242	0.612241929095927	Sivilstatus_cat2	Missing	shannon	metaphlan	Sivilstatus_cat2	Married/cohabiting	all
Sivilstatus_cat2Not married/non-cohabiting	-37.30623081938064	21.247632059101566	-1.7557829839866914	0.07982601802327285	-79.06648268514297	4.4540210463816905	Sivilstatus_cat2	Not married/non-cohabiting	invsimpson	ko_hum	Sivilstatus_cat2	Married/cohabiting	negative
Sivilstatus_cat2Missing	-17.150177425380523	162.5656363332759	-0.10549694149519358	0.9160299032077235	-336.6578712291946	302.3575163784335	Sivilstatus_cat2	Missing	invsimpson	ko_hum	Sivilstatus_cat2	Married/cohabiting	negative
Sivilstatus_cat2Not married/non-cohabiting	-25.47736474745061	71.87225041889069	-0.354481244137504	0.7231492490817424	-166.7356127867349	115.78088329183366	Sivilstatus_cat2	Not married/non-cohabiting	observed	ko_hum	Sivilstatus_cat2	Married/cohabiting	negative
Sivilstatus_cat2Missing	-438.26787135697737	549.8945996218255	-0.7970034105779249	0.42588185307230686	-1519.0347500357382	642.4990073217834	Sivilstatus_cat2	Missing	observed	ko_hum	Sivilstatus_cat2	Married/cohabiting	negative
Sivilstatus_cat2Not married/non-cohabiting	-0.026549837197366286	0.02545124012360661	-1.0431647757996947	0.29744870934943685	-0.0765718911797313	0.023472216784998733	Sivilstatus_cat2	Not married/non-cohabiting	shannon	ko_hum	Sivilstatus_cat2	Married/cohabiting	negative
Sivilstatus_cat2Missing	-0.07727098198854511	0.19472744231716813	-0.39681608852381317	0.6916967996885288	-0.4599897251276097	0.3054477611505195	Sivilstatus_cat2	Missing	shannon	ko_hum	Sivilstatus_cat2	Married/cohabiting	negative
Sivilstatus_cat2Not married/non-cohabiting	-1.3950031639824692	1.769942643032131	-0.7881629212530051	0.43102873386860263	-4.873661414246814	2.083655086281876	Sivilstatus_cat2	Not married/non-cohabiting	invsimpson	mags	Sivilstatus_cat2	Married/cohabiting	negative
Sivilstatus_cat2Missing	-0.6940718104971374	13.541831449150434	-0.051253910012347775	0.9591466133576287	-27.30928664795397	25.921143026959694	Sivilstatus_cat2	Missing	invsimpson	mags	Sivilstatus_cat2	Married/cohabiting	negative
Sivilstatus_cat2Not married/non-cohabiting	-12.755972684759747	6.707699862205468	-1.901691033707884	0.05786892407114998	-25.93933518400118	0.4273898144816872	Sivilstatus_cat2	Not married/non-cohabiting	observed	mags	Sivilstatus_cat2	Married/cohabiting	negative
Sivilstatus_cat2Missing	-7.985578445200621	51.320612734582866	-0.15560177518729165	0.8764187742618599	-108.85148706692831	92.88033017652708	Sivilstatus_cat2	Missing	observed	mags	Sivilstatus_cat2	Married/cohabiting	negative
Sivilstatus_cat2Not married/non-cohabiting	-0.06647094881376599	0.05468912823046105	-1.215432590800426	0.22485736503032552	-0.1739573624936721	0.04101546486614013	Sivilstatus_cat2	Not married/non-cohabiting	shannon	mags	Sivilstatus_cat2	Married/cohabiting	negative
Sivilstatus_cat2Missing	-0.003884574929735531	0.41842652896884514	-0.009283768262276615	0.992596967636804	-0.8262631434427731	0.8184939935833021	Sivilstatus_cat2	Missing	shannon	mags	Sivilstatus_cat2	Married/cohabiting	negative
Sivilstatus_cat2Not married/non-cohabiting	-2.005477184290726	1.683242247586662	-1.1914370537966632	0.23412872952017866	-5.313733841540237	1.3027794729587843	Sivilstatus_cat2	Not married/non-cohabiting	invsimpson	metaphlan	Sivilstatus_cat2	Married/cohabiting	negative
Sivilstatus_cat2Missing	-0.13494855782809995	12.878486709523232	-0.010478603649007129	0.9916442188385388	-25.446420779467445	25.176523663811246	Sivilstatus_cat2	Missing	invsimpson	metaphlan	Sivilstatus_cat2	Married/cohabiting	negative
Sivilstatus_cat2Not married/non-cohabiting	-18.648185178251858	8.88198664280603	-2.099551139649142	0.03634125879946427	-36.10490686094088	-1.1914634955628358	Sivilstatus_cat2	Not married/non-cohabiting	observed	metaphlan	Sivilstatus_cat2	Married/cohabiting	negative
Sivilstatus_cat2Missing	-15.395621140748405	67.95608124590582	-0.2265525153670622	0.8208776521795054	-148.95700156872027	118.16575928722347	Sivilstatus_cat2	Missing	observed	metaphlan	Sivilstatus_cat2	Married/cohabiting	negative
Sivilstatus_cat2Not married/non-cohabiting	-0.09506638034395626	0.05521627599253867	-1.7217093807051111	0.08582983523940453	-0.20358885410122074	0.01345609341330821	Sivilstatus_cat2	Not married/non-cohabiting	shannon	metaphlan	Sivilstatus_cat2	Married/cohabiting	negative
Sivilstatus_cat2Missing	-0.010400770608904047	0.4224597365820719	-0.024619554736865376	0.9803696595163169	-0.840706234941992	0.8199046937241838	Sivilstatus_cat2	Missing	shannon	metaphlan	Sivilstatus_cat2	Married/cohabiting	negative
Sivilstatus_cat2Not married/non-cohabiting	-10.056836676836571	14.999908420143258	-0.6704598718303723	0.5028400931025043	-39.51956767387094	19.4058943201978	Sivilstatus_cat2	Not married/non-cohabiting	invsimpson	ko_hum	Sivilstatus_cat2	Married/cohabiting	positive
Sivilstatus_cat2Missing	145.87030165171112	147.94512265095253	0.985975739097959	0.3245693042943606	-144.72262924477238	436.4632325481946	Sivilstatus_cat2	Missing	invsimpson	ko_hum	Sivilstatus_cat2	Married/cohabiting	positive
Sivilstatus_cat2Not married/non-cohabiting	-46.24560848830953	51.1287812359314	-0.9044926824074156	0.36612177285464453	-146.67245681076605	54.18123983414698	Sivilstatus_cat2	Not married/non-cohabiting	observed	ko_hum	Sivilstatus_cat2	Married/cohabiting	positive
Sivilstatus_cat2Missing	710.5668119273258	504.2866662296161	1.4090533411085362	0.1593724448039424	-279.95006166652877	1701.0836855211805	Sivilstatus_cat2	Missing	observed	ko_hum	Sivilstatus_cat2	Married/cohabiting	positive
Sivilstatus_cat2Not married/non-cohabiting	-0.033270666251293546	0.017762011835400944	-1.8731361379335847	0.061568422903436094	-0.06815870436556629	0.0016173718629792014	Sivilstatus_cat2	Not married/non-cohabiting	shannon	ko_hum	Sivilstatus_cat2	Married/cohabiting	positive
Sivilstatus_cat2Missing	0.10169267192941371	0.1751879375468191	0.580477590828628	0.5618252682256912	-0.24241043412260926	0.4457957779814367	Sivilstatus_cat2	Missing	shannon	ko_hum	Sivilstatus_cat2	Married/cohabiting	positive
Sivilstatus_cat2Not married/non-cohabiting	-2.828656005727043	1.31959261539591	-2.143582779052137	0.032494851489610455	-5.420591980540909	-0.23672003091317695	Sivilstatus_cat2	Not married/non-cohabiting	invsimpson	mags	Sivilstatus_cat2	Married/cohabiting	positive
Sivilstatus_cat2Missing	7.291748465157368	13.015232217809409	0.5602472812724536	0.5755340321603852	-18.272693327187344	32.85619025750208	Sivilstatus_cat2	Missing	invsimpson	mags	Sivilstatus_cat2	Married/cohabiting	positive
Sivilstatus_cat2Not married/non-cohabiting	-11.91492408760323	4.72452379722411	-2.5219312250271306	0.01194645370030863	-21.194805659398313	-2.6350425158081485	Sivilstatus_cat2	Not married/non-cohabiting	observed	mags	Sivilstatus_cat2	Married/cohabiting	positive
Sivilstatus_cat2Missing	9.667452931976953	46.598301340895084	0.20746363394780468	0.8357229427955626	-81.86065369845177	101.19555956240568	Sivilstatus_cat2	Missing	observed	mags	Sivilstatus_cat2	Married/cohabiting	positive
Sivilstatus_cat2Not married/non-cohabiting	-0.1060728040977046	0.03714220138838556	-2.855856684113338	0.004450743479012346	-0.17902729538474066	-0.03311831281066854	Sivilstatus_cat2	Not married/non-cohabiting	shannon	mags	Sivilstatus_cat2	Married/cohabiting	positive
Sivilstatus_cat2Missing	0.22331163380425245	0.3663360725957419	0.6095813394021959	0.5423855396978892	-0.49624350340606627	0.9428667710145712	Sivilstatus_cat2	Missing	shannon	mags	Sivilstatus_cat2	Married/cohabiting	positive
Sivilstatus_cat2Not married/non-cohabiting	-2.493891567459215	1.263169354404961	-1.9743129128033732	0.04883535345752163	-4.975001308272919	-0.012781826645511085	Sivilstatus_cat2	Not married/non-cohabiting	invsimpson	metaphlan	Sivilstatus_cat2	Married/cohabiting	positive
Sivilstatus_cat2Missing	3.5254312673579005	12.458725735645636	0.28296884787111865	0.7773049117113149	-20.945923799198617	27.99678633391442	Sivilstatus_cat2	Missing	invsimpson	metaphlan	Sivilstatus_cat2	Married/cohabiting	positive
Sivilstatus_cat2Not married/non-cohabiting	-12.114523881656652	6.116884853131271	-1.9805054652050793	0.048133937808118595	-24.129272766764814	-0.09977499654849176	Sivilstatus_cat2	Not married/non-cohabiting	observed	metaphlan	Sivilstatus_cat2	Married/cohabiting	positive
Sivilstatus_cat2Missing	8.763730739899982	60.331253664388484	0.14526021270254025	0.8845575080742472	-109.73855925013088	127.26602072993084	Sivilstatus_cat2	Missing	observed	metaphlan	Sivilstatus_cat2	Married/cohabiting	positive
Sivilstatus_cat2Not married/non-cohabiting	-0.10194546817612392	0.03724572616214069	-2.737105130729035	0.006394467124617619	-0.17510330220867837	-0.028787634143569468	Sivilstatus_cat2	Not married/non-cohabiting	shannon	metaphlan	Sivilstatus_cat2	Married/cohabiting	positive
Sivilstatus_cat2Missing	0.1400108572259581	0.36735714451975765	0.3811300782212713	0.7032507650493577	-0.5815498633908234	0.8615715778427395	Sivilstatus_cat2	Missing	shannon	metaphlan	Sivilstatus_cat2	Married/cohabiting	positive
Arbeid_lumpRetired	8.740192035091884	15.327668212251671	0.5702232012111077	0.5686535209486296	-21.337636955184827	38.818021025368594	Arbeid_lump	Retired	invsimpson	ko_hum	Arbeid_lump	Employed	all
Arbeid_lumpOther	-28.385250724555757	16.57418779881494	-1.7126179013481018	0.0870906980944139	-60.909153210063266	4.138651760951749	Arbeid_lump	Other	invsimpson	ko_hum	Arbeid_lump	Employed	all
Arbeid_lumpRetired	68.31376576800386	52.23603291595709	1.307790081951942	0.1912429923456122	-34.190179608421886	170.8177111444296	Arbeid_lump	Retired	observed	ko_hum	Arbeid_lump	Employed	all
Arbeid_lumpOther	77.93612642645084	56.484117964017955	1.379788323438076	0.16795810793521526	-32.90393203921798	188.77618489211966	Arbeid_lump	Other	observed	ko_hum	Arbeid_lump	Employed	all
Arbeid_lumpRetired	0.00411282779558806	0.018238032307398132	0.2255083073802715	0.8216296203581518	-0.03167607429080946	0.03990172988198558	Arbeid_lump	Retired	shannon	ko_hum	Arbeid_lump	Employed	all
Arbeid_lumpOther	-0.02920281240940471	0.019721236678521832	-1.4807799777185957	0.13897801574627625	-0.06790223988130285	0.009496615062493437	Arbeid_lump	Other	shannon	ko_hum	Arbeid_lump	Employed	all
Arbeid_lumpRetired	-0.661668152182487	1.3117534396428783	-0.5044150311987171	0.6140801068852619	-3.2357515084133412	1.912415204048367	Arbeid_lump	Retired	invsimpson	mags	Arbeid_lump	Employed	all
Arbeid_lumpOther	-3.201581351377333	1.4184315287438414	-2.2571278813949123	0.02421369338572063	-5.9850015275703745	-0.4181611751842915	Arbeid_lump	Other	invsimpson	mags	Arbeid_lump	Employed	all
Arbeid_lumpRetired	-0.4357142805848203	4.822493122042458	-0.09035042032372737	0.9280267217087151	-9.899001286995723	9.027572725826083	Arbeid_lump	Retired	observed	mags	Arbeid_lump	Employed	all
Arbeid_lumpOther	-16.51298513320802	5.214681421622664	-3.16663354826183	0.001588506008036255	-26.745872084203576	-6.280098182212463	Arbeid_lump	Other	observed	mags	Arbeid_lump	Employed	all
Arbeid_lumpRetired	-0.013541367503003363	0.03859505215903379	-0.3508576033841112	0.7257685649439338	-0.08927730871957644	0.06219457371356972	Arbeid_lump	Retired	shannon	mags	Arbeid_lump	Employed	all
Arbeid_lumpOther	-0.14314752256113475	0.04173378714432084	-3.4300151593267123	6.280288723748338e-4	-0.22504267422159008	-0.06125237090067942	Arbeid_lump	Other	shannon	mags	Arbeid_lump	Employed	all
Arbeid_lumpRetired	-0.5542121672165222	1.2523920844372876	-0.44252289207459766	0.658205900168657	-3.0118093974574047	1.9033850630243605	Arbeid_lump	Retired	invsimpson	metaphlan	Arbeid_lump	Employed	all
Arbeid_lumpOther	-2.959472013571204	1.3542426230639024	-2.1853336788909767	0.029094205657341624	-5.616932852611384	-0.3020111745310241	Arbeid_lump	Other	invsimpson	metaphlan	Arbeid_lump	Employed	all
Arbeid_lumpRetired	1.331331372451916	6.314997885373138	0.21082055712727302	0.8330699490634065	-11.060731388822418	13.723394133726252	Arbeid_lump	Retired	observed	metaphlan	Arbeid_lump	Employed	all
Arbeid_lumpOther	-19.80807332039394	6.828563839712571	-2.9007670991075782	0.0038034801071303984	-33.20791813539924	-6.408228505388646	Arbeid_lump	Other	observed	metaphlan	Arbeid_lump	Employed	all
Arbeid_lumpRetired	-0.005227557735909839	0.0388721631724544	-0.13448075201573018	0.8930493032990365	-0.08150728014330522	0.07105216467148553	Arbeid_lump	Retired	shannon	metaphlan	Arbeid_lump	Employed	all
Arbeid_lumpOther	-0.13630298892245862	0.042033434156113665	-3.242727882195504	0.0012227992261294115	-0.21878614467155594	-0.053819833173361295	Arbeid_lump	Other	shannon	metaphlan	Arbeid_lump	Employed	all
Arbeid_lumpRetired	9.940508603310157	24.448400355631886	0.4065913703437976	0.6845071854706049	-38.110556744879595	57.99157395149991	Arbeid_lump	Retired	invsimpson	ko_hum	Arbeid_lump	Employed	negative
Arbeid_lumpOther	-46.33234537590186	23.817976178439555	-1.9452679366537742	0.05238368560491564	-93.14437042310237	0.47967967129865485	Arbeid_lump	Other	invsimpson	ko_hum	Arbeid_lump	Employed	negative
Arbeid_lumpRetired	37.22138452230433	82.8969428750016	0.44900792757134117	0.6536485195703567	-125.70487491839862	200.14764396300728	Arbeid_lump	Retired	observed	ko_hum	Arbeid_lump	Employed	negative
Arbeid_lumpOther	-47.872267844228254	80.75937001773717	-0.5927766379766716	0.5536372626279805	-206.5973259156453	110.85279022718882	Arbeid_lump	Other	observed	ko_hum	Arbeid_lump	Employed	negative
Arbeid_lumpRetired	-0.008008850778179102	0.029222103159548655	-0.27406825355628517	0.7841616698691263	-0.06544218662452851	0.04942448506817031	Arbeid_lump	Retired	shannon	ko_hum	Arbeid_lump	Employed	negative
Arbeid_lumpOther	-0.06353911273669628	0.028468584725941028	-2.2319027569641854	0.0261276156198144	-0.11949147792780178	-0.007586747545590786	Arbeid_lump	Other	shannon	ko_hum	Arbeid_lump	Employed	negative
Arbeid_lumpRetired	-0.6029105501084477	2.0368669213980843	-0.2959989893176802	0.7673714597887294	-4.606183734528443	3.400362634311548	Arbeid_lump	Retired	invsimpson	mags	Arbeid_lump	Employed	negative
Arbeid_lumpOther	-3.200335524998371	1.9843444604479197	-1.6127923295514779	0.10751151861451452	-7.100380679500134	0.6997096295033924	Arbeid_lump	Other	invsimpson	mags	Arbeid_lump	Employed	negative
Arbeid_lumpRetired	0.704420145095786	7.6812669202298185	0.09170624486965624	0.9269734582400261	-14.392398189516754	15.801238479708328	Arbeid_lump	Retired	observed	mags	Arbeid_lump	Employed	negative
Arbeid_lumpOther	-21.755032251594	7.483198485995221	-2.9071836451095696	0.0038326061316101565	-36.46256543305222	-7.0474990701357765	Arbeid_lump	Other	observed	mags	Arbeid_lump	Employed	negative
Arbeid_lumpRetired	-3.9231964342723323e-4	0.06275313303088759	-0.006251793726922454	0.9950146757057416	-0.12372778749444403	0.12294314820758957	Arbeid_lump	Retired	shannon	mags	Arbeid_lump	Employed	negative
Arbeid_lumpOther	-0.1404098967837963	0.06113498658033157	-2.296719188762678	0.022106961857322485	-0.26056504773441935	-0.020254745833173257	Arbeid_lump	Other	shannon	mags	Arbeid_lump	Employed	negative
Arbeid_lumpRetired	-0.32320008154600516	1.9392297806637684	-0.16666414922494577	0.8677114026690982	-4.134576513557238	3.4881763504652277	Arbeid_lump	Retired	invsimpson	metaphlan	Arbeid_lump	Employed	negative
Arbeid_lumpOther	-2.893363925662827	1.889224981941622	-1.5315083980570787	0.12636735870971513	-6.60646055956173	0.8197327082360752	Arbeid_lump	Other	invsimpson	metaphlan	Arbeid_lump	Employed	negative
Arbeid_lumpRetired	3.5168779842167703	10.188975480929008	0.345165025747624	0.7301363843298222	-16.50860914555537	23.542365113988907	Arbeid_lump	Retired	observed	metaphlan	Arbeid_lump	Employed	negative
Arbeid_lumpOther	-26.643786139150986	9.926243507034535	-2.684176155891104	0.00754717672256655	-46.15289792071945	-7.134674357582526	Arbeid_lump	Other	observed	metaphlan	Arbeid_lump	Employed	negative
Arbeid_lumpRetired	0.013164448177518407	0.0634312114084181	0.20753896835984628	0.8356856415302569	-0.1115037198892983	0.13783261624433513	Arbeid_lump	Retired	shannon	metaphlan	Arbeid_lump	Employed	negative
Arbeid_lumpOther	-0.14179587690716092	0.06179558009189914	-2.294595773618268	0.02222959104047218	-0.2632493631897973	-0.02034239062452456	Arbeid_lump	Other	shannon	metaphlan	Arbeid_lump	Employed	negative
Arbeid_lumpRetired	8.670659265250418	19.590019713945264	0.442605948940325	0.6582210764225971	-29.807941062967924	47.149259593468756	Arbeid_lump	Retired	invsimpson	ko_hum	Arbeid_lump	Employed	positive
Arbeid_lumpOther	-8.25165437324146	23.570337999699955	-0.3500863828658928	0.726405032055057	-54.548372229316506	38.04506348283359	Arbeid_lump	Other	invsimpson	ko_hum	Arbeid_lump	Employed	positive
Arbeid_lumpRetired	109.69666973603427	66.45614208663045	1.6506626218692717	0.09936616613457692	-20.836089701998844	240.22942917406738	Arbeid_lump	Retired	observed	ko_hum	Arbeid_lump	Employed	positive
Arbeid_lumpOther	207.76165229669238	79.95876237035736	2.5983600313167754	0.009612779493809707	50.707126323050886	364.81617827033386	Arbeid_lump	Other	observed	ko_hum	Arbeid_lump	Employed	positive
Arbeid_lumpRetired	0.016572916936132116	0.023247290378435027	0.712896714685756	0.4762055606913468	-0.029089272701638684	0.06223510657390292	Arbeid_lump	Retired	shannon	ko_hum	Arbeid_lump	Employed	positive
Arbeid_lumpOther	0.008873933579933956	0.027970696293216468	0.3172582293593487	0.7511654967982546	-0.04606594189157992	0.06381380905144783	Arbeid_lump	Other	shannon	ko_hum	Arbeid_lump	Employed	positive
Arbeid_lumpRetired	-0.6678960796530685	1.7268254582645743	-0.38677683170381966	0.6990678355093978	-4.059716384859562	2.7239242255534246	Arbeid_lump	Retired	invsimpson	mags	Arbeid_lump	Employed	positive
Arbeid_lumpOther	-2.748179073106882	2.077683448618939	-1.322713079768542	0.18646878383852442	-6.8291525583480555	1.3327944121342918	Arbeid_lump	Other	invsimpson	mags	Arbeid_lump	Employed	positive
Arbeid_lumpRetired	-1.2699588934519423	6.188685977965394	-0.20520654917273032	0.8374850555320811	-13.425739121353601	10.885821334449716	Arbeid_lump	Retired	observed	mags	Arbeid_lump	Employed	positive
Arbeid_lumpOther	-10.49194039074237	7.446108906710802	-1.4090500853790244	0.15937340699036184	-25.117543264319572	4.133662482834831	Arbeid_lump	Other	observed	mags	Arbeid_lump	Employed	positive
Arbeid_lumpRetired	-0.023736581478065722	0.04860016683834101	-0.4884053496569433	0.6254532631947414	-0.1191967404245132	0.07172357746838176	Arbeid_lump	Retired	shannon	mags	Arbeid_lump	Employed	positive
Arbeid_lumpOther	-0.13511001627461233	0.058474793591251996	-2.3105685027133673	0.0212178797906501	-0.2499658584191281	-0.020254174130096572	Arbeid_lump	Other	shannon	mags	Arbeid_lump	Employed	positive
Arbeid_lumpRetired	-0.7092962703544632	1.6516893846674514	-0.4294368402066541	0.6677699330940805	-3.9535347462217434	2.5349422055128175	Arbeid_lump	Retired	invsimpson	metaphlan	Arbeid_lump	Employed	positive
Arbeid_lumpOther	-2.584376750551689	1.9872811582427916	-1.3004585384570675	0.193976878626498	-6.487782594160371	1.3190290930569928	Arbeid_lump	Other	invsimpson	metaphlan	Arbeid_lump	Employed	positive
Arbeid_lumpRetired	-0.2175252599267489	7.997571371482896	-0.02719891449826671	0.9783107366409699	-15.926307430300385	15.491256910446888	Arbeid_lump	Retired	observed	metaphlan	Arbeid_lump	Employed	positive
Arbeid_lumpOther	-11.942544547356507	9.622525303963178	-1.2411029506399733	0.21508551213644397	-30.843051577259814	6.957962482546803	Arbeid_lump	Other	observed	metaphlan	Arbeid_lump	Employed	positive
Arbeid_lumpRetired	-0.019234028830424625	0.048752471752701705	-0.39452417772763976	0.6933437504631597	-0.11499334418474122	0.07652528652389196	Arbeid_lump	Retired	shannon	metaphlan	Arbeid_lump	Employed	positive
Arbeid_lumpOther	-0.11796085785824983	0.058658043958679726	-2.0109920123034546	0.044803345104971325	-0.23317663928568685	-0.002745076430812815	Arbeid_lump	Other	shannon	metaphlan	Arbeid_lump	Employed	positive
Nasj_cat2Non-native	-20.79308741542643	19.213139364804523	-1.0822326856961297	0.2794082287436385	-58.49546407041085	16.90928923955799	Nasj_cat2	Non-native	invsimpson	ko_hum	Nasj_cat2	Native	all
Nasj_cat2Missing	17.584604261414167	30.766418762226394	0.5715518727517206	0.5677531530164979	-42.78903309549368	77.958241618322	Nasj_cat2	Missing	invsimpson	ko_hum	Nasj_cat2	Native	all
Nasj_cat2Non-native	20.060231532329574	65.44302683531944	0.3065297022830111	0.75926473542319	-108.36009584567725	148.48055891033638	Nasj_cat2	Non-native	observed	ko_hum	Nasj_cat2	Native	all
Nasj_cat2Missing	78.65312366189973	104.79534502161474	0.7505402424666573	0.4531047286460854	-126.9891451352362	284.29539245903567	Nasj_cat2	Missing	observed	ko_hum	Nasj_cat2	Native	all
Nasj_cat2Non-native	-0.005608941702119901	0.02284986189756326	-0.24546939177422542	0.8061430221192185	-0.050447740995609114	0.03922985759136931	Nasj_cat2	Non-native	shannon	ko_hum	Nasj_cat2	Native	all
Nasj_cat2Missing	0.03175877462246015	0.03658998180626713	0.8679636625842899	0.3856210186960849	-0.04004257182412801	0.1035601210690483	Nasj_cat2	Missing	shannon	ko_hum	Nasj_cat2	Native	all
Nasj_cat2Non-native	1.5526322417087663	1.6447732460461137	0.9439795092978038	0.3454065443079348	-1.6749433906248026	4.780207874042335	Nasj_cat2	Non-native	invsimpson	mags	Nasj_cat2	Native	all
Nasj_cat2Missing	2.2337282267488296	2.63381124218874	0.8480973089372059	0.3965853185364059	-2.934658969413194	7.402115422910853	Nasj_cat2	Missing	invsimpson	mags	Nasj_cat2	Native	all
Nasj_cat2Non-native	5.063613394824991	6.065995086477638	0.8347539558864523	0.4040542430612336	-6.839825558863749	16.967052348513732	Nasj_cat2	Non-native	observed	mags	Nasj_cat2	Native	all
Nasj_cat2Missing	-7.064731295845492	9.713610123603948	-0.72730233208334	0.4672098201082654	-26.125967494998612	11.99650490330763	Nasj_cat2	Missing	observed	mags	Nasj_cat2	Native	all
Nasj_cat2Non-native	0.023812067095814644	0.04860407876150004	0.48991911178196246	0.6242978516184694	-0.07156481273838036	0.11918894693000964	Nasj_cat2	Non-native	shannon	mags	Nasj_cat2	Native	all
Nasj_cat2Missing	-0.0075924143481758905	0.07783077051259178	-0.09755029146149284	0.9223088098866117	-0.16032149050263106	0.14513666180627927	Nasj_cat2	Missing	shannon	mags	Nasj_cat2	Native	all
Nasj_cat2Non-native	0.21528998966172438	1.5708203893330905	0.13705576469702443	0.8910141136774816	-2.867166284217908	3.297746263541357	Nasj_cat2	Non-native	invsimpson	metaphlan	Nasj_cat2	Native	all
Nasj_cat2Missing	1.9958316395898927	2.5153889211356932	0.7934485291001356	0.4277034603447959	-2.9401727654037977	6.931836044583584	Nasj_cat2	Missing	invsimpson	metaphlan	Nasj_cat2	Native	all
Nasj_cat2Non-native	5.8465485701204525	7.936687207532786	0.7366484803094466	0.4615077214767096	-9.727791719074759	21.420888859315664	Nasj_cat2	Non-native	observed	metaphlan	Nasj_cat2	Native	all
Nasj_cat2Missing	-14.535345769988572	12.709190183623242	-1.1436878007159315	0.25302493437795864	-39.474876274855085	10.404184734877942	Nasj_cat2	Missing	observed	metaphlan	Nasj_cat2	Native	all
Nasj_cat2Non-native	-0.0022844760879040956	0.04893637693493419	-0.04668257502882846	0.962775474320239	-0.09831343212155289	0.0937444799457447	Nasj_cat2	Non-native	shannon	metaphlan	Nasj_cat2	Native	all
Nasj_cat2Missing	-0.015616041412680548	0.0783628868192338	-0.1992785366458407	0.842085097289986	-0.16938930139552277	0.13815721857016167	Nasj_cat2	Missing	shannon	metaphlan	Nasj_cat2	Native	all
Nasj_cat2Non-native	-35.079298257861375	28.06509942873961	-1.2499260281237055	0.21199552544897318	-90.23865048693916	20.080053971216415	Nasj_cat2	Non-native	invsimpson	ko_hum	Nasj_cat2	Native	negative
Nasj_cat2Missing	-2.7030999224427856	55.012368763766695	-0.04913622123872538	0.9608331869657943	-110.82481291695112	105.41861307206554	Nasj_cat2	Missing	invsimpson	ko_hum	Nasj_cat2	Native	negative
Nasj_cat2Non-native	12.12119554176013	94.81919359866633	0.12783483049923997	0.8983384902687637	-174.237142901541	198.47953398506127	Nasj_cat2	Non-native	observed	ko_hum	Nasj_cat2	Native	negative
Nasj_cat2Missing	96.79049781601664	185.86174823208447	0.5207661002690823	0.602793480222847	-268.50354515278593	462.0845407848192	Nasj_cat2	Missing	observed	ko_hum	Nasj_cat2	Native	negative
Nasj_cat2Non-native	-0.01976132914830427	0.033590837828484786	-0.5882952145821979	0.5566380691321957	-0.08578100815054016	0.046258349853931624	Nasj_cat2	Non-native	shannon	ko_hum	Nasj_cat2	Native	negative
Nasj_cat2Missing	0.014993411502728501	0.0658437559573427	0.22771197184501565	0.8199766649313116	-0.11441638931263289	0.1444032123180899	Nasj_cat2	Missing	shannon	ko_hum	Nasj_cat2	Native	negative
Nasj_cat2Non-native	0.2567856501355986	2.333172359350449	0.11005858573049754	0.9124134361201518	-4.328848414954175	4.842419715225372	Nasj_cat2	Non-native	invsimpson	mags	Nasj_cat2	Native	negative
Nasj_cat2Missing	-4.1681982761443646	4.573414697778563	-0.9113974025073599	0.3625884868685084	-13.156821061712677	4.8204245094239475	Nasj_cat2	Missing	invsimpson	mags	Nasj_cat2	Native	negative
Nasj_cat2Non-native	6.610039260508121	8.860508284404114	0.7460112951017527	0.4560616938518748	-10.804468699068966	24.024547220085207	Nasj_cat2	Non-native	observed	mags	Nasj_cat2	Native	negative
Nasj_cat2Missing	-20.71495685802677	17.368103413056016	-1.1927011467731614	0.23363362850108796	-54.85035467282185	13.420440956768314	Nasj_cat2	Missing	observed	mags	Nasj_cat2	Native	negative
Nasj_cat2Non-native	0.012082504882637079	0.07207317135186125	0.1676421982827741	0.8669423228619962	-0.12957063463173563	0.15373564439700976	Nasj_cat2	Non-native	shannon	mags	Nasj_cat2	Native	negative
Nasj_cat2Missing	-0.19426584454116702	0.14127567552183795	-1.375083458802064	0.16981012458340028	-0.4719300932389643	0.08339840415663025	Nasj_cat2	Missing	shannon	mags	Nasj_cat2	Native	negative
Nasj_cat2Non-native	-1.4128767459050773	2.220544993644511	-0.6362747658565417	0.5249304567721225	-5.777152160497954	2.9513986686877995	Nasj_cat2	Non-native	invsimpson	metaphlan	Nasj_cat2	Native	negative
Nasj_cat2Missing	-3.4317804852475944	4.3526459030397895	-0.7884354853793452	0.43086950973298077	-11.986502662656479	5.122941692161289	Nasj_cat2	Missing	invsimpson	metaphlan	Nasj_cat2	Native	negative
Nasj_cat2Non-native	8.617777135072581	11.735335158518778	0.7343443556289796	0.463132727573362	-14.446936645066275	31.68249091521144	Nasj_cat2	Non-native	observed	metaphlan	Nasj_cat2	Native	negative
Nasj_cat2Missing	-32.8265028523565	23.00325309539887	-1.4270374158045709	0.15428321373155574	-78.03726517748086	12.384259472767859	Nasj_cat2	Missing	observed	metaphlan	Nasj_cat2	Native	negative
Nasj_cat2Non-native	-0.02326147326924338	0.07288734220979776	-0.3191428383036375	0.7497706953898569	-0.1665147901584228	0.11999184361993603	Nasj_cat2	Non-native	shannon	metaphlan	Nasj_cat2	Native	negative
Nasj_cat2Missing	-0.19755120902645043	0.14287158889414722	-1.3827186395527178	0.16745730889492785	-0.47835207756961184	0.08324965951671101	Nasj_cat2	Missing	shannon	metaphlan	Nasj_cat2	Native	negative
Nasj_cat2Non-native	-5.0232098594615096	26.623147013230117	-0.1886782902474029	0.8504130804988292	-57.31623704167723	47.269817322754214	Nasj_cat2	Non-native	invsimpson	ko_hum	Nasj_cat2	Native	positive
Nasj_cat2Missing	27.133285507061355	36.502903086622226	0.7433185640789569	0.4575994513355066	-44.56549985403585	98.83207086815857	Nasj_cat2	Missing	invsimpson	ko_hum	Nasj_cat2	Native	positive
Nasj_cat2Non-native	5.438498282403152	90.88047812460341	0.05984231591460814	0.952302495780502	-173.06839688445976	183.94539344926605	Nasj_cat2	Non-native	observed	ko_hum	Nasj_cat2	Native	positive
Nasj_cat2Missing	75.04684802839677	124.60590341929672	0.6022736160089094	0.547234932663389	-169.70332712301405	319.7970231798076	Nasj_cat2	Missing	observed	ko_hum	Nasj_cat2	Native	positive
Nasj_cat2Non-native	0.008130269822968031	0.03158442161712509	0.2574139213795131	0.796953478552171	-0.053907663458853054	0.07016820310478912	Nasj_cat2	Non-native	shannon	ko_hum	Nasj_cat2	Native	positive
Nasj_cat2Missing	0.04091944492234383	0.04330528921933982	0.9449063996568232	0.3451127173933408	-0.04414054686432576	0.12597943670901343	Nasj_cat2	Missing	shannon	ko_hum	Nasj_cat2	Native	positive
Nasj_cat2Non-native	3.207213655948435	2.3405149456142547	1.3703025746356514	0.17113957858119838	-1.3900118940801378	7.804439205977008	Nasj_cat2	Non-native	invsimpson	mags	Nasj_cat2	Native	positive
Nasj_cat2Missing	5.769988746452597	3.20907179718805	1.7980241986198475	0.07270974836494891	-0.5332510109150785	12.073228503820273	Nasj_cat2	Missing	invsimpson	mags	Nasj_cat2	Native	positive
Nasj_cat2Non-native	3.5455271723732844	8.425638710769157	0.42080218415271	0.6740604019287203	-13.004062322468467	20.095116667215034	Nasj_cat2	Non-native	observed	mags	Nasj_cat2	Native	positive
Nasj_cat2Missing	0.5580423742020794	11.552363556016127	0.04830547199247963	0.9614899548659216	-22.1330414842683	23.249126232672456	Nasj_cat2	Missing	observed	mags	Nasj_cat2	Native	positive
Nasj_cat2Non-native	0.04279702821430356	0.06629024454174108	0.6456006990192273	0.5188014786582609	-0.08740987625173652	0.17300393268034364	Nasj_cat2	Non-native	shannon	mags	Nasj_cat2	Native	positive
Nasj_cat2Missing	0.09527872087508393	0.09089032077587121	1.0482823700230324	0.2949591303710634	-0.08324750716891915	0.273804948919087	Nasj_cat2	Missing	shannon	mags	Nasj_cat2	Native	positive
Nasj_cat2Non-native	2.2241389197014625	2.2413715706323214	0.992311559958799	0.3214726068301152	-2.178349802247002	6.626627641649927	Nasj_cat2	Non-native	invsimpson	metaphlan	Nasj_cat2	Native	positive
Nasj_cat2Missing	4.973529516790144	3.07313666499471	1.6183886559430658	0.10613990996718795	-1.0627072615806483	11.009766295160937	Nasj_cat2	Missing	invsimpson	metaphlan	Nasj_cat2	Native	positive
Nasj_cat2Non-native	3.0197399460447003	10.88515990981287	0.27741806009872516	0.7815611306592563	-18.360826474737255	24.40030636682666	Nasj_cat2	Non-native	observed	metaphlan	Nasj_cat2	Native	positive
Nasj_cat2Missing	-4.185449355085295	14.924604408067554	-0.28043955073427834	0.7792434972246333	-33.50026865901862	25.129369948848037	Nasj_cat2	Missing	observed	metaphlan	Nasj_cat2	Native	positive
Nasj_cat2Non-native	0.026970840040482662	0.06645014877575292	0.4058808074531217	0.6849846660511405	-0.10355014737193396	0.1574918274528993	Nasj_cat2	Non-native	shannon	metaphlan	Nasj_cat2	Native	positive
Nasj_cat2Missing	0.08327279293335323	0.09110956490784307	0.9139851893440968	0.361116574958124	-0.0956840731320321	0.26222965899873857	Nasj_cat2	Missing	shannon	metaphlan	Nasj_cat2	Native	positive
wcrf_index_mainmid	15.5521057137908	12.07809042164016	1.2876295151695745	0.1981935718957155	-8.15119993931871	39.25541136690031	wcrf_index_main	mid	invsimpson	ko_hum	wcrf_index_main	low	all
wcrf_index_mainhigh	-3.838799106505633	12.936700861677146	-0.2967371007145605	0.7667331331744073	-29.227131530128737	21.549533317117472	wcrf_index_main	high	invsimpson	ko_hum	wcrf_index_main	low	all
wcrf_index_mainmid	14.017272607777223	40.66503243917625	0.34470088346156424	0.7303967724277602	-65.78803267230319	93.82257788785762	wcrf_index_main	mid	observed	ko_hum	wcrf_index_main	low	all
wcrf_index_mainhigh	-24.58233429787686	43.55583886451662	-0.5643866571905978	0.5726263776672041	-110.06085992088882	60.896191325135106	wcrf_index_main	high	observed	ko_hum	wcrf_index_main	low	all
wcrf_index_mainmid	0.022168075370270678	0.0143781784069676	1.5417860832446013	0.12346394128021798	-0.006049163085294008	0.05038531382583536	wcrf_index_main	mid	shannon	ko_hum	wcrf_index_main	low	all
wcrf_index_mainhigh	0.012789917409553347	0.015400298101221413	0.8304980413683659	0.4064692619249711	-0.017433235448138403	0.0430130702672451	wcrf_index_main	high	shannon	ko_hum	wcrf_index_main	low	all
wcrf_index_mainmid	2.8517105713048507	1.0170074175664683	2.8040214083477637	0.00515147999574466	0.8558290346948603	4.847592107914841	wcrf_index_main	mid	invsimpson	mags	wcrf_index_main	low	all
wcrf_index_mainhigh	3.045545802613214	1.0893047059485041	2.7958621549893397	0.005282218357137915	0.907780519103961	5.183311086122467	wcrf_index_main	high	invsimpson	mags	wcrf_index_main	low	all
wcrf_index_mainmid	9.168194514143188	3.7766851586840127	2.427577128864469	0.015387954891934391	1.7564332549744517	16.579955773311923	wcrf_index_main	mid	observed	mags	wcrf_index_main	low	all
wcrf_index_mainhigh	15.620762825261888	4.045163137634139	3.861590322509928	1.2040586815829534e-4	7.682112349832442	23.559413300691332	wcrf_index_main	high	observed	mags	wcrf_index_main	low	all
wcrf_index_mainmid	0.08759362541412152	0.030051704941966913	2.9147639238197725	0.003644489565375364	0.02861702209608044	0.1465702287321626	wcrf_index_main	mid	shannon	mags	wcrf_index_main	low	all
wcrf_index_mainhigh	0.10462388923848777	0.03218802837583138	3.2503975707019506	0.0011935978113433669	0.04145474177157506	0.16779303670540047	wcrf_index_main	high	shannon	mags	wcrf_index_main	low	all
wcrf_index_mainmid	2.8516158539991108	0.9714210899875355	2.9355095163063636	0.0034115326462612577	0.9451976860579139	4.758034021940308	wcrf_index_main	mid	invsimpson	metaphlan	wcrf_index_main	low	all
wcrf_index_mainhigh	3.378656891022881	1.0404777256326048	3.247216934863912	0.0012068658661068047	1.336714771452896	5.420599010592866	wcrf_index_main	high	invsimpson	metaphlan	wcrf_index_main	low	all
wcrf_index_mainmid	9.315370626694277	4.947189585448573	1.8829621274458659	0.0600157395898077	-0.3935107257474879	19.02425197913604	wcrf_index_main	mid	observed	metaphlan	wcrf_index_main	low	all
wcrf_index_mainhigh	17.41704071531152	5.298876688179467	3.2869307478252496	0.0010505794545162222	7.017971874676162	27.816109555946873	wcrf_index_main	high	observed	metaphlan	wcrf_index_main	low	all
wcrf_index_mainmid	0.07350218947343416	0.030206916965540467	2.433290016233176	0.01514881094525678	0.014220981875464035	0.1327833970714043	wcrf_index_main	mid	shannon	metaphlan	wcrf_index_main	low	all
wcrf_index_mainhigh	0.1010613711238279	0.03235427415219261	3.1235864123683053	0.0018416250882843516	0.03756596558853971	0.1645567766591161	wcrf_index_main	high	shannon	metaphlan	wcrf_index_main	low	all
wcrf_index_mainmid	19.22748414002718	19.854046735805124	0.96844156739855	0.33340185771073416	-19.802369098906752	58.25733737896111	wcrf_index_main	mid	invsimpson	ko_hum	wcrf_index_main	low	negative
wcrf_index_mainhigh	-16.255309805710905	20.560104539554498	-0.7906238888249899	0.42962621554133584	-56.673158793080574	24.16253918165876	wcrf_index_main	high	invsimpson	ko_hum	wcrf_index_main	low	negative
wcrf_index_mainmid	100.88160465035355	66.25204223258886	1.5226942634642389	0.12861560976613542	-29.35922330409599	231.1224326048031	wcrf_index_main	mid	observed	ko_hum	wcrf_index_main	low	negative
wcrf_index_mainhigh	-28.49285055593425	68.60812470056717	-0.4152984895052627	0.6781433352228883	-163.36535658426385	106.37965547239536	wcrf_index_main	high	observed	ko_hum	wcrf_index_main	low	negative
wcrf_index_mainmid	0.03458740323139456	0.023772067763971987	1.454959811439452	0.14645499656702107	-0.012144647335433814	0.08131945379822293	wcrf_index_main	mid	shannon	ko_hum	wcrf_index_main	low	negative
wcrf_index_mainhigh	-0.0015197364155606398	0.024617459848485516	-0.061734087306905265	0.9508050476571273	-0.04991369145088283	0.04687421861976154	wcrf_index_main	high	shannon	ko_hum	wcrf_index_main	low	negative
wcrf_index_mainmid	1.6673938883191377	1.6342080433952328	1.0203069890997218	0.3081919730536434	-1.5451955119351768	4.879983288573452	wcrf_index_main	mid	invsimpson	mags	wcrf_index_main	low	negative
wcrf_index_mainhigh	2.484178113410581	1.6923244242692808	1.467908917336113	0.14290514090754455	-0.8426587169256541	5.811014943746816	wcrf_index_main	high	invsimpson	mags	wcrf_index_main	low	negative
wcrf_index_mainmid	7.027792294874903	6.217840181333542	1.1302626136922758	0.25903449913463666	-5.195478505779491	19.251063095529297	wcrf_index_main	mid	observed	mags	wcrf_index_main	low	negative
wcrf_index_mainhigh	12.910432276496733	6.43896157995399	2.005048813568008	0.04562281159563923	0.2524724751067957	25.56839207788667	wcrf_index_main	high	observed	mags	wcrf_index_main	low	negative
wcrf_index_mainmid	0.06434289208703918	0.050359713893445124	1.2776659578166134	0.20209910797360525	-0.03465618193403637	0.16334196610811474	wcrf_index_main	mid	shannon	mags	wcrf_index_main	low	negative
wcrf_index_mainhigh	0.08604548141347737	0.05215062682229044	1.649941461042985	0.0997302057492274	-0.016474238534681898	0.18856520136163663	wcrf_index_main	high	shannon	mags	wcrf_index_main	low	negative
wcrf_index_mainmid	2.0297627960765285	1.5526194654374486	1.3073150512798997	0.19184742839233018	-1.0224366209144313	5.081962213067488	wcrf_index_main	mid	invsimpson	metaphlan	wcrf_index_main	low	negative
wcrf_index_mainhigh	2.7138030557114243	1.607834359630697	1.6878623344849757	0.09220752288004337	-0.4469399365839761	5.874546048006825	wcrf_index_main	high	invsimpson	metaphlan	wcrf_index_main	low	negative
wcrf_index_mainmid	9.362320284103014	8.21355656842727	1.139861910745409	0.25501750619812996	-6.7842070058358	25.508847574041827	wcrf_index_main	mid	observed	metaphlan	wcrf_index_main	low	negative
wcrf_index_mainhigh	13.614256496306798	8.505650456834239	1.6006132118170722	0.11024232751599207	-3.1064802607606445	30.33499325337424	wcrf_index_main	high	observed	metaphlan	wcrf_index_main	low	negative
wcrf_index_mainmid	0.062201711937720866	0.05073099382119357	1.2261086813508324	0.2208702045923881	-0.037527238530378995	0.1619306624058207	wcrf_index_main	mid	shannon	metaphlan	wcrf_index_main	low	negative
wcrf_index_mainhigh	0.08661893167780654	0.05253511036005606	1.6487817591731069	0.09996778789539672	-0.01665662088480485	0.18989448424041794	wcrf_index_main	high	shannon	metaphlan	wcrf_index_main	low	negative
wcrf_index_mainmid	11.212667141479956	15.103899568112828	0.7423690213851796	0.4581976978187975	-18.45922965561668	40.88456393857659	wcrf_index_main	mid	invsimpson	ko_hum	wcrf_index_main	low	positive
wcrf_index_mainhigh	7.981356902892049	16.83668442470641	0.4740456435223127	0.6356655770578774	-25.094628567103566	41.05734237288766	wcrf_index_main	high	invsimpson	ko_hum	wcrf_index_main	low	positive
wcrf_index_mainmid	-65.84208152497185	50.88577584559452	-1.29391918332463	0.19626552963031718	-165.80815204349602	34.12398899355232	wcrf_index_main	mid	observed	ko_hum	wcrf_index_main	low	positive
wcrf_index_mainhigh	-44.67752851919958	56.72361271703491	-0.7876354551335247	0.4312674600524651	-156.11214015099785	66.75708311259866	wcrf_index_main	high	observed	ko_hum	wcrf_index_main	low	positive
wcrf_index_mainmid	0.011258483203929897	0.01794899769723343	0.627248573644044	0.5307705641953808	-0.024002662759196988	0.04651962916705678	wcrf_index_main	mid	shannon	ko_hum	wcrf_index_main	low	positive
wcrf_index_mainhigh	0.024915133571594535	0.02000818454898268	1.245247089289835	0.2135996322527704	-0.01439132396656663	0.0642215911097557	wcrf_index_main	high	shannon	ko_hum	wcrf_index_main	low	positive
wcrf_index_mainmid	3.9031043238193517	1.3053381761902814	2.9901096857603813	0.002920349109931733	1.3387427511961723	6.467465896442532	wcrf_index_main	mid	invsimpson	mags	wcrf_index_main	low	positive
wcrf_index_mainhigh	3.6417262162163477	1.4550922323686761	2.5027459670292878	0.012627950066668659	0.7831699636144309	6.5002824688182645	wcrf_index_main	high	invsimpson	mags	wcrf_index_main	low	positive
wcrf_index_mainmid	10.87607933600818	4.740752557035248	2.294167266728179	0.022177096834984773	1.56278113917055	20.18937753284581	wcrf_index_main	mid	observed	mags	wcrf_index_main	low	positive
wcrf_index_mainhigh	18.511783106529187	5.284632248676655	3.502946323495792	4.996309675585131e-4	8.130022953383877	28.893543259674495	wcrf_index_main	high	observed	mags	wcrf_index_main	low	positive
wcrf_index_mainmid	0.11170953202619906	0.03694272726416705	3.0238572054357444	0.0026185050023827803	0.03913484455278296	0.18428421949961515	wcrf_index_main	mid	shannon	mags	wcrf_index_main	low	positive
wcrf_index_mainhigh	0.12884045450568976	0.04118095713824279	3.128641572685589	0.0018542639946789214	0.04793968416481058	0.20974122484656893	wcrf_index_main	high	shannon	mags	wcrf_index_main	low	positive
wcrf_index_mainmid	3.667005254110557	1.2513086656222547	2.9305361297781927	0.0035319671728394285	1.2087856784162168	6.125224829804898	wcrf_index_main	mid	invsimpson	metaphlan	wcrf_index_main	low	positive
wcrf_index_mainhigh	4.210538237018883	1.3948642220490297	3.018600785984517	0.0026635565800380238	1.4703010515188084	6.950775422518959	wcrf_index_main	high	invsimpson	metaphlan	wcrf_index_main	low	positive
wcrf_index_mainmid	9.194275875439157	6.157683658143693	1.4931387167444845	0.13600503629938432	-2.902610308797902	21.291162059676218	wcrf_index_main	mid	observed	metaphlan	wcrf_index_main	low	positive
wcrf_index_mainhigh	21.258000391991164	6.86411983023341	3.096973962831925	0.0020602000887365054	7.773306966488061	34.74269381749427	wcrf_index_main	high	observed	metaphlan	wcrf_index_main	low	positive
wcrf_index_mainmid	0.0892517599560128	0.0370665554805581	2.4078784445678134	0.016391328447459448	0.016433809605963107	0.1620697103060625	wcrf_index_main	mid	shannon	metaphlan	wcrf_index_main	low	positive
wcrf_index_mainhigh	0.12463545378944937	0.041318991464599934	3.0164205216923277	0.0026824507228050973	0.04346351239981845	0.2058073951790803	wcrf_index_main	high	shannon	metaphlan	wcrf_index_main	low	positive
first_roundYes	11.556851610807163	15.39569647144227	0.7506546801727455	0.45303245312270835	-18.653762804200085	41.767466025814414	first_round	Yes	invsimpson	ko_hum	first_round	No	all
first_roundYes	72.175587577176	52.64883853608534	1.3708866061253582	0.1707098135474451	-31.13599454981599	175.487169704168	first_round	Yes	observed	ko_hum	first_round	No	all
first_roundYes	0.003385459535964511	0.018374553029233038	0.18424717763628895	0.8538559238700665	-0.03267049529816326	0.03944141437009228	first_round	Yes	shannon	ko_hum	first_round	No	all
first_roundYes	-3.065366618940007	1.3221632242750865	-2.3184479515535465	0.020620618306322655	-5.659816531379434	-0.4709167065005797	first_round	Yes	invsimpson	mags	first_round	No	all
first_roundYes	-10.019534420456843	4.8666864892596795	-2.0588000567879225	0.03976516051377326	-19.569319276144903	-0.46974956476878305	first_round	Yes	observed	mags	first_round	No	all
first_roundYes	-0.1059784947788604	0.03885927287751044	-2.7272382350775994	0.006495543532401501	-0.18223113534810126	-0.02972585420961954	first_round	Yes	shannon	mags	first_round	No	all
first_roundYes	-2.525555820844396	1.2639680751477562	-1.998116780401405	0.045967324789468425	-5.005810755851606	-0.04530088583718639	first_round	Yes	invsimpson	metaphlan	first_round	No	all
first_roundYes	-12.459965885813041	6.3722298687483825	-1.9553541134667818	0.050812184831916705	-24.964043235326763	0.04411146370068231	first_round	Yes	observed	metaphlan	first_round	No	all
first_roundYes	-0.09736831820012881	0.039147847501009296	-2.4871946841424295	0.013033329338634795	-0.1741872219908258	-0.02054941440943181	first_round	Yes	shannon	metaphlan	first_round	No	all
first_roundYes	33.46985518298311	24.708402598003946	1.3545940515671764	0.1762373761709136	-15.090393957412353	82.03010432337857	first_round	Yes	invsimpson	ko_hum	first_round	No	negative
first_roundYes	114.86160364733426	83.51655050383773	1.3753154668673266	0.16972872799454156	-49.27626336882035	278.99947066348886	first_round	Yes	observed	ko_hum	first_round	No	negative
first_roundYes	0.03236065560055164	0.02970492805723424	1.0894036012543256	0.2765681957666366	-0.026019431960161328	0.0907407431612646	first_round	Yes	shannon	ko_hum	first_round	No	negative
first_roundYes	-1.448395298126918	2.0666749794619306	-0.7008336156002697	0.4837747958658689	-5.510100683443913	2.6133100871900763	first_round	Yes	invsimpson	mags	first_round	No	negative
first_roundYes	6.425687919174543	7.83980222483304	0.819623727091073	0.41287138513559685	-8.982137323242137	21.83351316159122	first_round	Yes	observed	mags	first_round	No	negative
first_roundYes	-0.048045028174483063	0.06361763325510697	-0.755215585933892	0.45052096376863215	-0.1730748882933994	0.07698483194443329	first_round	Yes	shannon	mags	first_round	No	negative
first_roundYes	-0.5727714272568788	1.9705260091869519	-0.2906693058536218	0.7714402751792472	-4.44551202892887	3.299969174415112	first_round	Yes	invsimpson	metaphlan	first_round	No	negative
first_roundYes	6.007953476378501	10.370871030665802	0.5793104030137375	0.5626742067856221	-14.374265853847454	26.390172806604454	first_round	Yes	observed	metaphlan	first_round	No	negative
first_roundYes	-0.031113109295530333	0.06437409708287124	-0.4833172146162646	0.6291093038486335	-0.15762967304881667	0.09540345445775601	first_round	Yes	shannon	metaphlan	first_round	No	negative
first_roundYes	-3.573678829773089	19.555152325685512	-0.18274870838408633	0.855059386948034	-41.98163797565408	34.83428031610791	first_round	Yes	invsimpson	ko_hum	first_round	No	positive
first_roundYes	38.25784082070369	67.27989271572216	0.5686370663870498	0.569823710529997	-93.8855108508936	170.401192492301	first_round	Yes	observed	ko_hum	first_round	No	positive
first_roundYes	-0.01845452602219707	0.023241289683514212	-0.794040531893867	0.42749827229317194	-0.06410236807400821	0.02719331602961407	first_round	Yes	shannon	ko_hum	first_round	No	positive
first_roundYes	-4.363764503775164	1.7262411566500526	-2.5278997010148307	0.01174044434552532	-7.754246905360311	-0.9732821021900162	first_round	Yes	invsimpson	mags	first_round	No	positive
first_roundYes	-22.48159174801435	6.139468594106615	-3.6618139507375	2.7345519319787955e-4	-34.540022948784866	-10.423160547243832	first_round	Yes	observed	mags	first_round	No	positive
first_roundYes	-0.15550204532602263	0.048440852643194726	-3.2101426139506346	0.0014004211306463525	-0.25064394237316023	-0.060360148278885	first_round	Yes	shannon	mags	first_round	No	positive
first_roundYes	-4.13235377998012	1.6511582841246606	-2.5026999650556405	0.012600417233848141	-7.375367123156408	-0.8893404368038316	first_round	Yes	invsimpson	metaphlan	first_round	No	positive
first_roundYes	-26.121201539596424	7.970187907419067	-3.277363324807116	0.0011107806052790671	-41.77531900361957	-10.467084075573279	first_round	Yes	observed	metaphlan	first_round	No	positive
first_roundYes	-0.1542926027189239	0.04853582860770435	-3.1789423843159077	0.0015573197315815756	-0.2496210405254467	-0.0589641649124011	first_round	Yes	shannon	metaphlan	first_round	No	positive
Tarmkreft_FamilieYes	1.024234471136293	12.653291369099248	0.08094609072526283	0.9355009095376017	-23.80560452940421	25.854073471676795	Tarmkreft_Familie	Yes	invsimpson	ko_hum	Tarmkreft_Familie	No	all
Tarmkreft_FamilieUnknown	-29.402248876734046	17.033738250430915	-1.7261183918914709	0.08463284675342335	-62.82793757686365	4.023439823395552	Tarmkreft_Familie	Unknown	invsimpson	ko_hum	Tarmkreft_Familie	No	all
Tarmkreft_FamilieYes	-3.260267636707919	43.1365808216267	-0.07558011262388628	0.9397681709846761	-87.90815296482717	81.38761769141132	Tarmkreft_Familie	Yes	observed	ko_hum	Tarmkreft_Familie	No	all
Tarmkreft_FamilieUnknown	-37.86333422235096	58.07004717591152	-0.6520286458120416	0.5145314849104641	-151.81549734513197	76.08882890043006	Tarmkreft_Familie	Unknown	observed	ko_hum	Tarmkreft_Familie	No	all
Tarmkreft_FamilieYes	-7.908950015725788e-4	0.015034313702274302	-0.052605993012699796	0.958056275374989	-0.03029306782142325	0.02871127781827809	Tarmkreft_Familie	Yes	shannon	ko_hum	Tarmkreft_Familie	No	all
Tarmkreft_FamilieUnknown	-0.04144815384093291	0.02023904744695986	-2.047930069315535	0.04082579589887749	-0.08116369306099336	-0.001732614620872451	Tarmkreft_Familie	Unknown	shannon	ko_hum	Tarmkreft_Familie	No	all
Tarmkreft_FamilieYes	0.18870557309540983	1.084836517973375	0.17394839680354604	0.8619409788295025	-1.9400935904935483	2.317504736684368	Tarmkreft_Familie	Yes	invsimpson	mags	Tarmkreft_Familie	No	all
Tarmkreft_FamilieUnknown	-0.1667106436569642	1.460396410122564	-0.11415437788084742	0.909138171857563	-3.0324794529380807	2.699058165624152	Tarmkreft_Familie	Unknown	invsimpson	mags	Tarmkreft_Familie	No	all
Tarmkreft_FamilieYes	1.1687718267294558	3.9984201860521154	0.2923084049061526	0.770111045787073	-6.677418273550571	9.014961927009482	Tarmkreft_Familie	Yes	observed	mags	Tarmkreft_Familie	No	all
Tarmkreft_FamilieUnknown	-4.994515982711374	5.382634516010472	-0.9278943178949542	0.35368473815337376	-15.55698107836865	5.567949112945901	Tarmkreft_Familie	Unknown	observed	mags	Tarmkreft_Familie	No	all
Tarmkreft_FamilieYes	0.012070113756325813	0.032031321780846	0.3768222191674733	0.7063851157487349	-0.05078567131910551	0.07492589883175714	Tarmkreft_Familie	Yes	shannon	mags	Tarmkreft_Familie	No	all
Tarmkreft_FamilieUnknown	-0.019821981965858902	0.043120255047845155	-0.45969074032296253	0.6458374422205795	-0.10443783085992075	0.06479386692820296	Tarmkreft_Familie	Unknown	shannon	mags	Tarmkreft_Familie	No	all
Tarmkreft_FamilieYes	0.2633555074159421	1.0355868378033533	0.25430557612586274	0.7993114107654797	-1.76879989813579	2.295510912967674	Tarmkreft_Familie	Yes	invsimpson	metaphlan	Tarmkreft_Familie	No	all
Tarmkreft_FamilieUnknown	-0.014053947158041752	1.3940969678302373	-0.010081039900628445	0.9919586268959133	-2.749721865696667	2.721613971380583	Tarmkreft_Familie	Unknown	invsimpson	metaphlan	Tarmkreft_Familie	No	all
Tarmkreft_FamilieYes	0.45647254927413455	5.235141471188338	0.08719392814622806	0.9305347005009301	-9.816563618382899	10.72950871693117	Tarmkreft_Familie	Yes	observed	metaphlan	Tarmkreft_Familie	No	all
Tarmkreft_FamilieUnknown	-3.613428318767398	7.047496728161251	-0.512725079293534	0.6082560906581744	-17.442890077975804	10.21603344044101	Tarmkreft_Familie	Unknown	observed	metaphlan	Tarmkreft_Familie	No	all
Tarmkreft_FamilieYes	0.004610075342166932	0.032250352319913175	0.14294651098494862	0.8863610220518124	-0.058675518299478306	0.06789566898381216	Tarmkreft_Familie	Yes	shannon	metaphlan	Tarmkreft_Familie	No	all
Tarmkreft_FamilieUnknown	-0.017176336649951905	0.04341511183747322	-0.39563036746864627	0.6924615313187641	-0.10237078967167657	0.06801811637177277	Tarmkreft_Familie	Unknown	shannon	metaphlan	Tarmkreft_Familie	No	all
Tarmkreft_FamilieYes	8.082007776797196	21.541168835961816	0.37518891562210505	0.7077020014348031	-34.255163422820836	50.41917897641523	Tarmkreft_Familie	Yes	invsimpson	ko_hum	Tarmkreft_Familie	No	negative
Tarmkreft_FamilieUnknown	-19.575299597589133	25.390867653369167	-0.7709582777881813	0.4411482915697771	-69.47869708421565	30.32809788903739	Tarmkreft_Familie	Unknown	invsimpson	ko_hum	Tarmkreft_Familie	No	negative
Tarmkreft_FamilieYes	52.3554002095901	72.39531898094457	0.7231876445405366	0.46995149926294355	-89.93089061741156	194.64169103659177	Tarmkreft_Familie	Yes	observed	ko_hum	Tarmkreft_Familie	No	negative
Tarmkreft_FamilieUnknown	-152.39381393901664	85.33334365310142	-1.7858647911246814	0.07481443290158672	-320.10859333603184	15.320965457998568	Tarmkreft_Familie	Unknown	observed	ko_hum	Tarmkreft_Familie	No	negative
Tarmkreft_FamilieYes	0.008864669069419948	0.02570598563546344	0.3448484409479493	0.7303742211494648	-0.04165806361009225	0.059387401748932145	Tarmkreft_Familie	Yes	shannon	ko_hum	Tarmkreft_Familie	No	negative
Tarmkreft_FamilieUnknown	-0.04257837948040073	0.030299993660502688	-1.405227339565534	0.16066416776707157	-0.10213020922189794	0.016973450261096472	Tarmkreft_Familie	Unknown	shannon	ko_hum	Tarmkreft_Familie	No	negative
Tarmkreft_FamilieYes	1.4016467093324383	1.7897055712339667	0.7831716746380973	0.4339505264640331	-2.115853744948713	4.919147163613589	Tarmkreft_Familie	Yes	invsimpson	mags	Tarmkreft_Familie	No	negative
Tarmkreft_FamilieUnknown	0.7372131360939042	2.109550212606656	0.3494646070467174	0.7269088771566631	-3.4089123218810795	4.883338594068888	Tarmkreft_Familie	Unknown	invsimpson	mags	Tarmkreft_Familie	No	negative
Tarmkreft_FamilieYes	-0.2743329672917545	6.809002785816767	-0.040289742260525035	0.9678805317357345	-13.656796975490924	13.108131040907416	Tarmkreft_Familie	Yes	observed	mags	Tarmkreft_Familie	No	negative
Tarmkreft_FamilieUnknown	-4.1580328349758	8.02586386572816	-0.5180791631329963	0.604665225633457	-19.932124533328604	11.616058863377003	Tarmkreft_Familie	Unknown	observed	mags	Tarmkreft_Familie	No	negative
Tarmkreft_FamilieYes	0.022195696742267953	0.05538587124522361	0.4007465485917056	0.6888025908647961	-0.08666010076832868	0.13105149425286458	Tarmkreft_Familie	Yes	shannon	mags	Tarmkreft_Familie	No	negative
Tarmkreft_FamilieUnknown	0.002379314364707228	0.06528407707878338	0.03644555412548643	0.9709437333874725	-0.12593048947839985	0.13068911820781431	Tarmkreft_Familie	Unknown	shannon	mags	Tarmkreft_Familie	No	negative
Tarmkreft_FamilieYes	1.9984741321985373	1.7021064886270132	1.1741181562679937	0.24098715282796807	-1.346858442730189	5.343806707127264	Tarmkreft_Familie	Yes	invsimpson	metaphlan	Tarmkreft_Familie	No	negative
Tarmkreft_FamilieUnknown	0.7986132692872709	2.006295986711703	0.39805356466679137	0.6907850895733268	-3.1445755759120546	4.741802114486597	Tarmkreft_Familie	Unknown	invsimpson	metaphlan	Tarmkreft_Familie	No	negative
Tarmkreft_FamilieYes	-2.0082965125836876	9.02619211655935	-0.22249653969798508	0.8240313173651596	-19.74844069089996	15.731847665732587	Tarmkreft_Familie	Yes	observed	metaphlan	Tarmkreft_Familie	No	negative
Tarmkreft_FamilieUnknown	-2.7654700709589797	10.639294979334371	-0.25992982395267666	0.7950403238212942	-23.676018445257718	18.14507830333976	Tarmkreft_Familie	Unknown	observed	metaphlan	Tarmkreft_Familie	No	negative
Tarmkreft_FamilieYes	0.022816824042937993	0.05601416322376837	0.4073402641361994	0.6839575532534397	-0.08727382312978973	0.13290747121566573	Tarmkreft_Familie	Yes	shannon	metaphlan	Tarmkreft_Familie	No	negative
Tarmkreft_FamilieUnknown	0.004658808631144155	0.06602465334910493	0.07056165227420028	0.9437789102134695	-0.1251065292445747	0.134424146506863	Tarmkreft_Familie	Unknown	shannon	metaphlan	Tarmkreft_Familie	No	negative
Tarmkreft_FamilieYes	1.3429973350468953	15.54714373204389	0.08638225504269777	0.931193319206684	-29.194610010229372	31.880604680323163	Tarmkreft_Familie	Yes	invsimpson	ko_hum	Tarmkreft_Familie	No	positive
Tarmkreft_FamilieUnknown	-38.583532971994984	23.18669550673522	-1.6640375926266564	0.09666234829261905	-84.12670252279688	6.959636578806901	Tarmkreft_Familie	Unknown	invsimpson	ko_hum	Tarmkreft_Familie	No	positive
Tarmkreft_FamilieYes	-16.573853463823703	53.15388224416974	-0.31180889831695463	0.7553014019755717	-120.97839315454388	87.83068622689649	Tarmkreft_Familie	Yes	observed	ko_hum	Tarmkreft_Familie	No	positive
Tarmkreft_FamilieUnknown	66.36105881832857	79.27262420918001	0.8371245367533041	0.40287839802107484	-89.3457586558116	222.06787629246872	Tarmkreft_Familie	Unknown	observed	ko_hum	Tarmkreft_Familie	No	positive
Tarmkreft_FamilieYes	-0.0023832675626595883	0.018458842101072688	-0.12911251689622996	0.8973148106644051	-0.03864001554455447	0.0338734804192353	Tarmkreft_Familie	Yes	shannon	ko_hum	Tarmkreft_Familie	No	positive
Tarmkreft_FamilieUnknown	-0.04197856146762388	0.027529143525079538	-1.5248771335505105	0.12785226639604605	-0.0960511416154447	0.012094018680196945	Tarmkreft_Familie	Unknown	shannon	ko_hum	Tarmkreft_Familie	No	positive
Tarmkreft_FamilieYes	-0.7733207964551324	1.3748472659474622	-0.5624776043193468	0.5740149442691187	-3.4737876275873845	1.9271460346771194	Tarmkreft_Familie	Yes	invsimpson	mags	Tarmkreft_Familie	No	positive
Tarmkreft_FamilieUnknown	-1.125745944248392	2.0504193872015093	-0.549032042554403	0.5832015238004187	-5.15316752204261	2.9016756335458265	Tarmkreft_Familie	Unknown	invsimpson	mags	Tarmkreft_Familie	No	positive
Tarmkreft_FamilieYes	1.620685239671219	4.926710688341822	0.3289588819384666	0.7423093150720702	-8.05633062236581	11.297701101708249	Tarmkreft_Familie	Yes	observed	mags	Tarmkreft_Familie	No	positive
Tarmkreft_FamilieUnknown	-6.482614603649059	7.347596609974995	-0.8822768787889568	0.37800429946539804	-20.914720209287644	7.949491001989526	Tarmkreft_Familie	Unknown	observed	mags	Tarmkreft_Familie	No	positive
Tarmkreft_FamilieYes	-0.0027268154821135076	0.0388186015038764	-0.07024507263202694	0.9440235879691576	-0.07897408191568159	0.07352045095145457	Tarmkreft_Familie	Yes	shannon	mags	Tarmkreft_Familie	No	positive
Tarmkreft_FamilieUnknown	-0.04564461709101141	0.057893276641712024	-0.7884269079032319	0.43077947439143793	-0.1593582470983181	0.06806901291629527	Tarmkreft_Familie	Unknown	shannon	mags	Tarmkreft_Familie	No	positive
Tarmkreft_FamilieYes	-0.9569929718130691	1.3148468592476685	-0.7278360708566799	0.4670170596537384	-3.539607360597423	1.6256214169712848	Tarmkreft_Familie	Yes	invsimpson	metaphlan	Tarmkreft_Familie	No	positive
Tarmkreft_FamilieUnknown	-0.810198039609016	1.9609359949845202	-0.41316903850062264	0.6796403647363916	-4.661856870075334	3.041460790857302	Tarmkreft_Familie	Unknown	invsimpson	metaphlan	Tarmkreft_Familie	No	positive
Tarmkreft_FamilieYes	1.316914490382688	6.367965482039059	0.2068030195981848	0.836238601214178	-11.19100547423302	13.824834454998395	Tarmkreft_Familie	Yes	observed	metaphlan	Tarmkreft_Familie	No	positive
Tarmkreft_FamilieUnknown	-5.5663198066141275	9.49705484005512	-0.5861101046966074	0.5580368377799605	-24.220378496790776	13.087738883562519	Tarmkreft_Familie	Unknown	observed	metaphlan	Tarmkreft_Familie	No	positive
Tarmkreft_FamilieYes	-0.013443021976664154	0.038898017910924364	-0.3455965804594051	0.729775237789074	-0.08984627764510401	0.06296023369177571	Tarmkreft_Familie	Yes	shannon	metaphlan	Tarmkreft_Familie	No	positive
Tarmkreft_FamilieUnknown	-0.04052979560195886	0.0580117166638921	-0.6986484443613369	0.4850607616934528	-0.1544760647971214	0.07341647359320366	Tarmkreft_Familie	Unknown	shannon	metaphlan	Tarmkreft_Familie	No	positive
Energi_kcalmid	-17.720785400343896	12.54526847238009	-1.412547323268396	0.15812091491011662	-42.34086192323046	6.899291122542671	Energi_kcal	mid	invsimpson	ko_hum	Energi_kcal	low	all
Energi_kcalhigh	7.924336479726495	13.092927510139821	0.6052379403757862	0.5451674624558915	-17.77052034361999	33.619193303072976	Energi_kcal	high	invsimpson	ko_hum	Energi_kcal	low	all
Energi_kcalmid	-76.16181276441321	42.21749729625234	-1.804034290094551	0.07154697850043262	-159.01360795132757	6.6899824225011315	Energi_kcal	mid	observed	ko_hum	Energi_kcal	low	all
Energi_kcalhigh	-14.247200120102686	44.060486467571614	-0.3233554883827391	0.7464981863505775	-100.71585966736367	72.2214594271583	Energi_kcal	high	observed	ko_hum	Energi_kcal	low	all
Energi_kcalmid	-0.024092346532535926	0.014899251530993925	-1.6170172362294988	0.10621114397866935	-0.053332112396009074	0.005147419330937219	Energi_kcal	mid	shannon	ko_hum	Energi_kcal	low	all
Energi_kcalhigh	0.01948046034643786	0.015549672825266654	1.2527890821460932	0.21059503458618312	-0.011035756640609483	0.0499966773334852	Energi_kcal	high	shannon	ko_hum	Energi_kcal	low	all
Energi_kcalmid	1.2811797175057724	1.0691951828283817	1.1982655160460227	0.23111665720642457	-0.8171147332739102	3.379474168285455	Energi_kcal	mid	invsimpson	mags	Energi_kcal	low	all
Energi_kcalhigh	2.451385023482409	1.115870501598506	2.196836478758738	0.0282763735795272	0.26149030744092094	4.641279739523897	Energi_kcal	high	invsimpson	mags	Energi_kcal	low	all
Energi_kcalmid	4.585566520355448	3.959190722819284	1.1582080383059017	0.24707426674547045	-3.184341216503073	12.355474257213968	Energi_kcal	mid	observed	mags	Energi_kcal	low	all
Energi_kcalhigh	7.7997589340505185	4.132027723983524	1.887634705057371	0.05938382572306346	-0.3093412405002107	15.908859108601249	Energi_kcal	high	observed	mags	Energi_kcal	low	all
Energi_kcalmid	0.036147500098979525	0.03148807920546964	1.147974122622904	0.2512722459798636	-0.025647823078372718	0.09794282327633178	Energi_kcal	mid	shannon	mags	Energi_kcal	low	all
Energi_kcalhigh	0.06922750244777943	0.03286267961330755	2.1065690096600083	0.035420328588515425	0.0047345273784912545	0.13372047751706762	Energi_kcal	high	shannon	mags	Energi_kcal	low	all
Energi_kcalmid	1.1879479344590624	1.0231635650028696	1.161053789533378	0.24591572503747977	-0.8200095135030656	3.1959053824211905	Energi_kcal	mid	invsimpson	metaphlan	Energi_kcal	low	all
Energi_kcalhigh	2.157237281371625	1.0678293905859533	2.020207816332792	0.0436459666579034	0.061623196468286956	4.252851366274963	Energi_kcal	high	invsimpson	metaphlan	Energi_kcal	low	all
Energi_kcalmid	4.64532250660762	5.1791652966440855	0.8969249368460248	0.3699893558597318	-5.51878408136916	14.8094290945844	Energi_kcal	mid	observed	metaphlan	Energi_kcal	low	all
Energi_kcalhigh	8.384992321622615	5.405259834915898	1.5512653559147689	0.12117578041967429	-2.2228245660511377	18.992809209296368	Energi_kcal	high	observed	metaphlan	Energi_kcal	low	all
Energi_kcalmid	0.038621033470591364	0.031633671670162615	1.2208836796842442	0.22243719035298704	-0.023460014769543583	0.10070208171072631	Energi_kcal	mid	shannon	metaphlan	Energi_kcal	low	all
Energi_kcalhigh	0.06398867310521728	0.033014627862995825	1.9381915607456675	0.052899948837175	-8.025002483946081e-4	0.12877984645882917	Energi_kcal	high	shannon	metaphlan	Energi_kcal	low	all
Energi_kcalmid	-16.676536992419848	20.339253971314022	-0.8199188139319181	0.41274466060893655	-56.66022938789353	23.307155403053834	Energi_kcal	mid	invsimpson	ko_hum	Energi_kcal	low	negative
Energi_kcalhigh	-2.309700185870586	20.49540672148037	-0.11269355213380013	0.910329348974358	-42.60036369927043	37.98096332752925	Energi_kcal	high	invsimpson	ko_hum	Energi_kcal	low	negative
Energi_kcalmid	-107.8341256482278	67.81158088907752	-1.5902022078591114	0.1125694877355362	-241.14075503314467	25.472503736689077	Energi_kcal	mid	observed	ko_hum	Energi_kcal	low	negative
Energi_kcalhigh	-42.62127260599643	68.33219805939711	-0.6237363031838709	0.5331519129249758	-176.95135136733683	91.70880615534395	Energi_kcal	high	observed	ko_hum	Energi_kcal	low	negative
Energi_kcalmid	-0.0275422885114189	0.024286095051672004	-1.1340764520940438	0.25743329512697954	-0.07528483380845047	0.020200256785612665	Energi_kcal	mid	shannon	ko_hum	Energi_kcal	low	negative
Energi_kcalhigh	0.012469991702829265	0.024472549310931884	0.5095501716798634	0.6106441709075945	-0.03563909259108918	0.060579075996747715	Energi_kcal	high	shannon	ko_hum	Energi_kcal	low	negative
Energi_kcalmid	1.270262941680938	1.6655725938187849	0.7626584073219586	0.4461111021633428	-2.0039841053103875	4.544509988672264	Energi_kcal	mid	invsimpson	mags	Energi_kcal	low	negative
Energi_kcalhigh	3.3548987893820845	1.6783598740943209	1.9989150367363615	0.046285379632690755	0.055514012077108266	6.654283566687061	Energi_kcal	high	invsimpson	mags	Energi_kcal	low	negative
Energi_kcalmid	0.26672046812732947	6.367496960895666	0.04188780454318615	0.9666087807433479	-12.250751420106218	12.784192356360878	Energi_kcal	mid	observed	mags	Energi_kcal	low	negative
Energi_kcalhigh	7.889973146573275	6.416382832694212	1.2296605973026564	0.21953808645107506	-4.723600479867305	20.503546773013856	Energi_kcal	high	observed	mags	Energi_kcal	low	negative
Energi_kcalmid	0.002931146169062085	0.05144699177248481	0.05697410223759163	0.9545939227155387	-0.09820534077410195	0.10406763311222611	Energi_kcal	mid	shannon	mags	Energi_kcal	low	negative
Energi_kcalhigh	0.07744669606973097	0.05184197131619814	1.493899520088901	0.13598054731984566	-0.02446625694247434	0.17935964908193627	Energi_kcal	high	shannon	mags	Energi_kcal	low	negative
Energi_kcalmid	1.094998278233451	1.584506007677306	0.6910660312601692	0.48991994847332176	-2.0198849372032086	4.20988149367011	Energi_kcal	mid	invsimpson	metaphlan	Energi_kcal	low	negative
Energi_kcalhigh	3.0942528458687915	1.5966709066998008	1.9379402686458291	0.05332522741741665	-0.04454459873396388	6.233050290471547	Energi_kcal	high	invsimpson	metaphlan	Energi_kcal	low	negative
Energi_kcalmid	-2.960727037240456	8.402716580781584	-0.352353552422812	0.7247564135277975	-19.4791123981865	13.557658323705589	Energi_kcal	mid	observed	metaphlan	Energi_kcal	low	negative
Energi_kcalhigh	6.945384494853663	8.467227663872832	0.8202666528606021	0.4125466136590531	-9.699819249207966	23.59058823891529	Energi_kcal	high	observed	metaphlan	Energi_kcal	low	negative
Energi_kcalmid	0.0028559781837039387	0.05184715240038485	0.05508457169737907	0.9560982504484417	-0.09906716000425506	0.10477911637166293	Energi_kcal	mid	shannon	metaphlan	Energi_kcal	low	negative
Energi_kcalhigh	0.07265261165290025	0.05224520414048468	1.3906082452571358	0.1651078796427979	-0.030053032046621825	0.17535825535242233	Energi_kcal	high	shannon	metaphlan	Energi_kcal	low	negative
Energi_kcalmid	-17.924912936127445	15.800694799619622	-1.1344382739776075	0.2571294416975953	-48.96540183928546	13.115575967030573	Energi_kcal	mid	invsimpson	ko_hum	Energi_kcal	low	positive
Energi_kcalhigh	17.218103156574134	16.914538691648453	1.0179469550106954	0.30917292602462476	-16.010533762151123	50.44674007529939	Energi_kcal	high	invsimpson	ko_hum	Energi_kcal	low	positive
Energi_kcalmid	-47.502686247511534	53.48515851812232	-0.8881470591774773	0.3748691446642449	-152.57436129216782	57.568988797144755	Energi_kcal	mid	observed	ko_hum	Energi_kcal	low	positive
Energi_kcalhigh	8.259715087430651	57.255506460735475	0.14426062396452602	0.8853501353394422	-104.2188142100238	120.73824438488509	Energi_kcal	high	observed	ko_hum	Energi_kcal	low	positive
Energi_kcalmid	-0.020858885462602318	0.018777431153239026	-1.1108487253861798	0.267142926719502	-0.057747177448089	0.016029406522884364	Energi_kcal	mid	shannon	ko_hum	Energi_kcal	low	positive
Energi_kcalhigh	0.025374859474102444	0.020101115159750604	1.2623607830928556	0.20738052082438602	-0.014113811750175655	0.06486353069838055	Energi_kcal	high	shannon	ko_hum	Energi_kcal	low	positive
Energi_kcalmid	1.1446797585037969	1.4041389969775198	0.8152182661173701	0.4153177562785384	-1.6137534311064081	3.9031129481140017	Energi_kcal	mid	invsimpson	mags	Energi_kcal	low	positive
Energi_kcalhigh	1.6985507252923977	1.5031214572539215	1.1300156198924265	0.258986630377216	-1.254333657685006	4.651435108269801	Energi_kcal	high	invsimpson	mags	Energi_kcal	low	positive
Energi_kcalmid	7.40376868630039	5.046806716695635	1.4670204550944168	0.14297039238161457	-2.5106907645425878	17.318228137143368	Energi_kcal	mid	observed	mags	Energi_kcal	low	positive
Energi_kcalhigh	7.768952779645631	5.402573023616318	1.4380097678800703	0.15102821682916331	-2.844410120832662	18.382315680123924	Energi_kcal	high	observed	mags	Energi_kcal	low	positive
Energi_kcalmid	0.053762303842171455	0.03944048611454547	1.3631247770636419	0.17342861497001819	-0.023718590960200056	0.13124319864454298	Energi_kcal	mid	shannon	mags	Energi_kcal	low	positive
Energi_kcalhigh	0.06266296551832021	0.042220778064643256	1.4841736318165049	0.13836412249098096	-0.020279817037659922	0.14560574807430032	Energi_kcal	high	shannon	mags	Energi_kcal	low	positive
Energi_kcalmid	1.061805295898278	1.3487133275701515	0.7872727837658664	0.4314781369087455	-1.5877440820816346	3.7113546738781906	Energi_kcal	mid	invsimpson	metaphlan	Energi_kcal	low	positive
Energi_kcalhigh	1.3917505457037895	1.4437886467926997	0.9639572584224775	0.33551199513236796	-1.4445744411159798	4.228075532523559	Energi_kcal	high	invsimpson	metaphlan	Energi_kcal	low	positive
Energi_kcalmid	10.076174020685425	6.539143276562687	1.5409012457029363	0.12394446861484291	-2.7699828658579957	22.922330907228847	Energi_kcal	mid	observed	metaphlan	Energi_kcal	low	positive
Energi_kcalhigh	9.531715016267	7.000109385336338	1.3616522959246622	0.173892787493479	-4.220010490237673	23.283440522771674	Energi_kcal	high	observed	metaphlan	Energi_kcal	low	positive
Energi_kcalmid	0.05732513635076165	0.0394987647150609	1.4513146617191182	0.14729065988238263	-0.020270246850729777	0.13492051955225307	Energi_kcal	mid	shannon	metaphlan	Energi_kcal	low	positive
Energi_kcalhigh	0.05745619168201981	0.04228316491888064	1.3588432131853967	0.17478087939987316	-0.025609149943749153	0.14052153330778877	Energi_kcal	high	shannon	metaphlan	Energi_kcal	low	positive
ROKJOT_nonprocmid	-6.159819003411196	12.462685426895119	-0.49426097124444696	0.6212377359556025	-30.617826384149918	18.298188377327524	ROKJOT_nonproc	mid	invsimpson	ko_hum	ROKJOT_nonproc	low	all
ROKJOT_nonprochigh	-3.79891487382763	12.698779138412334	-0.29915591352686444	0.7648874244387461	-28.720255921512052	21.12242617385679	ROKJOT_nonproc	high	invsimpson	ko_hum	ROKJOT_nonproc	low	all
ROKJOT_nonprocmid	-2.6692358961193547	41.866538119672306	-0.06375583021671263	0.9491782472410601	-84.83227405859594	79.49380226635722	ROKJOT_nonproc	mid	observed	ko_hum	ROKJOT_nonproc	low	all
ROKJOT_nonprochigh	-63.68816350578834	42.65965982935771	-1.492936506304702	0.13579043291612544	-147.40770221087251	20.031375199295823	ROKJOT_nonproc	high	observed	ko_hum	ROKJOT_nonproc	low	all
ROKJOT_nonprocmid	0.003982631716349657	0.014832620208398544	0.26850493442113527	0.788369780162903	-0.025126370244801976	0.033091633677501286	ROKJOT_nonproc	mid	shannon	ko_hum	ROKJOT_nonproc	low	all
ROKJOT_nonprochigh	-0.0054908066116333715	0.015113610078283955	-0.3633021219412599	0.7164611538826142	-0.03515125090452669	0.024169637681259945	ROKJOT_nonproc	high	shannon	ko_hum	ROKJOT_nonproc	low	all
ROKJOT_nonprocmid	2.387941925067309	1.0580909919276447	2.2568398590341685	0.02424774155071259	0.3114394375527234	4.464444412581894	ROKJOT_nonproc	mid	invsimpson	mags	ROKJOT_nonproc	low	all
ROKJOT_nonprochigh	2.763976911311401	1.078135518516435	2.5636637174469152	0.010512396288286364	0.6481370609043795	4.8798167617184225	ROKJOT_nonproc	high	invsimpson	mags	ROKJOT_nonproc	low	all
ROKJOT_nonprocmid	0.6958364720553061	3.931802225826334	0.1769764683189436	0.8595651196444932	-7.020321367517409	8.411994311628021	ROKJOT_nonproc	mid	observed	mags	ROKJOT_nonproc	low	all
ROKJOT_nonprochigh	0.7217374813281633	4.006286476102259	0.18015124121387	0.8570727890259193	-7.140595623092847	8.584070585749174	ROKJOT_nonproc	high	observed	mags	ROKJOT_nonproc	low	all
ROKJOT_nonprocmid	0.060573607620986354	0.0311911537918025	1.9420124059952537	0.05243499502992574	-6.389997362804684e-4	0.12178621497825318	ROKJOT_nonproc	mid	shannon	mags	ROKJOT_nonproc	low	all
ROKJOT_nonprochigh	0.06838881153248184	0.03178204050786443	2.1518068204449965	0.03166751233935465	0.0060165896003790825	0.13076103346458462	ROKJOT_nonproc	high	shannon	mags	ROKJOT_nonproc	low	all
ROKJOT_nonprocmid	2.007196899316286	1.0131700320380115	1.9811056741174724	0.04787142130797805	0.018851749558097097	3.9955420490744746	ROKJOT_nonproc	mid	invsimpson	metaphlan	ROKJOT_nonproc	low	all
ROKJOT_nonprochigh	2.288328364274695	1.0323635738043515	2.216591540364023	0.02689049550277702	0.26231590846619124	4.314340820083199	ROKJOT_nonproc	high	invsimpson	metaphlan	ROKJOT_nonproc	low	all
ROKJOT_nonprocmid	1.9867268262574245	5.139393543196974	0.3865683391549688	0.6991635688233657	-8.099327736330418	12.072781388845266	ROKJOT_nonproc	mid	observed	metaphlan	ROKJOT_nonproc	low	all
ROKJOT_nonprochigh	2.741787253947668	5.23675446140987	0.5235661274845237	0.6007041472290691	-7.535338010874831	13.018912518770168	ROKJOT_nonproc	high	observed	metaphlan	ROKJOT_nonproc	low	all
ROKJOT_nonprocmid	0.057993400091720326	0.03133879966685779	1.850530355604238	0.06455175076287234	-0.003508962144061274	0.11949576232750192	ROKJOT_nonproc	mid	shannon	metaphlan	ROKJOT_nonproc	low	all
ROKJOT_nonprochigh	0.062010638969636524	0.031932483393470656	1.9419297336052495	0.05244501898602539	-6.568269713213629e-4	0.12467810491059442	ROKJOT_nonproc	high	shannon	metaphlan	ROKJOT_nonproc	low	all
ROKJOT_nonprocmid	-26.444267984641012	19.736749640558447	-1.3398491882522952	0.1810456511638689	-65.24353405543985	12.354998086157824	ROKJOT_nonproc	mid	invsimpson	ko_hum	ROKJOT_nonproc	low	negative
ROKJOT_nonprochigh	-16.311841230037352	20.458183348305894	-0.7973259869815423	0.42572892879573143	-56.52932959625485	23.905647136180143	ROKJOT_nonproc	high	invsimpson	ko_hum	ROKJOT_nonproc	low	negative
ROKJOT_nonprocmid	-61.91585620108175	65.9782048756064	-0.9384289299446129	0.3485833276037591	-191.61836408423375	67.78665168207023	ROKJOT_nonproc	mid	observed	ko_hum	ROKJOT_nonproc	low	negative
ROKJOT_nonprochigh	-75.70425103930557	68.38989382342156	-1.106950849123545	0.26897221200135024	-210.14775036585095	58.7392482872398	ROKJOT_nonproc	high	observed	ko_hum	ROKJOT_nonproc	low	negative
ROKJOT_nonprocmid	-0.02231996281431628	0.02365372724314417	-0.9436129276744547	0.34593004162769603	-0.06881937500663136	0.024179449377998805	ROKJOT_nonproc	mid	shannon	ko_hum	ROKJOT_nonproc	low	negative
ROKJOT_nonprochigh	-0.011123096806727597	0.024518337498522856	-0.4536643974085814	0.6503133854497137	-0.059322193291386466	0.037075999677931265	ROKJOT_nonproc	high	shannon	ko_hum	ROKJOT_nonproc	low	negative
ROKJOT_nonprocmid	2.9709138290254073	1.6058148659439524	1.8500973505927805	0.06502770036820028	-0.18585916444509687	6.127686822495912	ROKJOT_nonproc	mid	invsimpson	mags	ROKJOT_nonproc	low	negative
ROKJOT_nonprochigh	5.35327072705423	1.6645119155489827	3.216120399647987	0.0014036604998836956	2.0811088024439983	8.625432651664463	ROKJOT_nonproc	high	invsimpson	mags	ROKJOT_nonproc	low	negative
ROKJOT_nonprocmid	1.6552257180477956	6.178132127066023	0.2679168531855044	0.7888997169025752	-10.489985453197653	13.800436889293243	ROKJOT_nonproc	mid	observed	mags	ROKJOT_nonproc	low	negative
ROKJOT_nonprochigh	10.56925444059439	6.403960231923961	1.65042474622286	0.09963133113936472	-2.0198983566137123	23.158407237802493	ROKJOT_nonproc	high	observed	mags	ROKJOT_nonproc	low	negative
ROKJOT_nonprocmid	0.06167666590881178	0.049684150128636285	1.241375081371542	0.21518570986652197	-0.035994358725411096	0.15934769054303466	ROKJOT_nonproc	mid	shannon	mags	ROKJOT_nonproc	low	negative
ROKJOT_nonprochigh	0.14423731920250735	0.051500245549430654	2.8007112910571728	0.005343312172231279	0.04299614392420069	0.245478494480814	ROKJOT_nonproc	high	shannon	mags	ROKJOT_nonproc	low	negative
ROKJOT_nonprocmid	1.9538010731189406	1.5337787137399115	1.2738480822666143	0.2034477974569265	-1.0613604652243414	4.9689626114622225	ROKJOT_nonproc	mid	invsimpson	metaphlan	ROKJOT_nonproc	low	negative
ROKJOT_nonprochigh	4.18601831274533	1.5898426393846707	2.6329765028603567	0.008787905807264924	1.0606441402206608	7.311392485269999	ROKJOT_nonproc	high	invsimpson	metaphlan	ROKJOT_nonproc	low	negative
ROKJOT_nonprocmid	1.0943540997243648	8.143015196243239	0.1343917545713586	0.893159560945219	-14.913500231484557	17.10220843093329	ROKJOT_nonproc	mid	observed	metaphlan	ROKJOT_nonproc	low	negative
ROKJOT_nonprochigh	14.473752986109522	8.440665303391448	1.714764472451477	0.08715338792464362	-2.119233442003191	31.066739414222234	ROKJOT_nonproc	high	observed	metaphlan	ROKJOT_nonproc	low	negative
ROKJOT_nonprocmid	0.05104688760567493	0.05011252319610748	1.0186453275543714	0.30897948854188034	-0.047466249378609084	0.14956002458995896	ROKJOT_nonproc	mid	shannon	metaphlan	ROKJOT_nonproc	low	negative
ROKJOT_nonprochigh	0.13450726117250167	0.05194427685729061	2.589452954404215	0.009959250584932028	0.032393191969350366	0.23662133037565297	ROKJOT_nonproc	high	shannon	metaphlan	ROKJOT_nonproc	low	negative
ROKJOT_nonprocmid	11.043250699929047	15.962713608786682	0.6918153749153455	0.48935969340372265	-20.31552439961662	42.402025799474714	ROKJOT_nonproc	mid	invsimpson	ko_hum	ROKJOT_nonproc	low	positive
ROKJOT_nonprochigh	6.012133951405601	16.12126789796688	0.3729318307627538	0.709349985506613	-25.65812128975792	37.68238919256912	ROKJOT_nonproc	high	invsimpson	ko_hum	ROKJOT_nonproc	low	positive
ROKJOT_nonprocmid	43.69656541493612	53.715474841833505	0.8134818791717228	0.4163113093762417	-61.82756639703557	149.22069722690782	ROKJOT_nonproc	mid	observed	ko_hum	ROKJOT_nonproc	low	positive
ROKJOT_nonprochigh	-50.48048005043821	54.249019396992075	-0.9305325812624216	0.35252389611278145	-157.05276095039423	56.0918008495178	ROKJOT_nonproc	high	observed	ko_hum	ROKJOT_nonproc	low	positive
ROKJOT_nonprocmid	0.025572092890704605	0.018953534592030134	1.3491991568399881	0.17785569053748826	-0.011662154567432241	0.06280634034884144	ROKJOT_nonproc	mid	shannon	ko_hum	ROKJOT_nonproc	low	positive
ROKJOT_nonprochigh	3.023609414279853e-4	0.019141796079289883	0.015795850095546637	0.987403271488653	-0.03730172649401916	0.03790644837687513	ROKJOT_nonproc	high	shannon	ko_hum	ROKJOT_nonproc	low	positive
ROKJOT_nonprocmid	1.9726876530373036	1.411800496019711	1.3972849978441726	0.16291924258903526	-0.8007965630636111	4.746171869138219	ROKJOT_nonproc	mid	invsimpson	mags	ROKJOT_nonproc	low	positive
ROKJOT_nonprochigh	0.9442488505898963	1.4258236144942191	0.6622480094950935	0.5081034394538788	-1.8567838030269508	3.7452815042067433	ROKJOT_nonproc	high	invsimpson	mags	ROKJOT_nonproc	low	positive
ROKJOT_nonprocmid	-0.3109817270213349	5.07919624460463	-0.06122656263806992	0.9512021205739638	-10.289070454575732	9.667107000533061	ROKJOT_nonproc	mid	observed	mags	ROKJOT_nonproc	low	positive
ROKJOT_nonprochigh	-6.944750504489144	5.129646836521955	-1.3538457374967903	0.1763692183147515	-17.02194949639756	3.132448487419272	ROKJOT_nonproc	high	observed	mags	ROKJOT_nonproc	low	positive
ROKJOT_nonprocmid	0.057562936515199385	0.03968844087912616	1.450370315390096	0.1475535816088877	-0.020405065798332796	0.13553093882873157	ROKJOT_nonproc	mid	shannon	mags	ROKJOT_nonproc	low	positive
ROKJOT_nonprochigh	0.010496036989164783	0.040082657845394117	0.2618598055460756	0.7935324305541579	-0.06824640515261925	0.0892384791309488	ROKJOT_nonproc	high	shannon	mags	ROKJOT_nonproc	low	positive
ROKJOT_nonprocmid	2.078351834345499	1.3551480900271549	1.5336713748412931	0.12571404067082784	-0.5838386442425896	4.740542312933588	ROKJOT_nonproc	mid	invsimpson	metaphlan	ROKJOT_nonproc	low	positive
ROKJOT_nonprochigh	0.9330986556819418	1.368608492024838	0.6817863991925367	0.4956752525125879	-1.755534803049728	3.6217321144136116	ROKJOT_nonproc	high	invsimpson	metaphlan	ROKJOT_nonproc	low	positive
ROKJOT_nonprocmid	2.4855715620041647	6.584691641377852	0.3774772908703827	0.7059717765504376	-10.45006515631451	15.421208280322839	ROKJOT_nonproc	mid	observed	metaphlan	ROKJOT_nonproc	low	positive
ROKJOT_nonprochigh	-6.135209526749839	6.650096003584461	-0.922574579892216	0.35665353943010647	-19.199333213840372	6.928914160340695	ROKJOT_nonproc	high	observed	metaphlan	ROKJOT_nonproc	low	positive
ROKJOT_nonprocmid	0.06107860143490443	0.039724736639763294	1.5375457863644222	0.1247633064091746	-0.016960703955459275	0.13911790682526814	ROKJOT_nonproc	mid	shannon	metaphlan	ROKJOT_nonproc	low	positive
ROKJOT_nonprochigh	0.005563370251309841	0.040119314124215634	0.13867062218672985	0.8897637089758035	-0.07325108320582581	0.0843778237084455	ROKJOT_nonproc	high	shannon	metaphlan	ROKJOT_nonproc	low	positive
GRSAK_modifiedmid	-12.473162073546195	12.512916413962829	-0.9968229356689162	0.31910781290797047	-37.029747714937514	12.083423567845124	GRSAK_modified	mid	invsimpson	ko_hum	GRSAK_modified	low	all
GRSAK_modifiedhigh	-16.58719579360042	12.65975300928009	-1.3102306009794473	0.19043893030433348	-41.431948102849844	8.257556515649007	GRSAK_modified	high	invsimpson	ko_hum	GRSAK_modified	low	all
GRSAK_modifiedmid	-38.07598929776083	42.04363151754929	-0.9056303635871145	0.36536433989967865	-120.58657307211716	44.43459447659551	GRSAK_modified	mid	observed	ko_hum	GRSAK_modified	low	all
GRSAK_modifiedhigh	-85.7728212059891	42.53700520459171	-2.016428302684794	0.04404011843402606	-169.25165033564463	-2.293992076333595	GRSAK_modified	high	observed	ko_hum	GRSAK_modified	low	all
GRSAK_modifiedmid	-0.009838992867179541	0.014903015968362002	-0.6602014577496926	0.5092868124658729	-0.039086146435130406	0.019408160700771327	GRSAK_modified	mid	shannon	ko_hum	GRSAK_modified	low	all
GRSAK_modifiedhigh	-0.011456766367668103	0.015077899908472974	-0.7598383353924516	0.4475423539152341	-0.04104712948889681	0.018133596753560598	GRSAK_modified	high	shannon	ko_hum	GRSAK_modified	low	all
GRSAK_modifiedmid	0.29987079380666865	1.0669755633637708	0.2810474804702081	0.7787360300085387	-1.7940676560479862	2.3938092436613236	GRSAK_modified	mid	invsimpson	mags	GRSAK_modified	low	all
GRSAK_modifiedhigh	1.1788637284790402	1.0794963102326804	1.0920497988779059	0.2750919187883075	-0.9396466742768157	3.2973741312348963	GRSAK_modified	high	invsimpson	mags	GRSAK_modified	low	all
GRSAK_modifiedmid	1.6161610249044789	3.948479270112316	0.40931227299023065	0.6824040546216875	-6.132725496991808	9.365047546800767	GRSAK_modified	mid	observed	mags	GRSAK_modified	low	all
GRSAK_modifiedhigh	4.425647010402243	3.9948138921559124	1.1078481075407045	0.2682117161297308	-3.4141711597791247	12.265465180583611	GRSAK_modified	high	observed	mags	GRSAK_modified	low	all
GRSAK_modifiedmid	0.008379073379838594	0.031414679281505355	0.26672477871743144	0.7897397611310659	-0.05327220252194092	0.07003034928161811	GRSAK_modified	mid	shannon	mags	GRSAK_modified	low	all
GRSAK_modifiedhigh	0.035688546125935576	0.03178332431964632	1.122870149359276	0.2617802733679553	-0.026686195285473724	0.09806328753734488	GRSAK_modified	high	shannon	mags	GRSAK_modified	low	all
GRSAK_modifiedmid	0.20432859040602036	1.0201381984645843	0.20029500974824438	0.8412933283498196	-1.7976915788245802	2.206348759636621	GRSAK_modified	mid	invsimpson	metaphlan	GRSAK_modified	low	all
GRSAK_modifiedhigh	1.416633231644561	1.0321093181348537	1.3725612265613378	0.1702172294625233	-0.6088802476730697	3.4421467109621915	GRSAK_modified	high	invsimpson	metaphlan	GRSAK_modified	low	all
GRSAK_modifiedmid	-0.7465824391758417	5.161984639061052	-0.14463089129061074	0.8850334081550314	-10.8769720042496	9.383807125897915	GRSAK_modified	mid	observed	metaphlan	GRSAK_modified	low	all
GRSAK_modifiedhigh	4.539607363125517	5.222559506214639	0.8692303759724642	0.3849437328042973	-5.709660316670808	14.788875042921843	GRSAK_modified	high	observed	metaphlan	GRSAK_modified	low	all
GRSAK_modifiedmid	0.0018843131573859086	0.031543871509329434	0.05973626784615208	0.9523784234798112	-0.06002050235912515	0.06378912867389697	GRSAK_modified	mid	shannon	metaphlan	GRSAK_modified	low	all
GRSAK_modifiedhigh	0.03694730143221868	0.03191403259267102	1.1577133452167854	0.2472760526295551	-0.02568395483107501	0.09957855769551237	GRSAK_modified	high	shannon	metaphlan	GRSAK_modified	low	all
GRSAK_modifiedmid	-18.10295691759462	20.077119254798323	-0.9016710359614023	0.3677675410970611	-57.571334745182924	21.365420909993684	GRSAK_modified	mid	invsimpson	ko_hum	GRSAK_modified	low	negative
GRSAK_modifiedhigh	-47.504411718284	20.058778747756545	-2.3682604168310637	0.018340686864130498	-86.9367350675237	-8.072088369044295	GRSAK_modified	high	invsimpson	ko_hum	GRSAK_modified	low	negative
GRSAK_modifiedmid	-66.633780097759	67.26190326424138	-0.990661531476224	0.3224423713969704	-198.85983194039628	65.59227174487827	GRSAK_modified	mid	observed	ko_hum	GRSAK_modified	low	negative
GRSAK_modifiedhigh	-126.28884499720529	67.20045931928068	-1.8792854435292734	0.06092334520330371	-258.39410795553357	5.81641796112298	GRSAK_modified	high	observed	ko_hum	GRSAK_modified	low	negative
GRSAK_modifiedmid	-0.022712926161084394	0.024127044917522364	-0.9413886465884199	0.3470668926028647	-0.0701428045506538	0.02471695222848502	GRSAK_modified	mid	shannon	ko_hum	GRSAK_modified	low	negative
GRSAK_modifiedhigh	-0.038204059348361	0.024105004791566482	-1.5849015454967799	0.11376918277203495	-0.08559061040557986	0.009182491708857862	GRSAK_modified	high	shannon	ko_hum	GRSAK_modified	low	negative
GRSAK_modifiedmid	-0.1489025462937524	1.6622878806578472	-0.08957687054472449	0.928667745805628	-3.4166923770656665	3.1188872844781614	GRSAK_modified	mid	invsimpson	mags	GRSAK_modified	low	negative
GRSAK_modifiedhigh	0.09135114525418016	1.6607693758268627	0.0550053165622098	0.9561613519687939	-3.1734535499690675	3.356155840477428	GRSAK_modified	high	invsimpson	mags	GRSAK_modified	low	negative
GRSAK_modifiedmid	-7.031086053313417	6.32802314247524	-1.1111030878062134	0.2671831624117763	-19.470958782028962	5.408786675402129	GRSAK_modified	mid	observed	mags	GRSAK_modified	low	negative
GRSAK_modifiedhigh	-1.5134261726129892	6.322242474863906	-0.23938122883298107	0.8109310805659179	-13.941935041280471	10.915082696054492	GRSAK_modified	high	observed	mags	GRSAK_modified	low	negative
GRSAK_modifiedmid	-0.0306731020599034	0.05124908612701223	-0.598510224824015	0.5498341159884352	-0.13142053842810222	0.07007433430829543	GRSAK_modified	mid	shannon	mags	GRSAK_modified	low	negative
GRSAK_modifiedhigh	-0.012351940731656633	0.05120226993724575	-0.24123814719143025	0.8094926308589794	-0.11300734402266435	0.08830346255935109	GRSAK_modified	high	shannon	mags	GRSAK_modified	low	negative
GRSAK_modifiedmid	-0.2640893354629734	1.5809593670696678	-0.16704372102394194	0.8674190180716034	-3.3720004275713578	2.8438217566454114	GRSAK_modified	mid	invsimpson	metaphlan	GRSAK_modified	low	negative
GRSAK_modifiedhigh	-0.16388534816151504	1.5795151560732332	-0.10375674303052816	0.9174137544244522	-3.2689573544156674	2.941186658092637	GRSAK_modified	high	invsimpson	metaphlan	GRSAK_modified	low	negative
GRSAK_modifiedmid	-10.941286328768964	8.338399516545755	-1.312156644336643	0.1902104863570287	-27.333234716372118	5.45066205883419	GRSAK_modified	mid	observed	metaphlan	GRSAK_modified	low	negative
GRSAK_modifiedhigh	-1.2394004228340951	8.330782364248678	-0.1487735927603808	0.881806337049118	-17.616374717739195	15.137573872071005	GRSAK_modified	high	observed	metaphlan	GRSAK_modified	low	negative
GRSAK_modifiedmid	-0.03527719320431139	0.05161572547632732	-0.6834582460822076	0.49470813806903313	-0.13674538339090328	0.06619099698228048	GRSAK_modified	mid	shannon	metaphlan	GRSAK_modified	low	negative
GRSAK_modifiedhigh	-0.012806449057895698	0.051568574360445055	-0.2483382412006081	0.8039985845029027	-0.11418194775657958	0.08856904964078818	GRSAK_modified	high	shannon	metaphlan	GRSAK_modified	low	negative
GRSAK_modifiedmid	-5.9896259670744785	15.908005746366836	-0.37651645734679373	0.7066853914013775	-37.240927387905735	25.261675453756776	GRSAK_modified	mid	invsimpson	ko_hum	GRSAK_modified	low	positive
GRSAK_modifiedhigh	9.457444616329116	16.13668538136217	0.5860834733291906	0.5580717788703778	-22.243098294352432	41.15798752701066	GRSAK_modified	high	invsimpson	ko_hum	GRSAK_modified	low	positive
GRSAK_modifiedmid	-7.7556285731236	53.668602703593514	-0.1445096049166248	0.8851536348884002	-113.18767999841883	97.67642285217163	GRSAK_modified	mid	observed	ko_hum	GRSAK_modified	low	positive
GRSAK_modifiedhigh	-48.35710979550593	54.44009579157976	-0.8882627609737842	0.3748069768036555	-155.30476056248813	58.59054097147628	GRSAK_modified	high	observed	ko_hum	GRSAK_modified	low	positive
GRSAK_modifiedmid	0.003184935009740228	0.018934870453413587	0.16820474254504586	0.8664871115101376	-0.034012646719771326	0.040382516739251785	GRSAK_modified	mid	shannon	ko_hum	GRSAK_modified	low	positive
GRSAK_modifiedhigh	0.01118872884430173	0.01920706165908747	0.5825320417507999	0.5604589382747671	-0.02654357292166421	0.04892103061026767	GRSAK_modified	high	shannon	ko_hum	GRSAK_modified	low	positive
GRSAK_modifiedmid	0.8416033210591424	1.4077077045497057	0.5978537435996718	0.5501958150468186	-1.9238405999902723	3.6070472421085573	GRSAK_modified	mid	invsimpson	mags	GRSAK_modified	low	positive
GRSAK_modifiedhigh	1.958178618453518	1.4279436844197826	1.3713276229441682	0.17085980160472128	-0.8470189157481975	4.763376152655233	GRSAK_modified	high	invsimpson	mags	GRSAK_modified	low	positive
GRSAK_modifiedmid	8.066438372941295	5.058401246991791	1.5946616290549054	0.11139086300878843	-1.8707985502571258	18.00367529613972	GRSAK_modified	mid	observed	mags	GRSAK_modified	low	positive
GRSAK_modifiedhigh	8.711495942219813	5.1311164175332795	1.6977778778224946	0.0901434179654254	-1.3685900438146703	18.791581928254296	GRSAK_modified	high	observed	mags	GRSAK_modified	low	positive
GRSAK_modifiedmid	0.043721921272922216	0.03954843927380182	1.1055283615676093	0.26943803622011614	-0.03397104767457095	0.12141489022041538	GRSAK_modified	mid	shannon	mags	GRSAK_modified	low	positive
GRSAK_modifiedhigh	0.06902711766247563	0.040116953190754215	1.7206470624589796	0.08590522528158483	-0.00978269773729358	0.14783693306224482	GRSAK_modified	high	shannon	mags	GRSAK_modified	low	positive
GRSAK_modifiedmid	0.7984061094461313	1.3493034956824992	0.5917172170685623	0.5542951581970819	-1.8523026546857606	3.449114873578023	GRSAK_modified	mid	invsimpson	metaphlan	GRSAK_modified	low	positive
GRSAK_modifiedhigh	2.594812931972402	1.368699907515018	1.895823122165244	0.05853335827774215	-0.09400011262840158	5.283625976573205	GRSAK_modified	high	invsimpson	metaphlan	GRSAK_modified	low	positive
GRSAK_modifiedmid	6.693762716370242	6.565276081522448	1.0195706369773865	0.3084026319432051	-6.20373210515952	19.591257537900002	GRSAK_modified	mid	observed	metaphlan	GRSAK_modified	low	positive
GRSAK_modifiedhigh	8.564502412442247	6.659652772221661	1.2860283719544625	0.1990011314345926	-4.518395561133476	21.64740038601797	GRSAK_modified	high	observed	metaphlan	GRSAK_modified	low	positive
GRSAK_modifiedmid	0.03595717966843745	0.03959605802004222	0.9080999843529148	0.3642428427770241	-0.04182933637828158	0.11374369571515648	GRSAK_modified	mid	shannon	metaphlan	GRSAK_modified	low	positive
GRSAK_modifiedhigh	0.07223449032303586	0.040165256462615415	1.798432194507945	0.07268394680206966	-0.0066702169275796724	0.1511391975736514	GRSAK_modified	high	shannon	metaphlan	GRSAK_modified	low	positive
FRUKTB_modifiedmid	0.7124411661360059	12.453596874973094	0.05720766243588121	0.9543919711886917	-23.72772994076807	25.152612273040084	FRUKTB_modified	mid	invsimpson	ko_hum	FRUKTB_modified	low	all
FRUKTB_modifiedhigh	9.753319610487495	12.57419925272517	0.7756612897933588	0.43814472323429166	-14.923533539183172	34.43017276015816	FRUKTB_modified	high	invsimpson	ko_hum	FRUKTB_modified	low	all
FRUKTB_modifiedmid	-26.266348102575844	41.86879782321442	-0.6273489918072666	0.5305833347822622	-108.43382093093848	55.90112472578679	FRUKTB_modified	mid	observed	ko_hum	FRUKTB_modified	low	all
FRUKTB_modifiedhigh	31.05180628012418	42.2742611300642	0.7345322058873563	0.46280821623228585	-51.91138787248447	114.01500043273283	FRUKTB_modified	high	observed	ko_hum	FRUKTB_modified	low	all
FRUKTB_modifiedmid	0.0019361798132307136	0.014805371920322158	0.13077549308795636	0.8959809812343545	-0.027119347410490213	0.030991707036951643	FRUKTB_modified	mid	shannon	ko_hum	FRUKTB_modified	low	all
FRUKTB_modifiedhigh	0.023227343857333167	0.014948749217260601	1.5537984830539315	0.12057016977664864	-0.006109561164721909	0.052564248879388244	FRUKTB_modified	high	shannon	ko_hum	FRUKTB_modified	low	all
FRUKTB_modifiedmid	1.7768083549825635	1.0600026020390265	1.6762301824209542	0.09402670352378516	-0.30344566541693063	3.857062375382058	FRUKTB_modified	mid	invsimpson	mags	FRUKTB_modified	low	all
FRUKTB_modifiedhigh	1.7147780574164666	1.0702678158172403	1.6021952936210533	0.1094494680817516	-0.38562143450480724	3.8151775493377404	FRUKTB_modified	high	invsimpson	mags	FRUKTB_modified	low	all
FRUKTB_modifiedmid	4.565127700536813	3.9102137612602013	1.167488014533902	0.24331034786255898	-3.108662799444885	12.238918200518512	FRUKTB_modified	mid	observed	mags	FRUKTB_modified	low	all
FRUKTB_modifiedhigh	12.075579483229816	3.9480808194170747	3.0585948048076554	0.002286979197339672	4.327474920414678	19.823684046044953	FRUKTB_modified	high	observed	mags	FRUKTB_modified	low	all
FRUKTB_modifiedmid	0.04060795773942312	0.031202521895000685	1.3014319123330025	0.19343054998153938	-0.02062695950872212	0.10184287498756836	FRUKTB_modified	mid	shannon	mags	FRUKTB_modified	low	all
FRUKTB_modifiedhigh	0.06273068360469139	0.031504691490674745	1.9911537182727026	0.0467540083320152	9.027588346454604e-4	0.12455860837473731	FRUKTB_modified	high	shannon	mags	FRUKTB_modified	low	all
FRUKTB_modifiedmid	1.3477332307250143	1.014432906909872	1.3285582728486494	0.18431721150493147	-0.6430903096752318	3.33855677112526	FRUKTB_modified	mid	invsimpson	metaphlan	FRUKTB_modified	low	all
FRUKTB_modifiedhigh	1.552334967876683	1.0242568173729725	1.5155720143099778	0.12996486733215715	-0.4577679867416018	3.5624379224949676	FRUKTB_modified	high	invsimpson	metaphlan	FRUKTB_modified	low	all
FRUKTB_modifiedmid	4.699628996273399	5.122020105603166	0.9175342734661079	0.3590988455113979	-5.352330212837803	14.7515882053846	FRUKTB_modified	mid	observed	metaphlan	FRUKTB_modified	low	all
FRUKTB_modifiedhigh	12.330942367307735	5.171622466256984	2.38434697191506	0.017307595539737788	2.1816385762370896	22.480246158378378	FRUKTB_modified	high	observed	metaphlan	FRUKTB_modified	low	all
FRUKTB_modifiedmid	0.027217734717827465	0.03135738027645665	0.8679849680638895	0.3856248060975662	-0.03432109194525381	0.08875656138090873	FRUKTB_modified	mid	shannon	metaphlan	FRUKTB_modified	low	all
FRUKTB_modifiedhigh	0.05321938187334656	0.03166104954240316	1.6809102238405158	0.09311362724239862	-0.008915395413008488	0.1153541591597016	FRUKTB_modified	high	shannon	metaphlan	FRUKTB_modified	low	all
FRUKTB_modifiedmid	16.771319463044286	19.707850148271625	0.8509969041202157	0.3952739301834888	-21.971134867677392	55.513773793765964	FRUKTB_modified	mid	invsimpson	ko_hum	FRUKTB_modified	low	negative
FRUKTB_modifiedhigh	13.878623097212524	20.70825173778077	0.6701977198727953	0.503113713501477	-26.83045938433962	54.58770557876467	FRUKTB_modified	high	invsimpson	ko_hum	FRUKTB_modified	low	negative
FRUKTB_modifiedmid	-65.25725735000212	65.77520548312414	-0.9921254805771013	0.32172868963450085	-194.56070117323696	64.04618647323274	FRUKTB_modified	mid	observed	ko_hum	FRUKTB_modified	low	negative
FRUKTB_modifiedhigh	15.304473888988777	69.11405876344395	0.22143792685322183	0.8248630679768724	-120.5626168950545	151.17156467303207	FRUKTB_modified	high	observed	ko_hum	FRUKTB_modified	low	negative
FRUKTB_modifiedmid	0.01871216721561183	0.023560761450589676	0.7942089331388524	0.42753892122958603	-0.02760448922479402	0.06502882365601767	FRUKTB_modified	mid	shannon	ko_hum	FRUKTB_modified	low	negative
FRUKTB_modifiedhigh	0.0337798509466583	0.024756742901021134	1.3644707254791983	0.17317712470891922	-0.014887912102288237	0.08244761399560484	FRUKTB_modified	high	shannon	ko_hum	FRUKTB_modified	low	negative
FRUKTB_modifiedmid	2.251912276971673	1.615413128459851	1.3940163276490554	0.16407701322166987	-0.9237293523154619	5.427553906258808	FRUKTB_modified	mid	invsimpson	mags	FRUKTB_modified	low	negative
FRUKTB_modifiedhigh	2.9147295620962073	1.697414049375464	1.7171588530026807	0.08671464503353585	-0.42211265019459265	6.251571774387007	FRUKTB_modified	high	invsimpson	mags	FRUKTB_modified	low	negative
FRUKTB_modifiedmid	4.441206845642386	6.149600976955527	0.722194311839902	0.47059179802547035	-7.647916686827514	16.530330378112286	FRUKTB_modified	mid	observed	mags	FRUKTB_modified	low	negative
FRUKTB_modifiedhigh	13.643605880821742	6.461764431919327	2.111436593606865	0.03534686336611263	0.9408193507815081	26.346392410861974	FRUKTB_modified	high	observed	mags	FRUKTB_modified	low	negative
FRUKTB_modifiedmid	0.05403937336864008	0.0498426670352366	1.0841990724620854	0.2789215369249472	-0.043943269933697585	0.15202201667097776	FRUKTB_modified	mid	shannon	mags	FRUKTB_modified	low	negative
FRUKTB_modifiedhigh	0.0900168244416073	0.05237275950865632	1.718771844105886	0.08642009313288919	-0.012939572535864863	0.19297322141907947	FRUKTB_modified	high	shannon	mags	FRUKTB_modified	low	negative
FRUKTB_modifiedmid	2.1742401515208543	1.5355118526872176	1.4159709335462518	0.15755260118731587	-0.8443284584212898	5.192808761462999	FRUKTB_modified	mid	invsimpson	metaphlan	FRUKTB_modified	low	negative
FRUKTB_modifiedhigh	3.0142438201869473	1.6134568586914944	1.868189907867437	0.0624574545189464	-0.15755209830023142	6.1860397386741255	FRUKTB_modified	high	invsimpson	metaphlan	FRUKTB_modified	low	negative
FRUKTB_modifiedmid	1.5700212315574176	8.13733185952234	0.19294054349278777	0.8471022488756561	-14.426660576433648	17.566703039548482	FRUKTB_modified	mid	observed	metaphlan	FRUKTB_modified	low	negative
FRUKTB_modifiedhigh	10.884646513657511	8.550395672438711	1.2729991605818909	0.20374857633502289	-5.92405211946604	27.693345146781063	FRUKTB_modified	high	observed	metaphlan	FRUKTB_modified	low	negative
FRUKTB_modifiedmid	0.04629560922876854	0.050230968734521875	0.9216547161064662	0.35725739839025483	-0.05245037257766367	0.14504159103520076	FRUKTB_modified	mid	shannon	metaphlan	FRUKTB_modified	low	negative
FRUKTB_modifiedhigh	0.08504660515583642	0.05278077201527225	1.6113179460737703	0.10788945481225859	-0.018711878593404563	0.1888050889050774	FRUKTB_modified	high	shannon	metaphlan	FRUKTB_modified	low	negative
FRUKTB_modifiedmid	-14.056453513675036	16.010154421409517	-0.8779711390464853	0.3803617592377745	-45.50842616158493	17.395519134234853	FRUKTB_modified	mid	invsimpson	ko_hum	FRUKTB_modified	low	positive
FRUKTB_modifiedhigh	9.379425217681135	15.684990423489477	0.5979873091688169	0.5501067568978734	-21.433762263048227	40.1926126984105	FRUKTB_modified	high	invsimpson	ko_hum	FRUKTB_modified	low	positive
FRUKTB_modifiedmid	-12.737296069771475	54.07157444434523	-0.23556362470787148	0.8138633375396236	-118.96098609107268	93.48639395152973	FRUKTB_modified	mid	observed	ko_hum	FRUKTB_modified	low	positive
FRUKTB_modifiedhigh	38.1789891047572	52.97338832712436	0.7207201636601396	0.47140310191538604	-65.88731262333948	142.2452908328539	FRUKTB_modified	high	observed	ko_hum	FRUKTB_modified	low	positive
FRUKTB_modifiedmid	-0.014504551048394774	0.019034211553213422	-0.7620253146732555	0.4463877433925757	-0.05189728851916136	0.022888186422371816	FRUKTB_modified	mid	shannon	ko_hum	FRUKTB_modified	low	positive
FRUKTB_modifiedhigh	0.017123968895099543	0.018647629377739703	0.9182920009950968	0.3588884973763613	-0.0195093273055123	0.05375726509571138	FRUKTB_modified	high	shannon	ko_hum	FRUKTB_modified	low	positive
FRUKTB_modifiedmid	1.483185328353107	1.419400128821442	1.0449381384688383	0.29653335863556357	-1.3052283779152833	4.271599034621497	FRUKTB_modified	mid	invsimpson	mags	FRUKTB_modified	low	positive
FRUKTB_modifiedhigh	0.9009738056518299	1.3905723106513306	0.6479158248374891	0.5173231782031318	-1.8308076080902127	3.6327552193938724	FRUKTB_modified	high	invsimpson	mags	FRUKTB_modified	low	positive
FRUKTB_modifiedmid	5.210974457039685	5.092306609632244	1.0233033586750213	0.3066366152602427	-4.79286960249959	15.214818516578962	FRUKTB_modified	mid	observed	mags	FRUKTB_modified	low	positive
FRUKTB_modifiedhigh	10.552486231971198	4.988882574345714	2.1152003629500427	0.03488420393709256	0.7518188466442872	20.35315361729811	FRUKTB_modified	high	observed	mags	FRUKTB_modified	low	positive
FRUKTB_modifiedmid	0.03592635210797467	0.039915454731885264	0.9000612005874502	0.36850113033341303	-0.04248761926367777	0.11434032347962711	FRUKTB_modified	mid	shannon	mags	FRUKTB_modified	low	positive
FRUKTB_modifiedhigh	0.03916424011514028	0.03910477742685816	1.001520599072411	0.31703744332673217	-0.037657154461006835	0.11598563469128739	FRUKTB_modified	high	shannon	mags	FRUKTB_modified	low	positive
FRUKTB_modifiedmid	0.8070837241751639	1.3639435494484515	0.5917280993788421	0.5542878753145675	-1.87238544778858	3.4865528961389076	FRUKTB_modified	mid	invsimpson	metaphlan	FRUKTB_modified	low	positive
FRUKTB_modifiedhigh	0.551831424275311	1.3362420466520242	0.4129726539124655	0.6797955787174642	-2.073218103422283	3.1768809519729047	FRUKTB_modified	high	invsimpson	metaphlan	FRUKTB_modified	low	positive
FRUKTB_modifiedmid	7.657702510837294	6.601673035128472	1.1599639167358842	0.24659174106594117	-5.311294181264878	20.626699202939466	FRUKTB_modified	mid	observed	metaphlan	FRUKTB_modified	low	positive
FRUKTB_modifiedhigh	12.74025168221473	6.467593978764548	1.9698595372630978	0.0493806838205261	0.03465349973445697	25.445849864695003	FRUKTB_modified	high	observed	metaphlan	FRUKTB_modified	low	positive
FRUKTB_modifiedmid	0.018504397108542018	0.03999936183484695	0.4626173083696854	0.6438307426016656	-0.06007440989416388	0.0970832041112479	FRUKTB_modified	mid	shannon	metaphlan	FRUKTB_modified	low	positive
FRUKTB_modifiedhigh	0.02696184260714544	0.03918698038828974	0.6880306249675329	0.491737951266335	-0.050021039811434076	0.10394472502572497	FRUKTB_modified	high	shannon	metaphlan	FRUKTB_modified	low	positive
PROKJOT_redmid	0.3530554166457424	12.487109043672998	0.02827359122203145	0.9774499638884555	-24.152883286994594	24.858994120286077	PROKJOT_red	mid	invsimpson	ko_hum	PROKJOT_red	low	all
PROKJOT_redhigh	16.872738513001202	13.010855295335709	1.2968200883034913	0.19501234611777238	-8.661051672885218	42.40652869888763	PROKJOT_red	high	invsimpson	ko_hum	PROKJOT_red	low	all
PROKJOT_redmid	-44.61923073841311	41.99997414880039	-1.0623632905185378	0.28834451743644424	-127.04413697133205	37.805675494505834	PROKJOT_red	mid	observed	ko_hum	PROKJOT_red	low	all
PROKJOT_redhigh	20.882774996018842	43.76157717103961	0.4771942956808827	0.6333350522218577	-64.99927536306716	106.76482535510483	PROKJOT_red	high	observed	ko_hum	PROKJOT_red	low	all
PROKJOT_redmid	-0.0015231741755361654	0.014852131435477667	-0.10255593159495749	0.918337363184689	-0.030670466899838943	0.027624118548766615	PROKJOT_red	mid	shannon	ko_hum	PROKJOT_red	low	all
PROKJOT_redhigh	0.024408000611073104	0.015475073714697588	1.577246161218049	0.11507642460839963	-0.005961815697918343	0.05477781692006455	PROKJOT_red	high	shannon	ko_hum	PROKJOT_red	low	all
PROKJOT_redmid	-0.7852268208121863	1.0653492548266006	-0.7370604684376413	0.46127008948452497	-2.8759736418289963	1.3055200002046234	PROKJOT_red	mid	invsimpson	mags	PROKJOT_red	low	all
PROKJOT_redhigh	-0.6959047470892884	1.1100331505926755	-0.6269224903037597	0.5308627613523522	-2.874343667762913	1.4825341735843365	PROKJOT_red	high	invsimpson	mags	PROKJOT_red	low	all
PROKJOT_redmid	-1.363653408704482	3.9434583676132924	-0.34580139602939663	0.729569599189456	-9.102686414590963	6.3753795971819995	PROKJOT_red	mid	observed	mags	PROKJOT_red	low	all
PROKJOT_redhigh	-0.6181087868511366	4.108858664143249	-0.15043320721765938	0.8804552202786311	-8.681739705204858	7.445522131502585	PROKJOT_red	high	observed	mags	PROKJOT_red	low	all
PROKJOT_redmid	-0.01448161598163079	0.031374244452084206	-0.46157656493521615	0.6444921383555173	-0.07605353857210172	0.04709030660884014	PROKJOT_red	mid	shannon	mags	PROKJOT_red	low	all
PROKJOT_redhigh	-0.014774919299388055	0.0326901729726936	-0.45196822028839306	0.6513964806406449	-0.07892935026322548	0.04937951166444937	PROKJOT_red	high	shannon	mags	PROKJOT_red	low	all
PROKJOT_redmid	-0.8954397889550116	1.0188891221895595	-0.8788392862912705	0.3797137318479791	-2.8950086472757075	1.104129069365684	PROKJOT_red	mid	invsimpson	metaphlan	PROKJOT_red	low	all
PROKJOT_redhigh	-0.9027040441735334	1.0616243427070002	-0.850304583136968	0.39537298971931667	-2.986140728972255	1.1807326406251881	PROKJOT_red	high	invsimpson	metaphlan	PROKJOT_red	low	all
PROKJOT_redmid	-0.2599425938011009	5.155056690293666	-0.05042477889535932	0.9597946375454632	-10.376736066517395	9.856850878915193	PROKJOT_red	mid	observed	metaphlan	PROKJOT_red	low	all
PROKJOT_redhigh	2.014705946586674	5.371275000649345	0.3750889586444768	0.7076791925845742	-8.526415738660582	12.555827631833928	PROKJOT_red	high	observed	metaphlan	PROKJOT_red	low	all
PROKJOT_redmid	-0.01681008284971149	0.03150764736909412	-0.5335238982711389	0.5937975025463313	-0.07864380852812679	0.045023642828703817	PROKJOT_red	mid	shannon	metaphlan	PROKJOT_red	low	all
PROKJOT_redhigh	-0.01618213777667853	0.03282917120223745	-0.49291947326332886	0.6221849775136472	-0.0806093526235751	0.04824507707021805	PROKJOT_red	high	shannon	metaphlan	PROKJOT_red	low	all
PROKJOT_redmid	-15.238322824452819	20.11618800362727	-0.7575154309407481	0.44918163132033584	-54.783503510083804	24.306857861178162	PROKJOT_red	mid	invsimpson	ko_hum	PROKJOT_red	low	negative
PROKJOT_redhigh	-3.6296198063135625	20.398919894561065	-0.17793196037214318	0.8588653723014161	-43.730605782218774	36.47136616959165	PROKJOT_red	high	invsimpson	ko_hum	PROKJOT_red	low	negative
PROKJOT_redmid	-62.725115290843824	67.19129274778352	-0.9335304133274467	0.35110239155457457	-194.8123582482625	69.36212766657485	PROKJOT_red	mid	observed	ko_hum	PROKJOT_red	low	negative
PROKJOT_redhigh	-20.43690593769649	68.13566258810523	-0.29994433401553594	0.764373502537739	-154.380627665489	113.50681579009601	PROKJOT_red	high	observed	ko_hum	PROKJOT_red	low	negative
PROKJOT_redmid	-0.014579317653510022	0.02406288307274778	-0.6058840750475868	0.5449311377102788	-0.06188306420615901	0.03272442889913896	PROKJOT_red	mid	shannon	ko_hum	PROKJOT_red	low	negative
PROKJOT_redhigh	0.012939460187702728	0.024401085540891845	0.5302821534729885	0.5962069321209229	-0.03502913786209232	0.06090805823749778	PROKJOT_red	high	shannon	ko_hum	PROKJOT_red	low	negative
PROKJOT_redmid	0.04656326493207399	1.6542531825613827	0.028147604866612497	0.9775582903934126	-3.2054316454542335	3.2985581753183815	PROKJOT_red	mid	invsimpson	mags	PROKJOT_red	low	negative
PROKJOT_redhigh	1.0356789417750694	1.6775036179969878	0.6173929705211099	0.5373225160860022	-2.262022574164676	4.3333804577148145	PROKJOT_red	high	invsimpson	mags	PROKJOT_red	low	negative
PROKJOT_redmid	2.095870142778157	6.298999390589336	0.3327306470150439	0.7395097731361466	-10.286946571532672	14.478686857088986	PROKJOT_red	mid	observed	mags	PROKJOT_red	low	negative
PROKJOT_redhigh	7.902956875972812	6.3875314727299	1.237247426445204	0.21671211424545198	-4.65389963077247	20.459813382718096	PROKJOT_red	high	observed	mags	PROKJOT_red	low	negative
PROKJOT_redmid	-0.001259793236632746	0.0510215039395642	-0.02469141713511604	0.9803132621163986	-0.10155983973544676	0.09904025326218126	PROKJOT_red	mid	shannon	mags	PROKJOT_red	low	negative
PROKJOT_redhigh	0.03136965742044961	0.051738608307674	0.6063104216855555	0.544648321550279	-0.07034010059041845	0.13307941543131768	PROKJOT_red	high	shannon	mags	PROKJOT_red	low	negative
PROKJOT_redmid	0.04710522813664292	1.5727995498354674	0.029949924732347904	0.9761217425259565	-3.044764979544235	3.138975435817521	PROKJOT_red	mid	invsimpson	metaphlan	PROKJOT_red	low	negative
PROKJOT_redhigh	1.2361117129210857	1.594905159044559	0.7750377543838334	0.4387696193098306	-1.899214556623096	4.371437982465268	PROKJOT_red	high	invsimpson	metaphlan	PROKJOT_red	low	negative
PROKJOT_redmid	3.614192098337531	8.29236339729197	0.4358458409478068	0.6631807934299492	-12.687256704869815	19.915640901544876	PROKJOT_red	mid	observed	metaphlan	PROKJOT_red	low	negative
PROKJOT_redhigh	14.314905162673783	8.408912098427782	1.7023492450765714	0.08945725300152992	-2.2156595865696733	30.84546991191724	PROKJOT_red	high	observed	metaphlan	PROKJOT_red	low	negative
PROKJOT_redmid	0.003099066077758152	0.051378445090762906	0.060318409252819505	0.9519317929403862	-0.09790266914636227	0.10410080130187858	PROKJOT_red	mid	shannon	metaphlan	PROKJOT_red	low	negative
PROKJOT_redhigh	0.040773818030087096	0.05210056624667625	0.7825983663409466	0.43432033886182564	-0.06164749090165431	0.1431951269618285	PROKJOT_red	high	shannon	metaphlan	PROKJOT_red	low	negative
PROKJOT_redmid	15.970802071228471	15.891373251790975	1.004998235091391	0.3153615559419027	-15.247824788777384	47.189428931234325	PROKJOT_red	mid	invsimpson	ko_hum	PROKJOT_red	low	positive
PROKJOT_redhigh	34.577969650514575	16.86014636921008	2.050870075105676	0.040776373090186974	1.456186531731447	67.6997527692977	PROKJOT_red	high	invsimpson	ko_hum	PROKJOT_red	low	positive
PROKJOT_redmid	-19.37665216791931	53.69493415983038	-0.36086555409942456	0.7183453886908957	-124.86043177893609	86.10712744309748	PROKJOT_red	mid	observed	ko_hum	PROKJOT_red	low	positive
PROKJOT_redhigh	64.30296483593634	56.968295620254835	1.1287500202669516	0.25951979989955765	-47.61133832970138	176.21726800157404	PROKJOT_red	high	observed	ko_hum	PROKJOT_red	low	positive
PROKJOT_redmid	0.011304673098526589	0.018924167817530178	0.5973669863598778	0.5505204327351979	-0.025871883286556333	0.048481229483609514	PROKJOT_red	mid	shannon	ko_hum	PROKJOT_red	low	positive
PROKJOT_redhigh	0.03452531338450573	0.02007782677202518	1.7195742236709854	0.08610037177932969	-0.0049176077667578075	0.07396823453576926	PROKJOT_red	high	shannon	ko_hum	PROKJOT_red	low	positive
PROKJOT_redmid	-1.4801779280885607	1.4100835564955818	-1.0497093745048565	0.2943356370287459	-4.250289213889764	1.2899333577126428	PROKJOT_red	mid	invsimpson	mags	PROKJOT_red	low	positive
PROKJOT_redhigh	-2.1945342098455543	1.4960453560961098	-1.4668901587129233	0.1430058280365694	-5.133517581364147	0.7444491616730389	PROKJOT_red	high	invsimpson	mags	PROKJOT_red	low	positive
PROKJOT_redmid	-5.064446731477826	5.076553176280168	-0.9976152234829513	0.31892643033386775	-15.03734314729934	4.9084496843436884	PROKJOT_red	mid	observed	mags	PROKJOT_red	low	positive
PROKJOT_redhigh	-7.286358343948146	5.386031040049716	-1.3528251675060696	0.17669490695386433	-17.867224492616025	3.294507804719734	PROKJOT_red	high	observed	mags	PROKJOT_red	low	positive
PROKJOT_redmid	-0.03173318169851725	0.03968613193504249	-0.7996037948585547	0.4243027049682562	-0.10969664808789442	0.04623028469085993	PROKJOT_red	mid	shannon	mags	PROKJOT_red	low	positive
PROKJOT_redhigh	-0.05091414767924628	0.042105485954600494	-1.2092046089705168	0.22712954948918396	-0.1336304387101518	0.03180214335165925	PROKJOT_red	high	shannon	mags	PROKJOT_red	low	positive
PROKJOT_redmid	-1.7230089150044643	1.3521666609679643	-1.274257800270736	0.2031368948306599	-4.379342371683011	0.9333245416740823	PROKJOT_red	mid	invsimpson	metaphlan	PROKJOT_red	low	positive
PROKJOT_redhigh	-2.7234678640743883	1.4345977190433568	-1.8984192069470864	0.058190030015717785	-5.541737259388139	0.09480153123936219	PROKJOT_red	high	invsimpson	metaphlan	PROKJOT_red	low	positive
PROKJOT_redmid	-4.671977347771995	6.582266153123206	-0.7097825033336275	0.47815474346735143	-17.60284919073501	8.258894495191019	PROKJOT_red	mid	observed	metaphlan	PROKJOT_red	low	positive
PROKJOT_redhigh	-7.699079579598026	6.9835355966009605	-1.1024615645039937	0.27076714537212854	-21.418245852989976	6.020086693793926	PROKJOT_red	high	observed	metaphlan	PROKJOT_red	low	positive
PROKJOT_redmid	-0.03978773154542149	0.039715888932299166	-1.0018089136376827	0.3168982810458882	-0.11780965560105013	0.03823419251020714	PROKJOT_red	mid	shannon	metaphlan	PROKJOT_red	low	positive
PROKJOT_redhigh	-0.06122384775214294	0.04213705700395579	-1.4529692414540318	0.14683086356215674	-0.14400216015739953	0.021554464653113656	PROKJOT_red	high	shannon	metaphlan	PROKJOT_red	low	positive
FISK_modifiedmid	-9.796715339066417	12.441272511813231	-0.7874367617753123	0.4312253683116799	-34.21269989589708	14.619269217764248	FISK_modified	mid	invsimpson	ko_hum	FISK_modified	low	all
FISK_modifiedhigh	-5.90110160594667	12.585879703093763	-0.46886683689628045	0.6392738869974963	-30.600877627497653	18.79867441560431	FISK_modified	high	invsimpson	ko_hum	FISK_modified	low	all
FISK_modifiedmid	-93.17741665866075	41.70396858249187	-2.234257789503957	0.025701300297534944	-175.02141227099304	-11.333421046328453	FISK_modified	mid	observed	ko_hum	FISK_modified	low	all
FISK_modifiedhigh	-103.0559565270083	42.18870145497251	-2.4427382918386025	0.014760097314265863	-185.85123990491584	-20.260673149100768	FISK_modified	high	observed	ko_hum	FISK_modified	low	all
FISK_modifiedmid	-0.01244441773949704	0.014806564906627037	-0.840466226837478	0.4008614408777508	-0.041502286197618934	0.016613450718624852	FISK_modified	mid	shannon	ko_hum	FISK_modified	low	all
FISK_modifiedhigh	-0.0014117423819361536	0.014978664325044822	-0.09425021826383236	0.9249305439366082	-0.03080735577236608	0.027983871008493772	FISK_modified	high	shannon	ko_hum	FISK_modified	low	all
FISK_modifiedmid	0.6069350030242813	1.0564153517077928	0.5745230813269752	0.5657517885950671	-1.466279042275743	2.6801490483243056	FISK_modified	mid	invsimpson	mags	FISK_modified	low	all
FISK_modifiedhigh	2.8616464684724487	1.0686942610147825	2.677703598553212	0.0075425452820928815	0.7643350762386989	4.958957860706199	FISK_modified	high	invsimpson	mags	FISK_modified	low	all
FISK_modifiedmid	2.549375913395915	3.912473357222966	0.6516021147311878	0.5148176660995623	-5.128849041347478	10.227600868139309	FISK_modified	mid	observed	mags	FISK_modified	low	all
FISK_modifiedhigh	9.694869458452413	3.95794875233313	2.4494681627035937	0.014488890731856732	1.9273990874004188	17.46233982950441	FISK_modified	high	observed	mags	FISK_modified	low	all
FISK_modifiedmid	0.024730954305218544	0.031070283231539805	0.7959680998373991	0.4262521808525188	-0.036244444701379386	0.08570635331181647	FISK_modified	mid	shannon	mags	FISK_modified	low	all
FISK_modifiedhigh	0.09615957496870114	0.03143141882969806	3.0593456658674443	0.002281311675738858	0.03447544772074515	0.15784370221665714	FISK_modified	high	shannon	mags	FISK_modified	low	all
FISK_modifiedmid	0.7918212829921362	1.0091310802183273	0.7846565213518388	0.43285331037141705	-1.1885974279583218	2.772239993942594	FISK_modified	mid	invsimpson	metaphlan	FISK_modified	low	all
FISK_modifiedhigh	3.1922000882765462	1.0208603957691038	3.1269702512767004	0.0018206614850071307	1.1887626075758049	5.195637568977288	FISK_modified	high	invsimpson	metaphlan	FISK_modified	low	all
FISK_modifiedmid	1.5123103383727006	5.1182737815630235	0.29547273219739134	0.7676982414917062	-8.53229671364829	11.55691739039369	FISK_modified	mid	observed	metaphlan	FISK_modified	low	all
FISK_modifiedhigh	10.864544937291253	5.177764416066354	2.0983080851610576	0.03614517727767317	0.7031875760128976	21.02590229856961	FISK_modified	high	observed	metaphlan	FISK_modified	low	all
FISK_modifiedmid	0.033238550994358705	0.03118295848940163	1.0659203810201563	0.28673421198980875	-0.027957973090343494	0.0944350750790609	FISK_modified	mid	shannon	metaphlan	FISK_modified	low	all
FISK_modifiedhigh	0.1040730486652299	0.031545403732738925	3.2991509491197046	0.0010063225517063785	0.04216522616184767	0.16598087116861213	FISK_modified	high	shannon	metaphlan	FISK_modified	low	all
FISK_modifiedmid	7.357284562101114	19.543237377704248	0.3764619146720602	0.7067706672293925	-31.06156761526649	45.77613673946872	FISK_modified	mid	invsimpson	ko_hum	FISK_modified	low	negative
FISK_modifiedhigh	3.8316915104514613	20.41518444572641	0.18768831213051146	0.8512149892624679	-36.30126794942041	43.96465097032333	FISK_modified	high	invsimpson	ko_hum	FISK_modified	low	negative
FISK_modifiedmid	-63.883072817638435	65.18946096022114	-0.9799601327677818	0.32769081056242577	-192.03503739492268	64.26889175964581	FISK_modified	mid	observed	ko_hum	FISK_modified	low	negative
FISK_modifiedhigh	-76.4203295500272	68.09797392824441	-1.1222115011902138	0.26243738887786466	-210.28996145206708	57.44930235201268	FISK_modified	high	observed	ko_hum	FISK_modified	low	negative
FISK_modifiedmid	-1.9015273945581168e-4	0.023397252946588756	-0.008127139535991354	0.9935195539066685	-0.0461853778364487	0.04580507235753707	FISK_modified	mid	shannon	ko_hum	FISK_modified	low	negative
FISK_modifiedhigh	0.005231676062278927	0.024441151954325592	0.21405194288941956	0.8306142751042496	-0.042815686093239186	0.053279038217797045	FISK_modified	high	shannon	ko_hum	FISK_modified	low	negative
FISK_modifiedmid	1.72804650198141	1.6019469045763473	1.0787164649744814	0.2813561743817006	-1.4211227033787714	4.877215707341591	FISK_modified	mid	invsimpson	mags	FISK_modified	low	negative
FISK_modifiedhigh	2.635955803728351	1.6734198586001297	1.5751909421783807	0.11599316974974823	-0.6537176999858043	5.925629307442506	FISK_modified	high	invsimpson	mags	FISK_modified	low	negative
FISK_modifiedmid	2.2908976850791616	6.122892025917699	0.3741528799433307	0.7084863846277792	-9.745720358054285	14.327515728212607	FISK_modified	mid	observed	mags	FISK_modified	low	negative
FISK_modifiedhigh	5.342559198254522	6.396072852954369	0.8352874210597484	0.4040483736123994	-7.231088284207452	17.916206680716495	FISK_modified	high	observed	mags	FISK_modified	low	negative
FISK_modifiedmid	0.04931601943832636	0.04940614482940571	0.9981758262784812	0.31879010620805975	-0.047808491622467315	0.14644053049912004	FISK_modified	mid	shannon	mags	FISK_modified	low	negative
FISK_modifiedhigh	0.08338302783078747	0.05161046452801539	1.6156225020126522	0.10695464725808286	-0.0180748201800634	0.18484087584163833	FISK_modified	high	shannon	mags	FISK_modified	low	negative
FISK_modifiedmid	1.5787739982804685	1.5223721458056025	1.037048662924018	0.30033195090360637	-1.4139640674901854	4.571512064051122	FISK_modified	mid	invsimpson	metaphlan	FISK_modified	low	negative
FISK_modifiedhigh	2.8577497734950033	1.59029476800576	1.7969937592630327	0.07308153306212849	-0.2685132109661472	5.984012757956154	FISK_modified	high	invsimpson	metaphlan	FISK_modified	low	negative
FISK_modifiedmid	4.7663004441433445	8.070798811946807	0.5905611768054513	0.5551438746029388	-11.099588124717837	20.632189013004528	FISK_modified	mid	observed	metaphlan	FISK_modified	low	negative
FISK_modifiedhigh	8.86400804325861	8.430888045100275	1.0513729984126698	0.2937142224553445	-7.7097578722169775	25.437773958734198	FISK_modified	high	observed	metaphlan	FISK_modified	low	negative
FISK_modifiedmid	0.05734600350557814	0.04972533457802401	1.153255256947473	0.24948579267277582	-0.040405983112703645	0.15509799012385994	FISK_modified	mid	shannon	metaphlan	FISK_modified	low	negative
FISK_modifiedhigh	0.09352684255701146	0.05194389534427625	1.8005357884142064	0.07251997251712519	-0.008586476653095226	0.19564016176711815	FISK_modified	high	shannon	metaphlan	FISK_modified	low	negative
FISK_modifiedmid	-23.15057761126077	16.195916893357595	-1.4294082739307878	0.15348281473498987	-54.96748091711022	8.66632569458869	FISK_modified	mid	invsimpson	ko_hum	FISK_modified	low	positive
FISK_modifiedhigh	-10.311497539746703	15.966434852886207	-0.645823418612623	0.5186764299160918	-41.67758302897093	21.054587949477522	FISK_modified	high	invsimpson	ko_hum	FISK_modified	low	positive
FISK_modifiedmid	-111.80827048040227	54.45243551280363	-2.0533199190716145	0.040537393451878984	-218.78016264844783	-4.836378312356715	FISK_modified	mid	observed	ko_hum	FISK_modified	low	positive
FISK_modifiedhigh	-112.70655934318755	53.68089191373516	-2.0995656988022153	0.036244717642309715	-218.1627529404485	-7.250365745926601	FISK_modified	high	observed	ko_hum	FISK_modified	low	positive
FISK_modifiedmid	-0.02168740285537905	0.019277497732319872	-1.125011303672407	0.26109928982222724	-0.05955807639406002	0.016183270683301918	FISK_modified	mid	shannon	ko_hum	FISK_modified	low	positive
FISK_modifiedhigh	-0.0044256224512516885	0.019004352374516163	-0.23287415240659373	0.8159500630912193	-0.04175970152017179	0.03290845661766842	FISK_modified	high	shannon	ko_hum	FISK_modified	low	positive
FISK_modifiedmid	-0.35432891530242483	1.4288369099514955	-0.24798415608850222	0.8042438124523675	-3.161281192416194	2.4526233618113444	FISK_modified	mid	invsimpson	mags	FISK_modified	low	positive
FISK_modifiedhigh	2.772803170226483	1.4085915350366007	1.9684934214477119	0.04953797248259616	0.00562296284481123	5.539983377608154	FISK_modified	high	invsimpson	mags	FISK_modified	low	positive
FISK_modifiedmid	3.378645824194005	5.139153501715214	0.6574323617822212	0.5111916201330657	-6.717229025907968	13.474520674295977	FISK_modified	mid	observed	mags	FISK_modified	low	positive
FISK_modifiedhigh	12.683815372266919	5.066336171295782	2.503547917749577	0.012598547729252662	2.730990278236204	22.636640466297635	FISK_modified	high	observed	mags	FISK_modified	low	positive
FISK_modifiedmid	0.009083570011803297	0.0401230518896237	0.2263927987529886	0.8209842122159381	-0.06973822629114661	0.0879053663147532	FISK_modified	mid	shannon	mags	FISK_modified	low	positive
FISK_modifiedhigh	0.0983000244273296	0.03955454317979286	2.4851765821314786	0.013259612238949356	0.020595064347257552	0.17600498450740165	FISK_modified	high	shannon	mags	FISK_modified	low	positive
FISK_modifiedmid	0.19725676629464184	1.370006253815428	0.14398238383604994	0.885569736048878	-2.494122597595016	2.8886361301842998	FISK_modified	mid	invsimpson	metaphlan	FISK_modified	low	positive
FISK_modifiedhigh	3.290430244217202	1.3505944580736837	2.4362829452967354	0.01517112161164341	0.6371853825094669	5.943675105924937	FISK_modified	high	invsimpson	metaphlan	FISK_modified	low	positive
FISK_modifiedmid	-0.6612603594545016	6.673126954488232	-0.0990930284953966	0.9211023037728623	-13.770628384532943	12.448107665623938	FISK_modified	mid	observed	metaphlan	FISK_modified	low	positive
FISK_modifiedhigh	11.660181083588132	6.578574555885308	1.7724479649100775	0.0769011856890363	-1.2634386110009608	24.583800778177224	FISK_modified	high	observed	metaphlan	FISK_modified	low	positive
FISK_modifiedmid	0.019445661753969216	0.04015268876645572	0.4842928917431421	0.6283803710559823	-0.05943435623847567	0.0983256797464141	FISK_modified	mid	shannon	metaphlan	FISK_modified	low	positive
FISK_modifiedhigh	0.10689943598134706	0.03958376012788522	2.700588211831866	0.0071456450540227714	0.029137079162426097	0.184661792800268	FISK_modified	high	shannon	metaphlan	FISK_modified	low	positive
MILKmid	0.21645512436775538	12.265180793615341	0.017647935893487312	0.9859234723316697	-23.85394961592702	24.28685986466253	MILK	mid	invsimpson	ko_hum	MILK	low	all
MILKhigh	7.638986481227396	12.621093193988145	0.6052555324499231	0.5451557802262184	-17.129895980123294	32.407868942578084	MILK	high	invsimpson	ko_hum	MILK	low	all
MILKmid	46.39746679394888	41.24240129716269	1.1249943100946656	0.26087953587517937	-34.54070349385697	127.33563708175473	MILK	mid	observed	ko_hum	MILK	low	all
MILKhigh	27.010512693568934	42.43917795213484	0.6364523064992641	0.5246370973753168	-56.276330553375935	110.2973559405138	MILK	high	observed	ko_hum	MILK	low	all
MILKmid	0.014270912322575763	0.0145949292054584	0.9777993522050482	0.32842595015121256	-0.014371621288849291	0.042913445934000816	MILK	mid	shannon	ko_hum	MILK	low	all
MILKhigh	0.00820824181797798	0.015018446508154	0.5465439993092136	0.5848221699592	-0.021265444066042	0.03768192770199796	MILK	high	shannon	ko_hum	MILK	low	all
MILKmid	-0.03598848086615806	1.0447100432922094	-0.03444829605805938	0.9725270084340059	-2.0862308703941173	2.014253908661801	MILK	mid	invsimpson	mags	MILK	low	all
MILKhigh	-1.3249992924036977	1.075025557222119	-1.2325281789834972	0.21806101091456973	-3.434735846957159	0.7847372621497635	MILK	high	invsimpson	mags	MILK	low	all
MILKmid	-0.7913850452208062	3.865740190928497	-0.20471759770041	0.8378372301836855	-8.37789620899514	6.795126118553526	MILK	mid	observed	mags	MILK	low	all
MILKhigh	-5.347138902302573	3.977916676030714	-1.344205858941749	0.1792071786239613	-13.1537963031515	2.4595184985463536	MILK	high	observed	mags	MILK	low	all
MILKmid	-0.011170460880993159	0.030741526302896414	-0.3633671526563304	0.71641259730256035	-0.07150067475198005	0.04915975298999373	MILK	mid	shannon	mags	MILK	low	all
MILKhigh	-0.053245432829740556	0.03163358738228002	-1.6831929994625492	0.09267085089233233	-0.11532631565499227	0.008835449995511155	MILK	high	shannon	mags	MILK	low	all
MILKmid	-0.12877819859776926	0.9988916390451261	-0.12892108969985236	0.8974477553460236	-2.0891020167373777	1.8315456195418391	MILK	mid	invsimpson	metaphlan	MILK	low	all
MILKhigh	-1.5581050337712208	1.0278775893500691	-1.515846877016179	0.12989534086617952	-3.5753137496846343	0.45910368214219277	MILK	high	invsimpson	metaphlan	MILK	low	all
MILKmid	-0.9299922203082615	5.048719245283263	-0.18420359206487888	0.8538935984622849	-10.838098566147337	8.978114125530816	MILK	mid	observed	metaphlan	MILK	low	all
MILKhigh	-9.409694996085761	5.195223550081813	-1.8112204230244489	0.0704268504462162	-19.605315889980442	0.7859258978089194	MILK	high	observed	metaphlan	MILK	low	all
MILKmid	-0.018914935450717103	0.030851240011896493	-0.6131013030083506	0.5399581416264397	-0.07946046236320156	0.04163059146176735	MILK	mid	shannon	metaphlan	MILK	low	all
MILKhigh	-0.0655196699155533	0.03174648477606885	-2.063840150420161	0.039307743689372766	-0.12782211376043845	-0.0032172260706681485	MILK	high	shannon	metaphlan	MILK	low	all
MILKmid	-20.448820492039065	19.89595659179561	-1.0277877516314766	0.30466311474767377	-59.56106174739806	18.66342076331993	MILK	mid	invsimpson	ko_hum	MILK	low	negative
MILKhigh	-3.8855310234774807	20.731078173155826	-0.18742541950899405	0.85142095412304	-44.639486594859214	36.86842454790425	MILK	high	invsimpson	ko_hum	MILK	low	negative
MILKmid	-23.74592276671318	66.54831908516229	-0.35682227730388466	0.7214106932415814	-154.56918322109135	107.07733768766498	MILK	mid	observed	ko_hum	MILK	low	negative
MILKhigh	16.877249391299756	69.3416473282578	0.24339268017969357	0.8078244454829497	-119.43724379900084	153.19174258160035	MILK	high	observed	ko_hum	MILK	low	negative
MILKmid	-0.005098920190669516	0.023852259136611834	-0.21377095399919452	0.8308332533177336	-0.05198861406048848	0.04179077367914945	MILK	mid	shannon	ko_hum	MILK	low	negative
MILKhigh	-0.0028755695730049275	0.024853444290855443	-0.11570104889095643	0.9079468198629985	-0.051733431955525995	0.045982292809516136	MILK	high	shannon	ko_hum	MILK	low	negative
MILKmid	-0.29494516488204237	1.6342351259472332	-0.18047902667071034	0.8568667921310968	-3.50758780506492	2.917697475300835	MILK	mid	invsimpson	mags	MILK	low	negative
MILKhigh	-2.2044047045606185	1.7028312256823048	-1.2945526669428669	0.19621218261250842	-5.551896211629401	1.1430868025081642	MILK	high	invsimpson	mags	MILK	low	negative
MILKmid	-3.950484068026309	6.225435227235124	-0.6345715478242668	0.5260661786254004	-16.18868550377119	8.287717367718571	MILK	mid	observed	mags	MILK	low	negative
MILKhigh	-10.757615054754345	6.486744367493707	-1.6583997218485704	0.09801104850652193	-23.509508108636282	1.9942779991275934	MILK	high	observed	mags	MILK	low	negative
MILKmid	-0.019689127068957462	0.05032998239503504	-0.39120075414331473	0.6958545746209523	-0.11862975376012792	0.07925149962221299	MILK	mid	shannon	mags	MILK	low	negative
MILKhigh	-0.08912752121278145	0.05244255508253808	-1.699526673948395	0.08998783998065353	-0.19222112502982552	0.013966082604262617	MILK	high	shannon	mags	MILK	low	negative
MILKmid	-0.16300696644230314	1.553793861686757	-0.10490900399448556	0.91649994995848	-3.2175150570182907	2.891501124133684	MILK	mid	invsimpson	metaphlan	MILK	low	negative
MILKhigh	-2.1625651886371853	1.6190134846233457	-1.3357301895112341	0.1823876069921836	-5.345284537370587	1.0201541600962156	MILK	high	invsimpson	metaphlan	MILK	low	negative
MILKmid	-4.726742835117318	8.210175288940553	-0.5757176514226727	0.5651257900062326	-20.86662307501729	11.413137404782656	MILK	mid	observed	metaphlan	MILK	low	negative
MILKhigh	-14.08607593252138	8.5547927763637	-1.6465712613682746	0.10042189572890721	-30.90341856266742	2.73126669762466	MILK	high	observed	metaphlan	MILK	low	negative
MILKmid	-0.015100171579538621	0.050690818794193855	-0.29788770311337326	0.76594162590936965	-0.11475014442516511	0.08454980126608787	MILK	mid	shannon	metaphlan	MILK	low	negative
MILKhigh	-0.08923003918416657	0.05281853738648854	-1.6893697478073753	0.0919182074848135	-0.19306276356131075	0.01460268519297761	MILK	high	shannon	metaphlan	MILK	low	negative
MILKmid	17.25636327120864	15.528518734051968	1.111269115023041	0.2669621546510458	-13.249435338256639	47.76216188067392	MILK	mid	invsimpson	ko_hum	MILK	low	positive
MILKhigh	14.790601771701441	15.762841391523647	0.9383207890206253	0.34851187050547583	-16.17552405382925	45.756727597232135	MILK	high	invsimpson	ko_hum	MILK	low	positive
MILKmid	88.01832479196993	52.30357535271585	1.6828357181780995	0.09300258021219412	-14.732128331809761	190.76877791574964	MILK	mid	observed	ko_hum	MILK	low	positive
MILKhigh	16.72542881629691	53.09282724349942	0.3150223803224707	0.752870068011411	-87.5755108442048	121.02636847679862	MILK	high	observed	ko_hum	MILK	low	positive
MILKmid	0.028228846497533207	0.018456929098262655	1.5294443808743015	0.12675774152389424	-0.008029818714757848	0.06448751170982427	MILK	mid	shannon	ko_hum	MILK	low	positive
MILKhigh	0.01395548896781093	0.018735440960800282	0.744871124037575	0.4566835729214326	-0.022850313220931638	0.0507612911565535	MILK	high	shannon	ko_hum	MILK	low	positive
MILKmid	0.2107193201964184	1.3767847922042238	0.15305174882056774	0.8784163847079314	-2.493976492640922	2.9154151330337585	MILK	mid	invsimpson	mags	MILK	low	positive
MILKhigh	-0.6088109648663781	1.3975602361986623	-0.435624132039083	0.6632888472822798	-3.3543201689466824	2.1366982392139264	MILK	high	invsimpson	mags	MILK	low	positive
MILKmid	1.9415660137663278	4.95505850725658	0.3918351339187912	0.6953393371361243	-7.792653940453614	11.67578596798627	MILK	mid	observed	mags	MILK	low	positive
MILKhigh	-1.1935439920709259	5.029829481696138	-0.2372931321855555	0.8125221344089406	-11.0746516390033	8.687563654861446	MILK	high	observed	mags	MILK	low	positive
MILKmid	-1.7674811489411525e-4	0.03872056849670978	-0.004564708674386693	0.9963596393230484	-0.07624336366492827	0.07588986743514005	MILK	mid	shannon	mags	MILK	low	positive
MILKhigh	-0.021055588185674358	0.03930485516721281	-0.5356994217660528	0.5923935990747177	-0.0982700357862617	0.05615885941491299	MILK	high	shannon	mags	MILK	low	positive
MILKmid	0.04429523660871314	1.321611478819697	0.03351608042045175	0.9732758053901776	-2.5520125183880262	2.6406029916054523	MILK	mid	invsimpson	metaphlan	MILK	low	positive
MILKhigh	-0.9727998761400986	1.3415543670736174	-0.7251289250856849	0.4686966275957085	-3.6082854653645855	1.6626857130843886	MILK	high	invsimpson	metaphlan	MILK	low	positive
MILKmid	2.2786777378674894	6.412659888872077	0.355340494795567	0.7224775104861293	-10.31900234168522	14.8763578174202	MILK	mid	observed	metaphlan	MILK	low	positive
MILKhigh	-6.034303563943018	6.509425815639289	-0.9270101134642689	0.354348052064116	-18.82208045342169	6.753473325535655	MILK	high	observed	metaphlan	MILK	low	positive
MILKmid	-0.015332099125937911	0.03874848284040793	-0.3956825661816415	0.6925002642904776	-0.09145355244651254	0.06078935419463671	MILK	mid	shannon	metaphlan	MILK	low	positive
MILKhigh	-0.04073020002312546	0.039333190733521366	-1.0355173140940612	0.3009050239464371	-0.1180003128867104	0.03653991284045947	MILK	high	shannon	metaphlan	MILK	low	positive
OSTmid	5.688016850041978	12.486416190816755	0.455536381545994	0.6488289420205664	-18.81656213057789	30.192595830661848	OST	mid	invsimpson	ko_hum	OST	low	all
OSThigh	-12.673086075500882	12.451884350167257	-1.0177645181334063	0.3090525925740425	-37.1098963542282	11.763724203226433	OST	high	invsimpson	ko_hum	OST	low	all
OSTmid	10.77032171464937	41.95097539929082	0.25673590690412035	0.797439011199421	-71.55842452256223	93.09906795186097	OST	mid	observed	ko_hum	OST	low	all
OSThigh	-72.34537083498552	41.83495777057804	-1.729304263475677	0.08408400519633567	-154.44643259472252	9.755690924751505	OST	high	observed	ko_hum	OST	low	all
OSTmid	0.00741132636061284	0.01486621166471211	0.4985349682733959	0.6182240316757959	-0.02176359879913562	0.0365862515203613	OST	mid	shannon	ko_hum	OST	low	all
OSThigh	-0.012050917199234928	0.014825098374523601	-0.8128726632899783	0.4164975544087577	-0.04114515756911402	0.017043323170644168	OST	high	shannon	ko_hum	OST	low	all
OSTmid	0.9028329054475663	1.0651446763081198	0.8476152822514782	0.3968687140825309	-1.1875124304363407	2.9931782413314734	OST	mid	invsimpson	mags	OST	low	all
OSThigh	0.0035506595502785517	1.062198962688708	0.0033427443209800246	0.997333592404149	-2.0810137163737763	2.0881150354743334	OST	high	invsimpson	mags	OST	low	all
OSTmid	8.150739121729627	3.934503317756912	2.071605603925738	0.03857540921825488	0.4292803920107495	15.872197851448504	OST	mid	observed	mags	OST	low	all
OSThigh	4.906036050232528	3.923622241911977	1.2503844018994605	0.21147132563653695	-2.7940685792896547	12.60614067975471	OST	high	observed	mags	OST	low	all
OSTmid	0.0418803820135028	0.031346539218299135	1.336044841245324	0.18185900073059202	-0.019637169084052337	0.10339793311105794	OST	mid	shannon	mags	OST	low	all
OSThigh	0.011770878531734408	0.03125984871554338	0.37654944010914415	0.706593717412349	-0.04957654254298756	0.07311829960645637	OST	high	shannon	mags	OST	low	all
OSTmid	0.453551777232413	1.0191964232509272	0.44500919242408693	0.6564158907961912	-1.5466201591063493	2.4537237135711756	OST	mid	invsimpson	metaphlan	OST	low	all
OSThigh	-0.16164637308476457	1.016377781941812	-0.15904162404646	0.8736703526078862	-2.1562867287424305	1.8329939825729014	OST	high	invsimpson	metaphlan	OST	low	all
OSTmid	11.080134365504026	5.142823753155296	2.1544845589363217	0.031456503405841385	0.9873480193876478	21.172920711620407	OST	mid	observed	metaphlan	OST	low	all
OSThigh	5.30614565249034	5.128601003599421	1.0346185341316887	0.301114039936285	-4.758728562195577	15.371019867176257	OST	high	observed	metaphlan	OST	low	all
OSTmid	0.02728760787811693	0.0314954369391836	0.866398771695347	0.38649331238885754	-0.03452215484411006	0.08909737060034392	OST	mid	shannon	metaphlan	OST	low	all
OSThigh	-0.0010824149078549786	0.031408334651950046	-0.03446266476238576	0.9725155537337771	-0.06272123948063306	0.06055640966492311	OST	high	shannon	metaphlan	OST	low	all
OSTmid	-1.5339043565364723	20.1798086258056	-0.076011838614512	0.9394472130646572	-41.20415292276793	38.13634420969498	OST	mid	invsimpson	ko_hum	OST	low	negative
OSThigh	-8.31248349321342	19.86886968874967	-0.4183672057560572	0.6759004127001993	-47.37147626655521	30.74650928012837	OST	high	invsimpson	ko_hum	OST	low	negative
OSTmid	8.89915525086071	67.22727952152935	0.13237416885225559	0.8947540853763968	-123.25883189873868	141.0571424004601	OST	mid	observed	ko_hum	OST	low	negative
OSThigh	-88.77446394768288	66.19141346238077	-1.341177945960271	0.180614319778734	-218.8961055198917	41.347177624525955	OST	high	observed	ko_hum	OST	low	negative
OSTmid	-0.009058315871691298	0.02413248329912115	-0.37535780132586605	0.7075908875590127	-0.056498885242222054	0.038382253498839454	OST	mid	shannon	ko_hum	OST	low	negative
OSThigh	-0.023784660346084334	0.023760639896406567	-1.0010109344606246	0.31741921475733526	-0.07049424556870115	0.022924924876532478	OST	high	shannon	ko_hum	OST	low	negative
OSTmid	1.025838639925726	1.6584968690166435	0.6185351682538699	0.5365703329807741	-2.2344986734852594	4.286175953336711	OST	mid	invsimpson	mags	OST	low	negative
OSThigh	1.0475664559632607	1.6329420551368348	0.6415208994513147	0.521547195759887	-2.1625342155908043	4.257667127517326	OST	high	invsimpson	mags	OST	low	negative
OSTmid	8.583036241507221	6.31138416422387	1.359929298894564	0.1746088385315257	-3.8241269399891387	20.99019942300358	OST	mid	observed	mags	OST	low	negative
OSThigh	7.152007052490058	6.214135715550981	1.1509254673328164	0.25044194548253085	-5.063981366000842	19.367995470980958	OST	high	observed	mags	OST	low	negative
OSTmid	0.041591191767857555	0.05113913974649203	0.8132947087892806	0.4165269684195956	-0.058940107751619314	0.14212249128733442	OST	mid	shannon	mags	OST	low	negative
OSThigh	0.034161004592344765	0.05035116647828201	0.6784550782369551	0.49787066567362204	-0.06482126658929824	0.13314327577398777	OST	high	shannon	mags	OST	low	negative
OSTmid	0.46459636406723454	1.5774725599802792	0.2945194584386575	0.7685118956172214	-2.636460227758048	3.5656529558925167	OST	mid	invsimpson	metaphlan	OST	low	negative
OSThigh	1.0739882138122436	1.553166202564782	0.6914831214062861	0.4896581657892626	-1.9792860001772359	4.127262427801723	OST	high	invsimpson	metaphlan	OST	low	negative
OSTmid	11.027708154057173	8.327056677812863	1.3243224563896745	0.18614283456547254	-5.34194204230322	27.397358350417566	OST	mid	observed	metaphlan	OST	low	negative
OSThigh	7.112195909456662	8.198749903441744	0.8674732115527809	0.3861964661687395	-9.005223865574326	23.22961568448765	OST	high	observed	metaphlan	OST	low	negative
OSTmid	0.02315026614788262	0.051541539492019166	0.44915744419056924	0.6535583364827808	-0.07817208636045342	0.12447261865621867	OST	mid	shannon	metaphlan	OST	low	negative
OSThigh	0.025420461009030577	0.05074736588011581	0.5009217831933027	0.6166982984420053	-0.074340674285944	0.12518159630400516	OST	high	shannon	metaphlan	OST	low	negative
OSTmid	7.183675830652148	15.947997217233096	0.4504437599781876	0.6525768078518468	-24.146188895362055	38.51354055666635	OST	mid	invsimpson	ko_hum	OST	low	positive
OSThigh	-16.35478167890634	15.902305792394237	-1.028453476647928	0.3042110551252209	-47.59488553151172	14.885322173699045	OST	high	invsimpson	ko_hum	OST	low	positive
OSTmid	16.980249320537553	53.80623232270181	0.31558145938743387	0.7524458596931071	-88.72217570027702	122.68267434135213	OST	mid	observed	ko_hum	OST	low	positive
OSThigh	-58.87149653831431	53.65207607433111	-1.097282730620751	0.27302179925141945	-164.27108137535302	46.528088298724406	OST	high	observed	ko_hum	OST	low	positive
OSTmid	0.018501501422910172	0.018986872498060796	0.9744364915706788	0.330289472981116	-0.018798238402196774	0.05580124124801712	OST	mid	shannon	ko_hum	OST	low	positive
OSThigh	-0.0025644769776084105	0.01893247461688154	-0.135453871165988	0.892305050722663	-0.039757352082618325	0.03462839812740151	OST	high	shannon	ko_hum	OST	low	positive
OSTmid	0.9617964828754364	1.413806933216845	0.6802884186506668	0.49662230914918803	-1.815629382142969	3.7392223478938416	OST	mid	invsimpson	mags	OST	low	positive
OSThigh	-0.6614506436285648	1.409756339757001	-0.4691950126236557	0.6391254072825981	-3.4309191116504456	2.1080178243933156	OST	high	invsimpson	mags	OST	low	positive
OSTmid	8.463524148145208	5.081517907918066	1.6655503929165083	0.09640068603907558	-1.5191254905103442	18.44617378680076	OST	mid	observed	mags	OST	low	positive
OSThigh	3.5985504896326495	5.066959227577561	0.7101992196911882	0.47789654353590005	-6.355498599408784	13.552599578674084	OST	high	observed	mags	OST	low	positive
OSTmid	0.05024629991640992	0.03973084124430878	1.2646674055412161	0.20655275538370615	-0.027804997978843914	0.12829759781166375	OST	mid	shannon	mags	OST	low	positive
OSThigh	-6.901926014407988e-4	0.03961701135571704	-0.017421622121962483	0.9861068911241475	-0.07851787150787873	0.07713748630499714	OST	high	shannon	mags	OST	low	positive
OSTmid	0.5364971479228746	1.357639736584508	0.3951690079966068	0.6928789765021802	-2.1305881741069066	3.203582469952656	OST	mid	invsimpson	metaphlan	OST	low	positive
OSThigh	-0.991601458776265	1.353750063596895	-0.7324848843527244	0.46420017195218033	-3.651045512321333	1.6678425947688025	OST	high	invsimpson	metaphlan	OST	low	positive
OSTmid	11.942467843146895	6.580704497536366	1.8147704166959366	0.07013082626834564	-0.9853361250467731	24.870271811340565	OST	mid	observed	metaphlan	OST	low	positive
OSThigh	4.478027614044087	6.561850608810388	0.6824336427335883	0.49526635007332687	-8.412737861146464	17.36879308923464	OST	high	observed	metaphlan	OST	low	positive
OSTmid	0.0366141842113806	0.039795554227149865	0.9200571501627982	0.3579662479423793	-0.04156424243683274	0.11479261085959394	OST	mid	shannon	metaphlan	OST	low	positive
OSThigh	-0.017336824204012308	0.0396815389341872	-0.43689898803486055	0.6623645870859293	-0.09529126763624181	0.06061761922821719	OST	high	shannon	metaphlan	OST	low	positive
SABR_Smid	13.294414649194298	14.015217516852166	0.9485699835346001	0.34308394109845775	-14.210435367326436	40.79926466571503	SABR_S	mid	invsimpson	ko_hum	SABR_S	low	all
SABR_Shigh	16.157106676270445	14.466510809329577	1.1168627244829892	0.2643393294710562	-12.233405964332125	44.54761931687301	SABR_S	high	invsimpson	ko_hum	SABR_S	low	all
SABR_Smid	3.325602747892495	47.17616725864803	0.07049327957609501	0.9438160913014868	-89.25757715946058	95.90878265524556	SABR_S	mid	observed	ko_hum	SABR_S	low	all
SABR_Shigh	39.652871467145715	48.69525091346969	0.8143067490833537	0.4156761428224639	-55.91150855630816	135.2172514905996	SABR_S	high	observed	ko_hum	SABR_S	low	all
SABR_Smid	0.018149941233010367	0.016680654247331516	1.088083294809249	0.2768381280002799	-0.014585825636010703	0.05088570810203144	SABR_S	mid	shannon	ko_hum	SABR_S	low	all
SABR_Shigh	0.01817488723841414	0.017217775227930204	1.0555885994452603	0.2914283033415338	-0.015614979004685826	0.05196475348151411	SABR_S	high	shannon	ko_hum	SABR_S	low	all
SABR_Smid	-0.4859519663546265	1.1956564147251387	-0.4064311121237439	0.6845186718181623	-2.8324264551567215	1.8605225224474684	SABR_S	mid	invsimpson	mags	SABR_S	low	all
SABR_Shigh	-0.6105971917081551	1.234156831819931	-0.4947484598110169	0.6208936722979421	-3.032628709610401	1.811434326194091	SABR_S	high	invsimpson	mags	SABR_S	low	all
SABR_Smid	-1.621688597995598	4.423890568533881	-0.366575206342195	0.7140186644245488	-10.303569305927285	7.0601921099360885	SABR_S	mid	observed	mags	SABR_S	low	all
SABR_Shigh	-3.517861977977055	4.566340882832095	-0.7703896989388226	0.44126295411538063	-12.479301281761245	5.4435773258071345	SABR_S	high	observed	mags	SABR_S	low	all
SABR_Smid	-0.018781422394860785	0.03518500759839989	-0.5337904885294074	0.5936130984745673	-0.0878319637553841	0.050269118965662524	SABR_S	mid	shannon	mags	SABR_S	low	all
SABR_Shigh	-0.04157990885001199	0.03631797309863787	-1.1448851712369232	0.2525490789646218	-0.11285389384389084	0.029694076143866863	SABR_S	high	shannon	mags	SABR_S	low	all
SABR_Smid	-0.46676131182376934	1.1435602518484045	-0.4081650364021618	0.6832457665396614	-2.710997134359154	1.777474510711615	SABR_S	mid	invsimpson	metaphlan	SABR_S	low	all
SABR_Shigh	-0.8825498165230868	1.1803831602750785	-0.747680792326295	0.4548403168415006	-3.199050559116253	1.4339509260700791	SABR_S	high	invsimpson	metaphlan	SABR_S	low	all
SABR_Smid	-1.2123538139105912	5.783461384037485	-0.20962426018036906	0.8340065110795963	-12.562390854221789	10.137683226400608	SABR_S	mid	observed	metaphlan	SABR_S	low	all
SABR_Shigh	-4.706650915157529	5.969690197595312	-0.7884246517605629	0.43064777651919306	-16.4221618112618	7.0088599809467445	SABR_S	high	observed	metaphlan	SABR_S	low	all
SABR_Smid	-0.01265064512403185	0.0353277370555982	-0.3580938429235498	0.7203537406333642	-0.08198129289806311	0.0566800026499994	SABR_S	mid	shannon	metaphlan	SABR_S	low	all
SABR_Shigh	-0.04956582378404802	0.03646529847784704	-1.3592600596471096	0.17439123848157922	-0.12112893468367203	0.02199728711557599	SABR_S	high	shannon	metaphlan	SABR_S	low	all
SABR_Smid	10.425481071139298	22.417662093847124	0.4650565713540991	0.642140886523195	-33.64402642654133	54.494988568819934	SABR_S	mid	invsimpson	ko_hum	SABR_S	low	negative
SABR_Shigh	28.494364119219583	23.68773561955264	1.2029163351392436	0.22971143625442916	-18.071903055244967	75.06063129368414	SABR_S	high	invsimpson	ko_hum	SABR_S	low	negative
SABR_Smid	2.260651611826397	75.00363812637063	0.0301405594221645	0.9759698006780376	-145.18440215542734	149.70570537908014	SABR_S	mid	observed	ko_hum	SABR_S	low	negative
SABR_Shigh	52.07333252416255	79.25297218792944	0.6570521090449847	0.511520610928009	-103.72522655073938	207.8718915990645	SABR_S	high	observed	ko_hum	SABR_S	low	negative
SABR_Smid	0.013923923386665482	0.026822420749179475	0.5191150909483601	0.6039640346023403	-0.03880462909857969	0.06665247587191066	SABR_S	mid	shannon	ko_hum	SABR_S	low	negative
SABR_Shigh	0.038441299757987414	0.028342046049367103	1.3563346729106678	0.17574834165651024	-0.0172745909376354	0.09415719045361023	SABR_S	high	shannon	ko_hum	SABR_S	low	negative
SABR_Smid	-1.1479126690681563	1.8454151752208907	-0.6220349135964781	0.5342689251534196	-4.775701220803531	2.4798758826672183	SABR_S	mid	invsimpson	mags	SABR_S	low	negative
SABR_Shigh	0.5115668321788673	1.9499672443961398	0.2623463720475407	0.7931878028962726	-3.3217542223272254	4.34488788668496	SABR_S	high	invsimpson	mags	SABR_S	low	negative
SABR_Smid	0.8551155734710298	7.038543897499743	0.12149040851685064	0.9033628658181783	-12.98152634597133	14.691757492913391	SABR_S	mid	observed	mags	SABR_S	low	negative
SABR_Shigh	4.247435341306941	7.437312878239449	0.5710981117567813	0.5682498969652636	-10.373122069098871	18.867992751712755	SABR_S	high	observed	mags	SABR_S	low	negative
SABR_Smid	-0.050176664987914045	0.05689500729713194	-0.8819168389568594	0.37834489086875556	-0.16202307163661303	0.06166974166078495	SABR_S	mid	shannon	mags	SABR_S	low	negative
SABR_Shigh	0.008712417694921927	0.06011839616838907	0.14492099340971798	0.8848453428893285	-0.10947065151185867	0.12689548690170252	SABR_S	high	shannon	mags	SABR_S	low	negative
SABR_Smid	-0.6059860711867464	1.7554173622160836	-0.3452091133596481	0.7301163844903203	-4.05685344004468	2.844881297671187	SABR_S	mid	invsimpson	metaphlan	SABR_S	low	negative
SABR_Shigh	0.8599912429916908	1.8548706017635912	0.46363948092876145	0.6431551371993656	-2.7863851520777874	4.506367638061169	SABR_S	high	invsimpson	metaphlan	SABR_S	low	negative
SABR_Smid	0.7996328645884112	9.284007614229749	0.08613013881664648	0.9314055294867001	-17.451228507620304	19.050494236797125	SABR_S	mid	observed	metaphlan	SABR_S	low	negative
SABR_Shigh	4.364334494312067	9.809993429963763	0.44488658687391075	0.656639382015686	-14.920530145192117	23.649199133816253	SABR_S	high	observed	metaphlan	SABR_S	low	negative
SABR_Smid	-0.035990377199897165	0.057342181551694016	-0.6276422735582847	0.5305920207342194	-0.14871585629967043	0.07673510189987609	SABR_S	mid	shannon	metaphlan	SABR_S	low	negative
SABR_Shigh	0.002697215921284824	0.06059090509789266	0.04451519443268116	0.9645156801473138	-0.11641472962078475	0.12180916146335441	SABR_S	high	shannon	metaphlan	SABR_S	low	negative
SABR_Smid	14.096503324511682	17.87739896104353	0.7885097465928482	0.4307551788271483	-21.02367405407798	49.21668070310134	SABR_S	mid	invsimpson	ko_hum	SABR_S	low	positive
SABR_Shigh	5.727748262496208	18.12143512112034	0.3160758639816876	0.7520707864047829	-29.871838522761813	41.327335047754225	SABR_S	high	invsimpson	ko_hum	SABR_S	low	positive
SABR_Smid	6.4278145692445134	60.32375821502779	0.10655527373364519	0.9151825837781085	-112.07829995398735	124.93392909247639	SABR_S	mid	observed	ko_hum	SABR_S	low	positive
SABR_Shigh	39.024940001065794	61.14721012479812	0.6382129278084482	0.5236138946722904	-81.09884704806828	159.14872705019985	SABR_S	high	observed	ko_hum	SABR_S	low	positive
SABR_Smid	0.021063034369178186	0.021259794036754473	0.9907449871228233	0.32226738391833865	-0.0207018632666643	0.06282793200502067	SABR_S	mid	shannon	ko_hum	SABR_S	low	positive
SABR_Shigh	0.002885653272232049	0.0215500017180877	0.13390501355784187	0.8935290978127832	-0.0394493577938282	0.045220664338292305	SABR_S	high	shannon	ko_hum	SABR_S	low	positive
SABR_Smid	-0.013232267877240016	1.5830196401058845	-0.008358877895131447	0.993333839372585	-3.123076752271105	3.0966122165166254	SABR_S	mid	invsimpson	mags	SABR_S	low	positive
SABR_Shigh	-1.4819658660306998	1.6046287139504316	-0.9235568659258574	0.3561421545227228	-4.634261408772666	1.6703296767112659	SABR_S	high	invsimpson	mags	SABR_S	low	positive
SABR_Smid	-4.262490927499094	5.687207617912871	-0.7494874838178268	0.45389977726562736	-15.435018920257361	6.910037065259173	SABR_S	mid	observed	mags	SABR_S	low	positive
SABR_Shigh	-9.232057844691242	5.764841076318055	-1.6014418650006679	0.10988173457509873	-20.55709688425474	2.0929811948722534	SABR_S	high	observed	mags	SABR_S	low	positive
SABR_Smid	0.006748745137093533	0.044426627391367206	0.15190766288968677	0.8793182325546057	-0.08052743176746055	0.09402492204164761	SABR_S	mid	shannon	mags	SABR_S	low	positive
SABR_Shigh	-0.07652887511129375	0.04503307487163979	-1.69939262041129	0.08983873304850074	-0.16499641901081077	0.011938668788223278	SABR_S	high	shannon	mags	SABR_S	low	positive
SABR_Smid	-0.3607556846648485	1.518434991741738	-0.237583885136261	0.8122967145537034	-3.343723529373862	2.622212160044165	SABR_S	mid	invsimpson	metaphlan	SABR_S	low	positive
SABR_Shigh	-2.1900898345027935	1.5391624502226047	-1.4229101250397884	0.1553572684769316	-5.213776802840567	0.8335971338349797	SABR_S	high	invsimpson	metaphlan	SABR_S	low	positive
SABR_Smid	-4.027222834413986	7.371188727287769	-0.5463464555595233	0.5850603529236561	-18.507934271101416	10.453488602273442	SABR_S	mid	observed	metaphlan	SABR_S	low	positive
SABR_Shigh	-11.595462009657826	7.471809438171306	-1.5518947726932082	0.12129113928373357	-26.27384298551536	3.082918966199708	SABR_S	high	observed	metaphlan	SABR_S	low	positive
SABR_Smid	0.007476658746306555	0.04445585324511525	0.16818164989619405	0.8665052688485159	-0.07985693239227053	0.09481024988488364	SABR_S	mid	shannon	metaphlan	SABR_S	low	positive
SABR_Shigh	-0.0857386396280068	0.045062699674090566	-1.9026520880484097	0.05763383713005272	-0.17426438149687853	0.002787102240864925	SABR_S	high	shannon	metaphlan	SABR_S	low	positive
Camid	10.323324709856571	12.456507995100734	0.8287494949561173	0.4074572251402109	-14.122559467315206	34.76920888702835	Ca	mid	invsimpson	ko_hum	Ca	low	all
Cahigh	-10.644298378152955	12.469860726661567	-0.8536020258345458	0.39354369580825	-35.11638727733136	13.82779052102545	Ca	high	invsimpson	ko_hum	Ca	low	all
Camid	4.43593554549207	41.94013967659154	0.1057682587539865	0.9157888594158632	-77.87154559702473	86.74341668800888	Ca	mid	observed	ko_hum	Ca	low	all
Cahigh	-37.77410078321915	41.98509733462425	-0.8997025892820217	0.36850970328951405	-120.1698112835605	44.62160971712222	Ca	high	observed	ko_hum	Ca	low	all
Camid	0.01998771238534756	0.014831033194235007	1.3476952093342367	0.17808218749386384	-0.00911817506213422	0.04909359983282934	Ca	mid	shannon	ko_hum	Ca	low	all
Cahigh	0.00133182026428352	0.014846931293854122	0.08970340320998361	0.9285420815781209	-0.02780526718741123	0.03046890771597827	Ca	high	shannon	ko_hum	Ca	low	all
Camid	1.3521659177591026	1.062546120599828	1.272571506821538	0.20348581766254548	-0.7330797552098194	3.4374115907280247	Ca	mid	invsimpson	mags	Ca	low	all
Cahigh	0.5992915866620194	1.063685115021455	0.56341071074397	0.573290044862199	-1.488189361692307	2.686772535016346	Ca	high	invsimpson	mags	Ca	low	all
Camid	7.465942174908449	3.9267646566841226	1.901296061173402	0.05756979737861377	-0.24032944038428194	15.17221379020118	Ca	mid	observed	mags	Ca	low	all
Cahigh	1.3297766608680552	3.9309739450644527	0.33828172851098665	0.735226672592957	-6.384755678558143	9.044309000294254	Ca	high	observed	mags	Ca	low	all
Camid	0.050519363011382115	0.03126913184325339	1.6156304967028416	0.1065108573694263	-0.01084627619195904	0.11188500221472328	Ca	mid	shannon	mags	Ca	low	all
Cahigh	0.02188872558913442	0.03130265073344376	0.6992610873605186	0.48456242035437114	-0.03954269440186114	0.08332014558012998	Ca	high	shannon	mags	Ca	low	all
Camid	1.2171351685738558	1.0164757062021	1.1974070419464211	0.2314507691664738	-0.7776973633442896	3.2119677004920013	Ca	mid	invsimpson	metaphlan	Ca	low	all
Cahigh	0.39347732325618007	1.017565315525063	0.3866850778548265	0.6990771620527105	-1.6034935658418428	2.390448212354203	Ca	high	invsimpson	metaphlan	Ca	low	all
Camid	7.6420070338763715	5.136006448764118	1.4879278501909348	0.13710636767210876	-2.4374003593574827	17.721414427110226	Ca	mid	observed	metaphlan	Ca	low	all
Cahigh	-0.5763411452620877	5.14151198172986	-0.11209565344009526	0.9107715722725311	-10.66655314130012	9.513870850775945	Ca	high	observed	metaphlan	Ca	low	all
Camid	0.043463406820420575	0.03141335563323459	1.3835964335639876	0.16681158164286133	-0.018185271422983797	0.10511208506382494	Ca	mid	shannon	metaphlan	Ca	low	all
Cahigh	0.012811349478726919	0.03144702912385977	0.40739458815861807	0.6838112554936474	-0.048903412955526776	0.07452611191298061	Ca	high	shannon	metaphlan	Ca	low	all
Camid	-6.533659088806783	20.076451520420406	-0.32543893935445656	0.7450169509994244	-46.00072425831992	32.93340608070635	Ca	mid	invsimpson	ko_hum	Ca	low	negative
Cahigh	-13.091256363833532	19.9522744163841	-0.6561285240284915	0.5121140185003956	-52.314209377741015	26.131696650073955	Ca	high	invsimpson	ko_hum	Ca	low	negative
Camid	-6.1912807413764375	67.09752817325717	-0.09227285877639937	0.9265268762923817	-138.09419767038023	125.71163618762736	Ca	mid	observed	ko_hum	Ca	low	negative
Cahigh	-30.7914593908648	66.68251575295596	-0.4617621132493018	0.6444998492510435	-161.87852884694615	100.29561006521654	Ca	high	observed	ko_hum	Ca	low	negative
Camid	0.0021401528883563873	0.024045669294238202	0.08900367305929839	0.929122986136658	-0.045129754152486434	0.04941005992919921	Ca	mid	shannon	ko_hum	Ca	low	negative
Cahigh	0.0022576980866425836	0.023896941737750633	0.09447644436760869	0.9247774167958259	-0.04471983456929327	0.04923523074257844	Ca	high	shannon	ko_hum	Ca	low	negative
Camid	2.5978123006694505	1.6463130533389605	1.5779576644920066	0.11535605098888733	-0.6385735964827726	5.8341981978216735	Ca	mid	invsimpson	mags	Ca	low	negative
Cahigh	1.7621309452349934	1.63613025848137	1.0770114030349731	0.282116275981974	-1.4542372198073727	4.97849911027736	Ca	high	invsimpson	mags	Ca	low	negative
Camid	8.865671007983863	6.2821486960462956	1.411248194994735	0.1589391683262179	-3.4840199590301744	21.2153619749979	Ca	mid	observed	mags	Ca	low	negative
Cahigh	4.862193713160666	6.24329227605559	0.7787868160214534	0.43656008801375834	-7.411111800056057	17.13549922637739	Ca	high	observed	mags	Ca	low	negative
Camid	0.07702147171764473	0.05078929571749142	1.5164902491671914	0.13017554767508774	-0.022822090873934872	0.17686503430922434	Ca	mid	shannon	mags	Ca	low	negative
Cahigh	0.05332017809831827	0.05047515316835485	1.0563648597652417	0.291431266121052	-0.04590583091579376	0.15254618711243031	Ca	high	shannon	mags	Ca	low	negative
Camid	2.1250486460342546	1.5669959393058475	1.356129006291883	0.17581370632785145	-0.9554125995221163	5.2055098915906255	Ca	mid	invsimpson	metaphlan	Ca	low	negative
Cahigh	1.5388990586239346	1.5573037375947167	0.9881817024344856	0.32365366261267225	-1.5225088818112507	4.60030699905912	Ca	high	invsimpson	metaphlan	Ca	low	negative
Camid	8.59155203372857	8.29315844554031	1.0359806930191624	0.30082930960414755	-7.711459706086286	24.894563773543425	Ca	mid	observed	metaphlan	Ca	low	negative
Cahigh	6.8322012992363	8.241863504398248	0.8289631702333234	0.40761352917065385	-9.369972860647614	23.034375459120213	Ca	high	observed	metaphlan	Ca	low	negative
Camid	0.06865581397474126	0.051191604979851243	1.3411537692901763	0.18062216098043737	-0.031978623730386374	0.16929025167986889	Ca	mid	shannon	metaphlan	Ca	low	negative
Cahigh	0.048994718912948626	0.05087497406273411	0.9630416489752518	0.3361012663433699	-0.051017273484658704	0.14900671131055596	Ca	high	shannon	metaphlan	Ca	low	negative
Camid	20.765037557203218	15.761230170354313	1.3174756876693985	0.18825498222735987	-10.197923021896127	51.72799813630256	Ca	mid	invsimpson	ko_hum	Ca	low	positive
Cahigh	-10.303690189105993	15.835346942510142	-0.6506766303582295	0.5155404521220337	-41.41225327953897	20.804872901326984	Ca	high	invsimpson	ko_hum	Ca	low	positive
Camid	5.483530539440679	53.2942138708585	0.10289166761570522	0.9180883148685626	-99.213033456007	110.18009453488835	Ca	mid	observed	ko_hum	Ca	low	positive
Cahigh	-55.42910231144823	53.54482851603512	-1.035190584182165	0.30105740924771235	-160.61799915752226	49.7597945346258	Ca	high	observed	ko_hum	Ca	low	positive
Camid	0.03180176836317452	0.01874924124063488	1.6961629516106038	0.09044897111150232	-0.005031144496237844	0.06863468122258688	Ca	mid	shannon	ko_hum	Ca	low	positive
Cahigh	-0.0014784541189110342	0.018837409056605272	-0.07848500366841157	0.9374722200571928	-0.03848457278654586	0.035527664548723796	Ca	high	shannon	ko_hum	Ca	low	positive
Camid	0.5493101072329791	1.4008807487267454	0.3921176786334203	0.6951306971342288	-2.202722248745889	3.301342463211847	Ca	mid	invsimpson	mags	Ca	low	positive
Cahigh	-0.20982220594687634	1.4074683537644637	-0.1490777433010686	0.8815496435676488	-2.974795922015594	2.555151510121841	Ca	high	invsimpson	mags	Ca	low	positive
Camid	6.752151247418661	5.030359169294008	1.34228014743653	0.18008643254678453	-3.1299969716032514	16.634299466440574	Ca	mid	observed	mags	Ca	low	positive
Cahigh	-0.8013390340549664	5.054014301563684	-0.1585549597291477	0.8740806034512583	-10.72995779630497	9.127279728195038	Ca	high	observed	mags	Ca	low	positive
Camid	0.037085087843211795	0.03936923273638583	0.9419814729825053	0.34663619466802786	-0.0402558295896753	0.11442600527609889	Ca	mid	shannon	mags	Ca	low	positive
Cahigh	0.002952233902059518	0.039554365522414224	0.07463737221082663	0.9405317225011436	-0.0747523771698227	0.08065684497394175	Ca	high	shannon	mags	Ca	low	positive
Camid	0.6657322903239662	1.3447613538493648	0.4950560844259204	0.6207680491943106	-1.9760534292864043	3.307518009934337	Ca	mid	invsimpson	metaphlan	Ca	low	positive
Cahigh	-0.40734343954094776	1.3510850589022032	-0.3014935564988976	0.7631577710646886	-3.06155208732054	2.2468652082386447	Ca	high	invsimpson	metaphlan	Ca	low	positive
Camid	7.231157346714222	6.510758065800157	1.1106475273130165	0.2672294739193034	-5.559236750226472	20.021551443654918	Ca	mid	observed	metaphlan	Ca	low	positive
Cahigh	-5.599736804288076	6.541374735115239	-0.8560489241241163	0.39236199761125323	-18.45027739454306	7.250803785966909	Ca	high	observed	metaphlan	Ca	low	positive
Camid	0.030514910392812095	0.03942228121113271	0.7740523748330117	0.4392489075156093	-0.04693022084918862	0.1079600416348128	Ca	mid	shannon	metaphlan	Ca	low	positive
Cahigh	-0.010299144665472838	0.03960766345622448	-0.2600290894931418	0.7949434745241095	-0.08810845960917711	0.06751017027823143	Ca	high	shannon	metaphlan	Ca	low	positive
Alkomid	6.06057266642477	12.546657955691098	0.4830427901858699	0.6291781950692747	-18.56223071603595	30.683376048885492	Alko	mid	invsimpson	ko_hum	Alko	low	all
Alkohigh	12.29326212947384	13.003046281542659	0.9454140101711141	0.3446912767982421	-13.225202874845005	37.81172713379269	Alko	high	invsimpson	ko_hum	Alko	low	all
Alkomid	-82.33374908505043	42.12524802041993	-1.9544988564848258	0.05093933692547674	-165.00450516266432	0.3370069925634738	Alko	mid	observed	ko_hum	Alko	low	all
Alkohigh	-11.757933288713138	43.65756614752729	-0.2693217768709512	0.7877413696342166	-97.43586212072823	73.91999554330197	Alko	high	observed	ko_hum	Alko	low	all
Alkomid	-0.00782796745869163	0.014930147321997198	-0.5243061096361966	0.6001896516305865	-0.03712836628035219	0.021472431362968926	Alko	mid	shannon	ko_hum	Alko	low	all
Alkohigh	0.009661146572096341	0.015473235765554608	0.6243779076644902	0.5325314219514077	-0.02070506276358521	0.040027355907777895	Alko	high	shannon	ko_hum	Alko	low	all
Alkomid	2.1108803463312986	1.0673051066714812	1.97776655722592	0.0482476959847381	0.01629516807291953	4.205465524589678	Alko	mid	invsimpson	mags	Alko	low	all
Alkohigh	2.0177532965508878	1.1061286398009287	1.824157899856951	0.06844657690938673	-0.1530230256945817	4.188529618796357	Alko	high	invsimpson	mags	Alko	low	all
Alkomid	4.651072558131486	3.94704632321122	1.1783678673290785	0.23894914744405332	-3.0950018069396297	12.397146923202602	Alko	mid	observed	mags	Alko	low	all
Alkohigh	10.047184662048679	4.090621279177229	2.4561512729600645	0.014223933577645244	2.0193445930043428	18.075024731093016	Alko	high	observed	mags	Alko	low	all
Alkomid	0.06961278557911767	0.03135428826218509	2.220199833496917	0.026643809950245664	0.008080026990876205	0.13114554416735913	Alko	mid	shannon	mags	Alko	low	all
Alkohigh	0.09400652110766615	0.032494809600917766	2.8929703624116967	0.0039045496579379105	0.030235490560765174	0.15777755165456714	Alko	high	shannon	mags	Alko	low	all
Alkomid	2.549529031998818	1.0195614361573713	2.5006134418027295	0.012567666852863233	0.5486407582051593	4.550417305792477	Alko	mid	invsimpson	metaphlan	Alko	low	all
Alkohigh	2.3175474602047013	1.0566482794102878	2.1933007466761953	0.02853081355543387	0.24387629452719306	4.3912186258822095	Alko	high	invsimpson	metaphlan	Alko	low	all
Alkomid	6.5968523007299265	5.1551355025878864	1.2796661304864432	0.200979337808381	-3.5200958410330223	16.713800442492875	Alko	mid	observed	metaphlan	Alko	low	all
Alkohigh	14.919237607773072	5.342655053202306	2.7924762986206093	0.005337117940369599	4.434282540066	25.404192675480143	Alko	high	observed	metaphlan	Alko	low	all
Alkomid	0.08180200637992839	0.03143780870335413	2.6020263419695935	0.009413731114853484	0.020105339011469575	0.1434986737483872	Alko	mid	shannon	metaphlan	Alko	low	all
Alkohigh	0.10850425710158516	0.03258136812238311	3.3302547853122135	9.015359444431118e-4	0.044563355544998226	0.17244515865817212	Alko	high	shannon	metaphlan	Alko	low	all
Alkomid	23.717592510667046	19.05527963751465	1.2446730230068925	0.21397173283457857	-13.742013461640703	61.177198482974795	Alko	mid	invsimpson	ko_hum	Alko	low	negative
Alkohigh	18.088962431601562	21.552055869965884	0.8393149377832508	0.40178774528912253	-24.278902860318308	60.45682772352143	Alko	high	invsimpson	ko_hum	Alko	low	negative
Alkomid	-61.88491566037765	63.67752218389882	-0.9718486765495652	0.33170589578363885	-187.06465249329517	63.294821172539876	Alko	mid	observed	ko_hum	Alko	low	negative
Alkohigh	17.915063612593244	72.02106407646384	0.24874755520930722	0.8036821509494966	-123.66673068966792	159.4968579148544	Alko	high	observed	ko_hum	Alko	low	negative
Alkomid	0.012481704372060793	0.022821995400947894	0.5469155589936879	0.5847379544912802	-0.03238265718463119	0.05734606592875278	Alko	mid	shannon	ko_hum	Alko	low	negative
Alkohigh	0.028774337422594436	0.025812317074423483	1.114752206848796	0.2656176838414699	-0.02196851417726217	0.07951718902245104	Alko	high	shannon	ko_hum	Alko	low	negative
Alkomid	3.8814250132357455	1.5552950853465357	2.4956196735945606	0.012970723232125055	0.8239657591060672	6.938884267365424	Alko	mid	invsimpson	mags	Alko	low	negative
Alkohigh	3.859448214146611	1.7590823756624663	2.194012212016593	0.028802003587900114	0.40137602005407835	7.317520408239144	Alko	high	invsimpson	mags	Alko	low	negative
Alkomid	9.988742260718912	5.943820621598299	1.6805255233346745	0.09362616332534804	-1.695850287416997	21.67333480885482	Alko	mid	observed	mags	Alko	low	negative
Alkohigh	15.462219650213308	6.722627878183684	2.300026110383323	0.02195445966247068	2.2466176645340514	28.677821635892563	Alko	high	observed	mags	Alko	low	negative
Alkomid	0.12209209285356405	0.04787396213898261	2.550281769015049	0.01113079147774163	0.027979605806726315	0.2162045799004018	Alko	mid	shannon	mags	Alko	low	negative
Alkohigh	0.1435782043246473	0.054146794293413916	2.6516473633991526	0.008324458988811116	0.037134341128765194	0.2500220675205294	Alko	high	shannon	mags	Alko	low	negative
Alkomid	4.226759691454743	1.4764249471125246	2.862834104585611	0.004416770345910366	1.324346406601265	7.1291729763082206	Alko	mid	invsimpson	metaphlan	Alko	low	negative
Alkohigh	3.6666350906988705	1.6698780366012402	2.1957502346468956	0.028676335467747182	0.38392423770547657	6.949345943692265	Alko	high	invsimpson	metaphlan	Alko	low	negative
Alkomid	13.21585056159553	7.815094336120467	1.6910673106674337	0.09159327384698845	-2.1473642553175285	28.579065378508588	Alko	mid	observed	metaphlan	Alko	low	negative
Alkohigh	25.148378341397915	8.839090948291666	2.8451317548959434	0.004664659474693732	7.772151365198898	42.52460531759694	Alko	high	observed	metaphlan	Alko	low	negative
Alkomid	0.13884385049980363	0.04805529246659381	2.88925201311224	0.0040690701251612	0.04437489727916216	0.2333128037204451	Alko	mid	shannon	metaphlan	Alko	low	negative
Alkohigh	0.1665653706635541	0.05435188398120322	3.064574003012632	0.002325636685716429	0.059718334224365385	0.2734124071027428	Alko	high	shannon	metaphlan	Alko	low	negative
Alkomid	-11.007533424697046	16.62470691999979	-0.6621189460762646	0.5081860771068505	-43.666795388350096	21.651728538956007	Alko	mid	invsimpson	ko_hum	Alko	low	positive
Alkohigh	5.898821285954101	16.307706589878375	0.3617198564030637	0.7177071999838547	-26.13769304829293	37.93533562020113	Alko	high	invsimpson	ko_hum	Alko	low	positive
Alkomid	-102.11729414595182	55.937246931689074	-1.8255688248414892	0.06848425332965859	-212.006100598824	7.771512306920357	Alko	mid	observed	ko_hum	Alko	low	positive
Alkohigh	-19.132501502455778	54.87063409882786	-0.34868380540301586	0.7274667576352845	-126.92594542714397	88.66094242223241	Alko	high	observed	ko_hum	Alko	low	positive
Alkomid	-0.02723423686300856	0.019754041140106392	-1.378666606485658	0.16858583465345536	-0.06604108064919198	0.011572606923174859	Alko	mid	shannon	ko_hum	Alko	low	positive
Alkohigh	-0.00346641042797297	0.01937737058628674	-0.17888961830694047	0.8580935193981215	-0.041533284339776766	0.03460046348383082	Alko	high	shannon	ko_hum	Alko	low	positive
Alkomid	0.4154682303215942	1.473906874492261	0.2818822800217394	0.7781450677436437	-2.4800240605026502	3.310960521145838	Alko	mid	invsimpson	mags	Alko	low	positive
Alkohigh	0.5075875913110988	1.4458023810999485	0.35107674323024174	0.7256718825736046	-2.3326933796100517	3.3478685622322493	Alko	high	invsimpson	mags	Alko	low	positive
Alkomid	-0.45053574659847334	5.298457957239637	-0.08503148467619268	0.932268837719036	-10.859364441239517	9.958292948042569	Alko	mid	observed	mags	Alko	low	positive
Alkohigh	4.837364665896431	5.197426827508334	0.9307229955203588	0.35242545768452893	-5.372988221125472	15.047717552918336	Alko	high	observed	mags	Alko	low	positive
Alkomid	0.018854560333614823	0.041401901857519116	0.4554032420660548	0.6490078038391741	-0.062479538671252804	0.10018865933848245	Alko	mid	shannon	mags	Alko	low	positive
Alkohigh	0.04746168859063278	0.040612449350497834	1.1686487604090048	0.24307656066084948	-0.032321529766609514	0.12724490694787507	Alko	high	shannon	mags	Alko	low	positive
Alkomid	0.9267671559923603	1.4145798017417472	0.6551536752124186	0.5126563165727869	-1.85217701041564	3.7057113224003606	Alko	mid	invsimpson	metaphlan	Alko	low	positive
Alkohigh	1.0791176267804266	1.3876065584663568	0.7776827085432014	0.4371070587417437	-1.6468375622952542	3.805072815856107	Alko	high	invsimpson	metaphlan	Alko	low	positive
Alkomid	0.30096506099201514	6.866254556431838	0.043832493904568635	0.9650546233042279	-13.187802431074946	13.789732553058975	Alko	mid	observed	metaphlan	Alko	low	positive
Alkohigh	6.434499692616859	6.735328641673722	0.9553356688201472	0.3398484896442192	-6.7970636412960594	19.666063026529777	Alko	high	observed	metaphlan	Alko	low	positive
Alkomid	0.0260651936737944	0.04144321653273539	0.6289375163051325	0.5296640355301021	-0.05535006807320905	0.10748045542079784	Alko	mid	shannon	metaphlan	Alko	low	positive
Alkohigh	0.05493348448368517	0.04065297623644687	1.3512782966781978	0.17718940757194795	-0.024929349002482386	0.13479631796985272	Alko	high	shannon	metaphlan	Alko	low	positive
Fiber_residmid	8.174044102602492	12.594467902427164	0.6490186140398371	0.5164853859179431	-16.54258625134063	32.89067445654562	Fiber_resid	mid	invsimpson	ko_hum	Fiber_resid	low	all
Fiber_residhigh	7.6649118125066265	12.7303078739722	0.6020994848190555	0.5472535815358481	-17.31830434640899	32.64812797142224	Fiber_resid	high	invsimpson	ko_hum	Fiber_resid	low	all
Fiber_residmid	-1.015147326334767	42.35450809550837	-0.023967869584168817	0.9808833408272799	-84.1358260664048	82.10553141373526	Fiber_resid	mid	observed	ko_hum	Fiber_resid	low	all
Fiber_residhigh	-39.03481392584142	42.811330505083056	-0.9117869840837288	0.3621153789908752	-123.05200617663145	44.98237832494861	Fiber_resid	high	observed	ko_hum	Fiber_resid	low	all
Fiber_residmid	0.007403737795482093	0.014988846069027895	0.4939498185107631	0.6214573872582865	-0.02201185725708217	0.03681933284804636	Fiber_resid	mid	shannon	ko_hum	Fiber_resid	low	all
Fiber_residhigh	0.013074692698583443	0.015150511050770973	0.8629869088091325	0.388365492452862	-0.0166581697150061	0.04280755511217299	Fiber_resid	high	shannon	ko_hum	Fiber_resid	low	all
Fiber_residmid	-1.095079477486328	1.0730262708307972	-1.020552345506374	0.30772999699327275	-3.2008924345453336	1.0107334795726777	Fiber_resid	mid	invsimpson	mags	Fiber_resid	low	all
Fiber_residhigh	0.07680484814280421	1.0845995948668716	0.07081401146220377	0.9435608909990472	-2.051720745478714	2.205330441764322	Fiber_resid	high	invsimpson	mags	Fiber_resid	low	all
Fiber_residmid	-5.845297258110822	3.9646087242657453	-1.474369266841934	0.1407180838961546	-13.62583781725662	1.9352433010349754	Fiber_resid	mid	observed	mags	Fiber_resid	low	all
Fiber_residhigh	2.1273470152075986	4.0073697476343995	0.5308586801762922	0.5956425112949084	-5.737112008485292	9.99180603890049	Fiber_resid	high	observed	mags	Fiber_resid	low	all
Fiber_residmid	-0.03601052614789134	0.031576067355471846	-1.1404373363692817	0.2543955575110417	-0.0979785259794683	0.025957473683685624	Fiber_resid	mid	shannon	mags	Fiber_resid	low	all
Fiber_residhigh	0.012526555987242382	0.031916636891581016	0.39247731613435255	0.694794829482315	-0.05010981120999376	0.07516292318447852	Fiber_resid	high	shannon	mags	Fiber_resid	low	all
Fiber_residmid	-0.7086332679144987	1.0263011991565054	-0.6904730000285578	0.49006777813851987	-2.7227483196882476	1.3054817838592505	Fiber_resid	mid	invsimpson	metaphlan	Fiber_resid	low	all
Fiber_residhigh	0.6378183822351161	1.0373705612581936	0.6148414135268371	0.5388087339292738	-1.398020281321283	2.6736570457915154	Fiber_resid	high	invsimpson	metaphlan	Fiber_resid	low	all
Fiber_residmid	-10.37653533840353	5.179374183196748	-2.00343419327913	0.04541826323853627	-20.54105186602588	-0.21201881078117957	Fiber_resid	mid	observed	metaphlan	Fiber_resid	low	all
Fiber_residhigh	0.5077158379587182	5.235237284926591	0.09698048251232942	0.9227626331656635	-9.766431969569881	10.781863645487318	Fiber_resid	high	observed	metaphlan	Fiber_resid	low	all
Fiber_residmid	-0.03262863220265068	0.031714264206596954	-1.0288314428516214	0.3038243902522732	-0.09486784321296113	0.029610578807659764	Fiber_resid	mid	shannon	metaphlan	Fiber_resid	low	all
Fiber_residhigh	0.015414445425372198	0.032056324290498206	0.4808550501824435	0.6307317779748116	-0.04749605814911213	0.07832494899985652	Fiber_resid	high	shannon	metaphlan	Fiber_resid	low	all
Fiber_residmid	1.530741294171504	20.50091926574007	0.07466695879972508	0.9405165630151369	-38.7707589920179	41.832241580360915	Fiber_resid	mid	invsimpson	ko_hum	Fiber_resid	low	negative
Fiber_residhigh	-1.4211283864521722	20.521966118169168	-0.06924913423348716	0.9448254910248923	-41.7640033894628	38.92174661655845	Fiber_resid	high	invsimpson	ko_hum	Fiber_resid	low	negative
Fiber_residmid	-72.50771321574022	68.37875744547802	-1.0603836033954617	0.2896020731373203	-206.92932021965066	61.91389378817023	Fiber_resid	mid	observed	ko_hum	Fiber_resid	low	negative
Fiber_residhigh	-72.95403068444556	68.44895710816559	-1.0658165407715545	0.28714154935593084	-207.51363890133683	61.605577532445736	Fiber_resid	high	observed	ko_hum	Fiber_resid	low	negative
Fiber_residmid	-0.020309857312464392	0.02451899101610489	-0.8283316919168575	0.40797054152736445	-0.06851023850727102	0.027890523882342238	Fiber_resid	mid	shannon	ko_hum	Fiber_resid	low	negative
Fiber_residhigh	-0.005445161028476614	0.02454416294029703	-0.2218515677931984	0.8245412560469199	-0.053695026165777905	0.04280470410882468	Fiber_resid	high	shannon	ko_hum	Fiber_resid	low	negative
Fiber_residmid	-1.968528520317181	1.6819731230434807	-1.1703685946866895	0.24254088353881575	-5.275016362205314	1.3379593215709518	Fiber_resid	mid	invsimpson	mags	Fiber_resid	low	negative
Fiber_residhigh	-1.9644716864182707	1.6836998865925459	-1.1667588161414846	0.24399432312645683	-5.274354066900735	1.345410694064194	Fiber_resid	high	invsimpson	mags	Fiber_resid	low	negative
Fiber_residmid	-6.631115688963568	6.418035573834446	-1.0332002078638864	0.30212677723705916	-19.247938337883227	5.985706959956092	Fiber_resid	mid	observed	mags	Fiber_resid	low	negative
Fiber_residhigh	-5.5721913747547624	6.424624519718105	-0.8673178265364612	0.38628147293701376	-18.201966828423025	7.057584078913498	Fiber_resid	high	observed	mags	Fiber_resid	low	negative
Fiber_residmid	-0.058174925031625746	0.05188091674568458	-1.1213164431305986	0.2628176001440514	-0.16016443847593892	0.04381458841268744	Fiber_resid	mid	shannon	mags	Fiber_resid	low	negative
Fiber_residhigh	-0.06132837538049244	0.051934179235257796	-1.180886581506943	0.23834080625057164	-0.16342259428756822	0.04076584352658335	Fiber_resid	high	shannon	mags	Fiber_resid	low	negative
Fiber_residmid	-1.096455093447054	1.6016974617084647	-0.6845581763471802	0.49401431462762235	-4.245133934366449	2.0522237474723406	Fiber_resid	mid	invsimpson	metaphlan	Fiber_resid	low	negative
Fiber_residhigh	-1.3125120462126332	1.603341811880068	-0.8186102529650806	0.41349021440922684	-4.4644234143203185	1.8393993218950522	Fiber_resid	high	invsimpson	metaphlan	Fiber_resid	low	negative
Fiber_residmid	-13.10988043742149	8.450300643294971	-1.5514099427721235	0.12158452724242134	-29.721808389513974	3.5020475146709966	Fiber_resid	mid	observed	metaphlan	Fiber_resid	low	negative
Fiber_residhigh	-9.710304921168735	8.458975972840713	-1.147929129051279	0.2516754232228211	-26.339287171736256	6.918677329398786	Fiber_resid	high	observed	metaphlan	Fiber_resid	low	negative
Fiber_residmid	-0.04827895785780927	0.0522711147208573	-0.9236259474402395	0.35623104308467535	-0.15103553757872465	0.05447762186310611	Fiber_resid	mid	shannon	metaphlan	Fiber_resid	low	negative
Fiber_residhigh	-0.06265804177643226	0.05232477779925754	-1.1974831888788517	0.23181866390633082	-0.16552011445312548	0.04020403090026094	Fiber_resid	high	shannon	metaphlan	Fiber_resid	low	negative
Fiber_residmid	13.398046588839627	15.909023151157989	0.8421665152875466	0.40007895486218714	-17.85525352524723	44.65134670292649	Fiber_resid	mid	invsimpson	ko_hum	Fiber_resid	low	positive
Fiber_residhigh	12.608089076384749	16.116185201102542	0.7823246580414206	0.4343771750165204	-19.05218119907844	44.26835935184794	Fiber_resid	high	invsimpson	ko_hum	Fiber_resid	low	positive
Fiber_residmid	38.99478607829631	53.635691565006915	0.7270305451554455	0.46753191833188057	-66.37261136532007	144.36218352191267	Fiber_resid	mid	observed	ko_hum	Fiber_resid	low	positive
Fiber_residhigh	-27.953834363525782	54.33411784229798	-0.5144803205356231	0.6071331334190966	-134.69329128837768	78.78562256132612	Fiber_resid	high	observed	ko_hum	Fiber_resid	low	positive
Fiber_residmid	0.02718242735192634	0.018897083862188642	1.4384456115113042	0.15090464386586894	-0.009940922561802377	0.06430577726565506	Fiber_resid	mid	shannon	ko_hum	Fiber_resid	low	positive
Fiber_residhigh	0.02376342854149896	0.01914315545273631	1.2413537883119594	0.2150304809966103	-0.013843329385145826	0.061370186468143746	Fiber_resid	high	shannon	ko_hum	Fiber_resid	low	positive
Fiber_residmid	-0.5686995017537512	1.406771519345063	-0.4042586119589023	0.6861875025320908	-3.332304285548473	2.194905282040971	Fiber_resid	mid	invsimpson	mags	Fiber_resid	low	positive
Fiber_residhigh	1.6345316074470249	1.4250900338749715	1.1469672572213276	0.2519185908449077	-1.165059925930484	4.434123140824534	Fiber_resid	high	invsimpson	mags	Fiber_resid	low	positive
Fiber_residmid	-6.379266150471123	5.035944674542541	-1.2667466707327575	0.20580864454910658	-16.272387103026865	3.5138548020846194	Fiber_resid	mid	observed	mags	Fiber_resid	low	positive
Fiber_residhigh	8.225559632743535	5.101521084374445	1.6123739364594163	0.10748267567449991	-1.7963862764049505	18.247505541892018	Fiber_resid	high	observed	mags	Fiber_resid	low	positive
Fiber_residmid	-0.025729890263809667	0.03942140056858918	-0.6526883848036374	0.5142434253644298	-0.1031732914821977	0.05171351095457836	Fiber_resid	mid	shannon	mags	Fiber_resid	low	positive
Fiber_residhigh	0.07179097693817332	0.039934733038840806	1.7977076964142695	0.07279890562429625	-0.006660866696738044	0.1502428205730847	Fiber_resid	high	shannon	mags	Fiber_resid	low	positive
Fiber_residmid	-0.5172389368855759	1.3485863019711433	-0.38354159176135816	0.7014737999612728	-3.166538772883542	2.13206089911239	Fiber_resid	mid	invsimpson	metaphlan	Fiber_resid	low	positive
Fiber_residhigh	2.1685353547748347	1.3661471477998923	1.5873365898154868	0.1130396370570183	-0.515262789493125	4.852333499042794	Fiber_resid	high	invsimpson	metaphlan	Fiber_resid	low	positive
Fiber_residmid	-10.02906456767488	6.528407620622442	-1.5362191135238386	0.1250882209909358	-22.854131241837933	2.796002106488176	Fiber_resid	mid	observed	metaphlan	Fiber_resid	low	positive
Fiber_residhigh	8.29074083277426	6.613418390467436	1.2536241234524814	0.21053768279886478	-4.70132962770875	21.282811293257268	Fiber_resid	high	observed	metaphlan	Fiber_resid	low	positive
Fiber_residmid	-0.02653594032754363	0.03943627943541062	-0.6728814357603035	0.5013193524611327	-0.10400857110237328	0.050936690447286034	Fiber_resid	mid	shannon	metaphlan	Fiber_resid	low	positive
Fiber_residhigh	0.07866050972816922	0.039949805653356395	1.9689835392618622	0.0494814940288655	1.7905591917714847e-4	0.1571419635371613	Fiber_resid	high	shannon	metaphlan	Fiber_resid	low	positive
antibiotics_reg_quest_combYes	-4.6329313247037955	12.248345540055396	-0.37824956109809765	0.7053233801291439	-28.667572759650383	19.40171011024279	antibiotics_reg_quest_comb	Yes	invsimpson	ko_hum	antibiotics_reg_quest_comb	No	all
antibiotics_reg_quest_combYes	33.285952322200714	41.902664918986034	0.7943636135447534	0.4271672970468082	-48.938665133520516	115.51056977792194	antibiotics_reg_quest_comb	Yes	observed	ko_hum	antibiotics_reg_quest_comb	No	all
antibiotics_reg_quest_combYes	-0.00656537474724751	0.014614047704052646	-0.44925094540555355	0.6533454279497379	-0.035242178102561826	0.022111428608066808	antibiotics_reg_quest_comb	Yes	shannon	ko_hum	antibiotics_reg_quest_comb	No	all
antibiotics_reg_quest_combYes	-3.181702883882295	1.0497213391854505	-3.0309976229988735	0.002498555403466565	-5.241546469403817	-1.1218592983607731	antibiotics_reg_quest_comb	Yes	invsimpson	mags	antibiotics_reg_quest_comb	No	all
antibiotics_reg_quest_combYes	-15.53110297450092	3.848580613761675	-4.035540510432631	5.851986364133678e-5	-23.083082528208887	-7.979123420792953	antibiotics_reg_quest_comb	Yes	observed	mags	antibiotics_reg_quest_comb	No	all
antibiotics_reg_quest_combYes	-0.12659838466209636	0.030768081617542027	-4.1146011712968775	4.189045935287704e-5	-0.1869738702246509	-0.06622289909954182	antibiotics_reg_quest_comb	Yes	shannon	mags	antibiotics_reg_quest_comb	No	all
antibiotics_reg_quest_combYes	-3.2585543605388962	1.0021758526271392	-3.251479620065487	0.0011854025299417354	-5.225100551931389	-1.2920081691464038	antibiotics_reg_quest_comb	Yes	invsimpson	metaphlan	antibiotics_reg_quest_comb	No	all
antibiotics_reg_quest_combYes	-18.886390423757042	5.043625482338913	-3.744606035854735	1.9071311507058724e-4	-28.783378519312276	-8.989402328201809	antibiotics_reg_quest_comb	Yes	observed	metaphlan	antibiotics_reg_quest_comb	No	all
antibiotics_reg_quest_combYes	-0.13285777504670668	0.030955724964434706	-4.291864435394361	1.9393085897754366e-5	-0.19360146875177892	-0.07211408134163444	antibiotics_reg_quest_comb	Yes	shannon	metaphlan	antibiotics_reg_quest_comb	No	all
antibiotics_reg_quest_combYes	-22.170504266477703	19.44095198004773	-1.1404021927131613	0.25473494083087195	-60.37845672042742	16.037448187472013	antibiotics_reg_quest_comb	Yes	invsimpson	ko_hum	antibiotics_reg_quest_comb	No	negative
antibiotics_reg_quest_combYes	-13.926404432531486	65.80935207953574	-0.21161740683452313	0.832502848201972	-143.26372278302745	115.41091391796448	antibiotics_reg_quest_comb	Yes	observed	ko_hum	antibiotics_reg_quest_comb	No	negative
antibiotics_reg_quest_combYes	-0.015788973768857146	0.02337748649993431	-0.6753922740539926	0.4997789484494439	-0.061733529035442825	0.030155581497728536	antibiotics_reg_quest_comb	Yes	shannon	ko_hum	antibiotics_reg_quest_comb	No	negative
antibiotics_reg_quest_combYes	-1.996914698266863	1.6232450024688254	-1.2301991968123827	0.21927538013795178	-5.187132334681605	1.1933029381478788	antibiotics_reg_quest_comb	Yes	invsimpson	mags	antibiotics_reg_quest_comb	No	negative
antibiotics_reg_quest_combYes	-13.261833090698174	6.137183301960295	-2.1608989724100587	0.031238439009945686	-25.323444479025742	-1.2002217023706052	antibiotics_reg_quest_comb	Yes	observed	mags	antibiotics_reg_quest_comb	No	negative
antibiotics_reg_quest_combYes	-0.09991760343481475	0.0498318391753052	-2.0050956394226405	0.04556068336051234	-0.19785378186151825	-0.001981425008111229	antibiotics_reg_quest_comb	Yes	shannon	mags	antibiotics_reg_quest_comb	No	negative
antibiotics_reg_quest_combYes	-1.7630252561555162	1.5473908805464303	-1.1393535261969097	0.2551714217784162	-4.804164252449063	1.2781137401380303	antibiotics_reg_quest_comb	Yes	invsimpson	metaphlan	antibiotics_reg_quest_comb	No	negative
antibiotics_reg_quest_combYes	-15.625286516669906	8.124298590821587	-1.9232782180510386	0.055085728698411184	-31.592241972265846	0.3416689389260359	antibiotics_reg_quest_comb	Yes	observed	metaphlan	antibiotics_reg_quest_comb	No	negative
antibiotics_reg_quest_combYes	-0.10247194140183095	0.05039883234758295	-2.0332205455697494	0.04262587208316969	-0.20152245045341005	-0.0034214323502518573	antibiotics_reg_quest_comb	Yes	shannon	metaphlan	antibiotics_reg_quest_comb	No	negative
antibiotics_reg_quest_combYes	7.042467765270329	15.709504764817178	0.4482934294047612	0.6541097275462007	-23.812317058706732	37.897252589247394	antibiotics_reg_quest_comb	Yes	invsimpson	ko_hum	antibiotics_reg_quest_comb	No	positive
antibiotics_reg_quest_combYes	64.19002204484839	54.00578420258002	1.18857679770127	0.2350951964676423	-41.88186728374805	170.26191137344483	antibiotics_reg_quest_comb	Yes	observed	ko_hum	antibiotics_reg_quest_comb	No	positive
antibiotics_reg_quest_combYes	-4.147695400790657e-4	0.01868364176056938	-0.02219960890892321	0.9822964042743838	-0.037111008847489795	0.03628146976733166	antibiotics_reg_quest_comb	Yes	shannon	ko_hum	antibiotics_reg_quest_comb	No	positive
antibiotics_reg_quest_combYes	-3.9604443480627394	1.3848449048783873	-2.8598468565767177	0.004391803611991073	-6.680395880226834	-1.2404928158986448	antibiotics_reg_quest_comb	Yes	invsimpson	mags	antibiotics_reg_quest_comb	No	positive
antibiotics_reg_quest_combYes	-17.584655622438298	4.9358133551551795	-3.562666243056398	3.974493102103515e-4	-27.279006990261173	-7.890304254615424	antibiotics_reg_quest_comb	Yes	observed	mags	antibiotics_reg_quest_comb	No	positive
antibiotics_reg_quest_combYes	-0.1423520033628419	0.03881653251008657	-3.6673034441149883	2.677844101488417e-4	-0.21859092853214018	-0.06611307819354363	antibiotics_reg_quest_comb	Yes	shannon	mags	antibiotics_reg_quest_comb	No	positive
antibiotics_reg_quest_combYes	-4.302494861958694	1.3217398214019453	-3.255175332006806	0.0011995969577522402	-6.898502717914394	-1.7064870060029937	antibiotics_reg_quest_comb	Yes	invsimpson	metaphlan	antibiotics_reg_quest_comb	No	positive
antibiotics_reg_quest_combYes	-21.848970575845126	6.398731916058453	-3.414578210568923	6.836693347633483e-4	-34.41661668385378	-9.28132446783647	antibiotics_reg_quest_comb	Yes	observed	metaphlan	antibiotics_reg_quest_comb	No	positive
antibiotics_reg_quest_combYes	-0.15224597039242924	0.038822651248787005	-3.921575819662396	9.855092192973225e-5	-0.22849691327767863	-0.07599502750717986	antibiotics_reg_quest_comb	Yes	shannon	metaphlan	antibiotics_reg_quest_comb	No	positive
PPI_antacids_reg_quest_combYes	-10.121899567613912	10.501531687436147	-0.9638498334222597	0.33534810980010965	-30.728809113057366	10.485009977829542	PPI_antacids_reg_quest_comb	Yes	invsimpson	ko_hum	PPI_antacids_reg_quest_comb	No	all
PPI_antacids_reg_quest_combYes	84.0207658327769	35.855716212775356	2.343301841585872	0.019303921936985366	13.661934123710111	154.37959754184368	PPI_antacids_reg_quest_comb	Yes	observed	ko_hum	PPI_antacids_reg_quest_comb	No	all
PPI_antacids_reg_quest_combYes	0.002491020073923137	0.01253562952172715	0.1987151957231683	0.8425248672447145	-0.02210735198626617	0.027089392134112447	PPI_antacids_reg_quest_comb	Yes	shannon	ko_hum	PPI_antacids_reg_quest_comb	No	all
PPI_antacids_reg_quest_combYes	-1.4290172387924616	0.9032763017343569	-1.5820377840630198	0.11394883793100084	-3.2014951590040184	0.34346068141909547	PPI_antacids_reg_quest_comb	Yes	invsimpson	mags	PPI_antacids_reg_quest_comb	No	all
PPI_antacids_reg_quest_combYes	-3.299918532892459	3.325448086860296	-0.9923229732351827	0.3212737371419539	-9.825367387746926	3.225530321962009	PPI_antacids_reg_quest_comb	Yes	observed	mags	PPI_antacids_reg_quest_comb	No	all
PPI_antacids_reg_quest_combYes	-0.03430226313394768	0.026585232447573097	-1.2902750879305949	0.19724559071546616	-0.0864698417879409	0.01786531552004554	PPI_antacids_reg_quest_comb	Yes	shannon	mags	PPI_antacids_reg_quest_comb	No	all
PPI_antacids_reg_quest_combYes	-1.6530925886028085	0.8624496490742647	-1.9167409835196794	0.05554811352435322	-3.3454573249998285	0.03927214779421129	PPI_antacids_reg_quest_comb	Yes	invsimpson	metaphlan	PPI_antacids_reg_quest_comb	No	all
PPI_antacids_reg_quest_combYes	-6.464558589865192	4.350734483844345	-1.4858545410826942	0.13762449598254597	-15.001902915749005	2.0727857360186217	PPI_antacids_reg_quest_comb	Yes	observed	metaphlan	PPI_antacids_reg_quest_comb	No	all
PPI_antacids_reg_quest_combYes	-0.038909762316583475	0.026760606106534572	-1.4539940598386614	0.14625347365400113	-0.09142147259198541	0.013601947958818458	PPI_antacids_reg_quest_comb	Yes	shannon	metaphlan	PPI_antacids_reg_quest_comb	No	all
PPI_antacids_reg_quest_combYes	-12.774913452947397	16.583009298755307	-0.7703615925672948	0.4414960527837132	-45.366055670700725	19.816228764805935	PPI_antacids_reg_quest_comb	Yes	invsimpson	ko_hum	PPI_antacids_reg_quest_comb	No	negative
PPI_antacids_reg_quest_combYes	79.77496286523885	55.964912835156476	1.4254460308053083	0.15473250512034853	-30.214750132851094	189.7646758633288	PPI_antacids_reg_quest_comb	Yes	observed	ko_hum	PPI_antacids_reg_quest_comb	No	negative
PPI_antacids_reg_quest_combYes	0.0044169476733424	0.01993412622218928	0.22157718999620668	0.8247451414654025	-0.03476025659577541	0.04359415194246021	PPI_antacids_reg_quest_comb	Yes	shannon	ko_hum	PPI_antacids_reg_quest_comb	No	negative
PPI_antacids_reg_quest_combYes	-1.2537020288465768	1.3845960966037447	-0.9054640786015242	0.36571176558057694	-3.9748949972389793	1.4674909395458258	PPI_antacids_reg_quest_comb	Yes	invsimpson	mags	PPI_antacids_reg_quest_comb	No	negative
PPI_antacids_reg_quest_combYes	-1.2891742966900588	5.2579504031758315	-0.24518570884795535	0.8064261797176894	-11.62279989362313	9.044451300243013	PPI_antacids_reg_quest_comb	Yes	observed	mags	PPI_antacids_reg_quest_comb	No	negative
PPI_antacids_reg_quest_combYes	-0.02632164873127739	0.04264636825164645	-0.6172072748600623	0.5374151148700539	-0.11013598108315113	0.057492683620596355	PPI_antacids_reg_quest_comb	Yes	shannon	mags	PPI_antacids_reg_quest_comb	No	negative
PPI_antacids_reg_quest_combYes	-0.9247688390294346	1.3200639020923752	-0.7005485397817668	0.4839525671125049	-3.5191345295102447	1.6695968514513755	PPI_antacids_reg_quest_comb	Yes	invsimpson	metaphlan	PPI_antacids_reg_quest_comb	No	negative
PPI_antacids_reg_quest_combYes	-1.1864322874070021	6.953079657488105	-0.17063407092269917	0.8645894098494622	-14.851552042575403	12.4786874677614	PPI_antacids_reg_quest_comb	Yes	observed	metaphlan	PPI_antacids_reg_quest_comb	No	negative
PPI_antacids_reg_quest_combYes	-0.025070776867399183	0.04313918473765405	-0.5811601915952794	0.5614280513529742	-0.10985365792435822	0.059712104189559856	PPI_antacids_reg_quest_comb	Yes	shannon	metaphlan	PPI_antacids_reg_quest_comb	No	negative
PPI_antacids_reg_quest_combYes	-6.201058496136551	13.59677006961717	-0.45606849747302874	0.6485123246126923	-32.906255195824606	20.504138203551506	PPI_antacids_reg_quest_comb	Yes	invsimpson	ko_hum	PPI_antacids_reg_quest_comb	No	positive
PPI_antacids_reg_quest_combYes	81.21367269232913	46.677859113974236	1.7398756976841658	0.08241404367775873	-10.46555721128476	172.892902595943	PPI_antacids_reg_quest_comb	Yes	observed	ko_hum	PPI_antacids_reg_quest_comb	No	positive
PPI_antacids_reg_quest_combYes	0.0019446381277206366	0.016170825067514154	0.12025596217890287	0.9043222490955427	-0.029816218459035697	0.03370549471447697	PPI_antacids_reg_quest_comb	Yes	shannon	ko_hum	PPI_antacids_reg_quest_comb	No	positive
PPI_antacids_reg_quest_combYes	-1.3633909690774977	1.2057374341150338	-1.130752791198007	0.2586289353887609	-3.7315604079481917	1.0047784697931963	PPI_antacids_reg_quest_comb	Yes	invsimpson	mags	PPI_antacids_reg_quest_comb	No	positive
PPI_antacids_reg_quest_combYes	-5.248989958193393	4.313233117347741	-1.2169502123782867	0.22412067600761057	-13.720541526736117	3.222561610349331	PPI_antacids_reg_quest_comb	Yes	observed	mags	PPI_antacids_reg_quest_comb	No	positive
PPI_antacids_reg_quest_combYes	-0.03637095383607841	0.03395193461996074	-1.0712483469114453	0.28450565025517577	-0.1030554007833032	0.03031349311114638	PPI_antacids_reg_quest_comb	Yes	shannon	mags	PPI_antacids_reg_quest_comb	No	positive
PPI_antacids_reg_quest_combYes	-2.004240709945048	1.151426359049173	-1.7406590479656152	0.08227643241808033	-4.265738642628672	0.2572572227385761	PPI_antacids_reg_quest_comb	Yes	invsimpson	metaphlan	PPI_antacids_reg_quest_comb	No	positive
PPI_antacids_reg_quest_combYes	-11.434611599452067	5.573598780595772	-2.0515670484321804	0.04066260913822128	-22.3816270302383	-0.48759616866583677	PPI_antacids_reg_quest_comb	Yes	observed	metaphlan	PPI_antacids_reg_quest_comb	No	positive
PPI_antacids_reg_quest_combYes	-0.044691206294309685	0.03399566224735936	-1.3146149637894202	0.18916162426435776	-0.11146153796893016	0.022079125380310788	PPI_antacids_reg_quest_comb	Yes	shannon	metaphlan	PPI_antacids_reg_quest_comb	No	positive
BlindtarmYes	-10.178854809060606	14.044963439972024	-0.7247334500061099	0.46878392593665164	-37.73960329815576	17.381893680034548	Blindtarm	Yes	invsimpson	ko_hum	Blindtarm	No	all
BlindtarmUnknown	-27.226081038712366	54.78350385477647	-0.4969758982719499	0.6193145272893534	-134.72898608692066	80.27682400949591	Blindtarm	Unknown	invsimpson	ko_hum	Blindtarm	No	all
BlindtarmYes	3.396750060588952	47.81157945487736	0.07104450635843704	0.9433764404449168	-90.42499051240672	97.21849063358464	Blindtarm	Yes	observed	ko_hum	Blindtarm	No	all
BlindtarmUnknown	186.66054308456575	186.49289181591797	1.0008989686792635	0.31711610006958546	-179.29866416508906	552.6197503342205	Blindtarm	Unknown	observed	ko_hum	Blindtarm	No	all
BlindtarmYes	-0.0014900388430262737	0.016700664464123348	-0.08922033289317324	0.9289245473802991	-0.03426212934106958	0.03128205165501703	Blindtarm	Yes	shannon	ko_hum	Blindtarm	No	all
BlindtarmUnknown	-0.03887720153874129	0.06514227822364857	-0.5968044501800632	0.5507720939778442	-0.166707363133823	0.08895296005634042	Blindtarm	Unknown	shannon	ko_hum	Blindtarm	No	all
BlindtarmYes	-1.2469764247974497	1.2013078777123474	-1.0380156893435752	0.2995119285091875	-3.6043299641716064	1.110377114576707	Blindtarm	Yes	invsimpson	mags	Blindtarm	No	all
BlindtarmUnknown	-5.71228214478387	4.68579751244684	-1.2190629513141338	0.2231057806385005	-14.907328273834692	3.482763984266951	Blindtarm	Unknown	invsimpson	mags	Blindtarm	No	all
BlindtarmYes	-7.691084658636087	4.422163607012038	-1.7392130509239094	0.08230286943423101	-16.368796029790172	0.9866267125179968	Blindtarm	Yes	observed	mags	Blindtarm	No	all
BlindtarmUnknown	-30.883024854477647	17.249003035616216	-1.790423759025929	0.07368612964806268	-64.73113249705648	2.965082788101185	Blindtarm	Unknown	observed	mags	Blindtarm	No	all
BlindtarmYes	-0.05006947051505908	0.03546039428314992	-1.4119829045118966	0.15826392483470827	-0.11965420189147549	0.019515260861357332	Blindtarm	Yes	shannon	mags	Blindtarm	No	all
BlindtarmUnknown	-0.17124722549331464	0.1383161056421167	-1.2380859387149385	0.2159727601382027	-0.44266803878957817	0.10017358780294885	Blindtarm	Unknown	shannon	mags	Blindtarm	No	all
BlindtarmYes	-0.9802645691100016	1.146403625587122	-0.8550780433967718	0.39271133338495534	-3.229878256381829	1.269349118161826	Blindtarm	Yes	invsimpson	metaphlan	Blindtarm	No	all
BlindtarmUnknown	-7.0719438172394025	4.471639083284571	-1.5815104228055945	0.11407539216539034	-15.846742031214644	1.7028543967358392	Blindtarm	Unknown	invsimpson	metaphlan	Blindtarm	No	all
BlindtarmYes	-12.57553123139843	5.784409268804054	-2.1740389808203293	0.0299345279380432	-23.92640798496703	-1.22465447782983	Blindtarm	Yes	observed	metaphlan	Blindtarm	No	all
BlindtarmUnknown	-37.17294818668547	22.562551254014718	-1.6475507476164077	0.09975686352518605	-81.4479513251384	7.102054951767471	Blindtarm	Unknown	observed	metaphlan	Blindtarm	No	all
BlindtarmYes	-0.045779326281252995	0.035685654009093626	-1.2828495806630653	0.19983996421978156	-0.1158060898977668	0.02424743733526081	Blindtarm	Yes	shannon	metaphlan	Blindtarm	No	all
BlindtarmUnknown	-0.22721625005722298	0.13919474922971348	-1.6323622213812634	0.10291583721313774	-0.5003612454798986	0.04592874536545263	Blindtarm	Unknown	shannon	metaphlan	Blindtarm	No	all
BlindtarmYes	-27.65101977951334	22.24446289425024	-1.2430518062389624	0.21451525614603603	-71.37045027880887	16.068410719782193	Blindtarm	Yes	invsimpson	ko_hum	Blindtarm	No	negative
BlindtarmUnknown	-30.685339908639765	62.03764992265746	-0.4946244731529205	0.6211137907142996	-152.6145920118368	91.24391219455728	Blindtarm	Unknown	invsimpson	ko_hum	Blindtarm	No	negative
BlindtarmYes	-51.13112917383279	75.08350477500173	-0.6809901765648048	0.49623838399550924	-198.70080007394262	96.43854172627704	Blindtarm	Yes	observed	ko_hum	Blindtarm	No	negative
BlindtarmUnknown	180.2701483020202	209.40061382204647	0.8608864368240009	0.3897726762806386	-231.28735371656714	591.8276503206075	Blindtarm	Unknown	observed	ko_hum	Blindtarm	No	negative
BlindtarmYes	-0.03186121927953866	0.026592936024802064	-1.198108371705294	0.23152421454738334	-0.08412717075859473	0.02040473219951741	Blindtarm	Yes	shannon	ko_hum	Blindtarm	No	negative
BlindtarmUnknown	-0.03508066701290993	0.074165119803757	-0.47300762279808045	0.6364439084595654	-0.18084533735567612	0.11068400332985626	Blindtarm	Unknown	shannon	ko_hum	Blindtarm	No	negative
BlindtarmYes	-2.612134519597054	1.8458966926520588	-1.4151033099496575	0.15775039898361137	-6.2400734159837565	1.0158043767896485	Blindtarm	Yes	invsimpson	mags	Blindtarm	No	negative
BlindtarmUnknown	-4.439386053248062	5.148026875566394	-0.8623471012395664	0.3889695132232821	-14.557355826885814	5.67858372038969	Blindtarm	Unknown	invsimpson	mags	Blindtarm	No	negative
BlindtarmYes	-8.603295238508586	7.015678511428638	-1.226295535705306	0.22074783984081142	-22.391961233455447	5.185370756438273	Blindtarm	Yes	observed	mags	Blindtarm	No	negative
BlindtarmUnknown	-26.05930464908658	19.56604704420265	-1.3318635384150248	0.18359925549682926	-64.51455699487701	12.395947696703846	Blindtarm	Unknown	observed	mags	Blindtarm	No	negative
BlindtarmYes	-0.09522707706303957	0.057041909785065605	-1.6694230158466992	0.095749723945636675	-0.20733766486418942	0.016883510738110286	Blindtarm	Yes	shannon	mags	Blindtarm	No	negative
BlindtarmUnknown	-0.13757583721856478	0.15908435492413733	-0.8647980329943235	0.38762411339893754	-0.450241395011324	0.1750897205741944	Blindtarm	Unknown	shannon	mags	Blindtarm	No	negative
BlindtarmYes	-2.3428983092217903	1.7566127662553654	-1.3337591267859397	0.18297752904330042	-5.795357921916127	1.109561303472546	Blindtarm	Yes	invsimpson	metaphlan	Blindtarm	No	negative
BlindtarmUnknown	-5.419507569609213	4.89902266288432	-1.1062426003186634	0.26923013683035696	-15.048082637600931	4.209067498382505	Blindtarm	Unknown	invsimpson	metaphlan	Blindtarm	No	negative
BlindtarmYes	-14.509066279919384	9.295212278052697	-1.5609182282127467	0.11926691080505758	-32.77794465645978	3.759812096621012	Blindtarm	Yes	observed	metaphlan	Blindtarm	No	negative
BlindtarmUnknown	-27.73543017070878	25.92344566843527	-1.0698975176930205	0.2852560228407435	-78.68556039373928	23.214700052321717	Blindtarm	Unknown	observed	metaphlan	Blindtarm	No	negative
BlindtarmYes	-0.09961816915203747	0.057652163684179955	-1.7279172677325414	0.08470951134967303	-0.21292815444172591	0.013691816137650983	Blindtarm	Yes	shannon	metaphlan	Blindtarm	No	negative
BlindtarmUnknown	-0.17313024953778217	0.160786293871244	-1.0767724373100054	0.282176008094256	-0.4891408106181373	0.14288031154257297	Blindtarm	Unknown	shannon	metaphlan	Blindtarm	No	negative
BlindtarmYes	3.517832562263307	17.98555081415752	0.1955921505330939	0.8450001002826818	-31.80927948592842	38.84494461045504	Blindtarm	Yes	invsimpson	ko_hum	Blindtarm	No	positive
BlindtarmUnknown	-79.00496892997904	148.02092916599045	-0.533741879443163	0.5937311644428229	-369.7467985328963	211.73686067293823	Blindtarm	Unknown	invsimpson	ko_hum	Blindtarm	No	positive
BlindtarmYes	44.15917394190047	61.36100091728016	0.7196618908063575	0.472032357328794	-76.36573948402685	164.6840873678278	Blindtarm	Yes	observed	ko_hum	Blindtarm	No	positive
BlindtarmUnknown	-218.47917223070206	505.00051203221676	-0.432631585563153	0.6654484048748892	-1210.398177508717	773.4398330473128	Blindtarm	Unknown	observed	ko_hum	Blindtarm	No	positive
BlindtarmYes	0.02231682686913433	0.021308839904235082	1.0473036997522756	0.2954097317779051	-0.019537869864497705	0.06417152360276636	Blindtarm	Yes	shannon	ko_hum	Blindtarm	No	positive
BlindtarmUnknown	-0.17764011096452775	0.1753715699155227	-1.0129356260544273	0.31152680021973167	-0.5221039066241083	0.16682368469505282	Blindtarm	Unknown	shannon	ko_hum	Blindtarm	No	positive
BlindtarmYes	-0.1417404296151865	1.5857135422589004	-0.08938589842227912	0.9288070746968085	-3.2563895478184213	2.9729086885880482	Blindtarm	Yes	invsimpson	mags	Blindtarm	No	positive
BlindtarmUnknown	-15.204773137253268	13.05040887218728	-1.1650802121347568	0.24448080165206576	-40.83830870512524	10.428762430618706	Blindtarm	Unknown	invsimpson	mags	Blindtarm	No	positive
BlindtarmYes	-6.760857568215663	5.677839949480312	-1.1907446543706253	0.23425653254916493	-17.913237062153662	4.391521925722339	Blindtarm	Yes	observed	mags	Blindtarm	No	positive
BlindtarmUnknown	-54.175311945347225	46.72857415722266	-1.159361545316348	0.24680118252751115	-145.9592996675919	37.608675776897435	Blindtarm	Unknown	observed	mags	Blindtarm	No	positive
BlindtarmYes	-0.012667078190925498	0.044797138141629306	-0.2827653443145774	0.777460836233312	-0.10065735076695013	0.07532319438509914	Blindtarm	Yes	shannon	mags	Blindtarm	No	positive
BlindtarmUnknown	-0.3201548032057437	0.3686800632473043	-0.8683811117581081	0.38555639811999975	-1.0443139929270635	0.4040043865155761	Blindtarm	Unknown	shannon	mags	Blindtarm	No	positive
BlindtarmYes	0.1251647858425499	1.5153339595622282	0.0825988126595601	0.9341999551879122	-2.8512451741874925	3.1015747458725924	Blindtarm	Yes	invsimpson	metaphlan	Blindtarm	No	positive
BlindtarmUnknown	-18.965685241780964	12.471185509348945	-1.5207604142816622	0.12888237013521064	-43.461513721815905	5.530143238253974	Blindtarm	Unknown	invsimpson	metaphlan	Blindtarm	No	positive
BlindtarmYes	-10.752403317988005	7.324066138453822	-1.4680920563420714	0.1426386604161172	-25.138290511270768	3.6334838752947594	Blindtarm	Yes	observed	metaphlan	Blindtarm	No	positive
BlindtarmUnknown	-92.37145952163856	60.27700159361978	-1.5324494762429577	0.1259742587419322	-210.76718791660366	26.024268873326548	Blindtarm	Unknown	observed	metaphlan	Blindtarm	No	positive
BlindtarmYes	-0.0015808612040678512	0.04483656797214566	-0.03525830088177016	0.9718862929527892	-0.08964858161892075	0.08648685921078506	Blindtarm	Yes	shannon	metaphlan	Blindtarm	No	positive
BlindtarmUnknown	-0.5297552314304602	0.36900457041476314	-1.4356332520082677	0.15166305476003372	-1.2545518162020466	0.19504135334112604	Blindtarm	Unknown	shannon	metaphlan	Blindtarm	No	positive
Bowel_disorder_mergedIBS	-14.56907623395505	21.72919051078943	-0.6704840765568745	0.5027034487439945	-57.20891011096177	28.070757643051664	Bowel_disorder_merged	IBS	invsimpson	ko_hum	Bowel_disorder_merged	No bowel disease	all
Bowel_disorder_mergedCeliac disease	9.026396854736289	46.92554602754746	0.19235571280166622	0.847502479772648	-83.05699144308959	101.10978515256217	Bowel_disorder_merged	Celiac disease	invsimpson	ko_hum	Bowel_disorder_merged	No bowel disease	all
Bowel_disorder_mergedIBD	20.927747536983468	34.985376268644075	0.5981855783480634	0.5498510255295471	-47.72509212949337	89.58058720346031	Bowel_disorder_merged	IBD	invsimpson	ko_hum	Bowel_disorder_merged	No bowel disease	all
Bowel_disorder_mergedOther	-17.968647553753357	20.977259017120126	-0.8565774746399729	0.39188283410573355	-59.13294399824374	23.195648890737026	Bowel_disorder_merged	Other	invsimpson	ko_hum	Bowel_disorder_merged	No bowel disease	all
Bowel_disorder_mergedMissing	-15.638508129115161	43.35422335335321	-0.36071475670675596	0.7183885706473288	-100.71378420696595	69.43676794873562	Bowel_disorder_merged	Missing	invsimpson	ko_hum	Bowel_disorder_merged	No bowel disease	all
Bowel_disorder_mergedIBS	39.57724354301313	73.89424293196038	0.5355930580336913	0.5923584460560003	-105.42761715446426	184.58210424049054	Bowel_disorder_merged	IBS	observed	ko_hum	Bowel_disorder_merged	No bowel disease	all
Bowel_disorder_mergedCeliac disease	161.65010684753494	159.5792395557815	1.0129770469988333	0.31131517686946575	-151.49695960663897	474.7971733017089	Bowel_disorder_merged	Celiac disease	observed	ko_hum	Bowel_disorder_merged	No bowel disease	all
Bowel_disorder_mergedIBD	124.92828743649324	118.97442252980206	1.0500432343363533	0.2939509164141744	-108.53874437790361	358.3953192508901	Bowel_disorder_merged	IBD	observed	ko_hum	Bowel_disorder_merged	No bowel disease	all
Bowel_disorder_mergedOther	48.12064483259205	71.33715694968222	0.67455232154169	0.5001155239083679	-91.86637033403487	188.10765999921898	Bowel_disorder_merged	Other	observed	ko_hum	Bowel_disorder_merged	No bowel disease	all
Bowel_disorder_mergedMissing	184.18341582843652	147.4342779133176	1.2492577603745934	0.21186197895482323	-105.13123281798971	473.49806447486276	Bowel_disorder_merged	Missing	observed	ko_hum	Bowel_disorder_merged	No bowel disease	all
Bowel_disorder_mergedIBS	-0.011604277259487827	0.02583029017639447	-0.44925075096882294	0.6533477392577776	-0.06229182043185999	0.039083265912884343	Bowel_disorder_merged	IBS	shannon	ko_hum	Bowel_disorder_merged	No bowel disease	all
Bowel_disorder_mergedCeliac disease	0.06320645265294192	0.05578212727139782	1.133095056511961	0.2574448444415359	-0.04625646723712057	0.1726693725430044	Bowel_disorder_merged	Celiac disease	shannon	ko_hum	Bowel_disorder_merged	No bowel disease	all
Bowel_disorder_mergedIBD	0.013541450691794747	0.04158840710153036	0.32560638013222803	0.7447900299587803	-0.06806871187445705	0.09515161325804654	Bowel_disorder_merged	IBD	shannon	ko_hum	Bowel_disorder_merged	No bowel disease	all
Bowel_disorder_mergedOther	-0.01289755446517158	0.024936441477124992	-0.5172171208551519	0.6051185254449236	-0.06183107187072541	0.03603596294038225	Bowel_disorder_merged	Other	shannon	ko_hum	Bowel_disorder_merged	No bowel disease	all
Bowel_disorder_mergedMissing	0.0011432796600473023	0.05153676429102497	0.02218376872849975	0.9823057730102831	-0.09998883876086666	0.10227539808096127	Bowel_disorder_merged	Missing	shannon	ko_hum	Bowel_disorder_merged	No bowel disease	all
Bowel_disorder_mergedIBS	-3.0724991853516723	1.85639150056129	-1.6550922498959328	0.0982183138858505	-6.715351189217915	0.5703528185145705	Bowel_disorder_merged	IBS	invsimpson	mags	Bowel_disorder_merged	No bowel disease	all
Bowel_disorder_mergedCeliac disease	-4.245109532678815	4.008993559216205	-1.0588965709161111	0.2899015710720298	-12.112076288485426	3.621857223127795	Bowel_disorder_merged	Celiac disease	invsimpson	mags	Bowel_disorder_merged	No bowel disease	all
Bowel_disorder_mergedIBD	-2.639322704023783	2.9889081747799535	-0.8830390730280943	0.37742654201436066	-8.504545708210808	3.225900300163241	Bowel_disorder_merged	IBD	invsimpson	mags	Bowel_disorder_merged	No bowel disease	all
Bowel_disorder_mergedOther	-1.4934310923724063	1.7921516830145232	-0.8333173506052522	0.4048639682368045	-5.010223400313794	2.0233612155689817	Bowel_disorder_merged	Other	invsimpson	mags	Bowel_disorder_merged	No bowel disease	all
Bowel_disorder_mergedMissing	-4.00564020723975	3.7038844915386004	-1.0814700664641408	0.27974775717278866	-11.273882406156789	3.262601991677288	Bowel_disorder_merged	Missing	invsimpson	mags	Bowel_disorder_merged	No bowel disease	all
Bowel_disorder_mergedIBS	-15.362028006629899	6.8396495251940905	-2.2460256114064507	0.02491915507136444	-28.783674771906867	-1.9403812413529327	Bowel_disorder_merged	IBS	observed	mags	Bowel_disorder_merged	No bowel disease	all
Bowel_disorder_mergedCeliac disease	-11.842416153487529	14.770650956712883	-0.8017531649886732	0.42288546917799064	-40.82730184155572	17.142469534580663	Bowel_disorder_merged	Celiac disease	observed	mags	Bowel_disorder_merged	No bowel disease	all
Bowel_disorder_mergedIBD	-13.485399366518289	11.012269972309918	-1.2245794373391674	0.221020965194757	-35.09510277424017	8.124304041203592	Bowel_disorder_merged	IBD	observed	mags	Bowel_disorder_merged	No bowel disease	all
Bowel_disorder_mergedOther	-2.4508535077941906	6.60296570206225	-0.3711746536906493	0.7105857575792882	-15.40804859942481	10.506341583836427	Bowel_disorder_merged	Other	observed	mags	Bowel_disorder_merged	No bowel disease	all
Bowel_disorder_mergedMissing	-12.696686108827187	13.646513570152681	-0.9303977930742008	0.35238881077474526	-39.47564372083296	14.082271503178585	Bowel_disorder_merged	Missing	observed	mags	Bowel_disorder_merged	No bowel disease	all
Bowel_disorder_mergedIBS	-0.09101386444913848	0.05480046728236557	-1.6608227805828608	0.09706126858321004	-0.19855044387864607	0.0165227149803691	Bowel_disorder_merged	IBS	shannon	mags	Bowel_disorder_merged	No bowel disease	all
Bowel_disorder_mergedCeliac disease	-0.12547748525193067	0.11834503676116598	-1.060268251934881	0.28927757172503377	-0.35770945473826377	0.10675448423440245	Bowel_disorder_merged	Celiac disease	shannon	mags	Bowel_disorder_merged	No bowel disease	all
Bowel_disorder_mergedIBD	-0.12629557006854905	0.08823223150531553	-1.4313994774227194	0.1526269566302728	-0.29943629024936586	0.04684515011226775	Bowel_disorder_merged	IBD	shannon	mags	Bowel_disorder_merged	No bowel disease	all
Bowel_disorder_mergedOther	-0.02932915218208873	0.05290411512893655	-0.5543831913757271	0.5794400899056148	-0.13314446363548982	0.07448615927131236	Bowel_disorder_merged	Other	shannon	mags	Bowel_disorder_merged	No bowel disease	all
Bowel_disorder_mergedMissing	-0.11369215919374975	0.1093382515675448	-1.0398205345685017	0.29867362564525757	-0.328249847430112	0.10086552904261248	Bowel_disorder_merged	Missing	shannon	mags	Bowel_disorder_merged	No bowel disease	all
Bowel_disorder_mergedIBS	-2.666926421373247	1.7724876437576893	-1.504623420516117	0.13273542605391783	-6.145131402886346	0.8112785601398511	Bowel_disorder_merged	IBS	invsimpson	metaphlan	Bowel_disorder_merged	No bowel disease	all
Bowel_disorder_mergedCeliac disease	-3.207134194548778	3.827797932422325	-0.8378535782632665	0.40231235105696994	-10.718535407225982	4.304267018128427	Bowel_disorder_merged	Celiac disease	invsimpson	metaphlan	Bowel_disorder_merged	No bowel disease	all
Bowel_disorder_mergedIBD	-1.4774661395271758	2.853817638424867	-0.5177156800890217	0.6047707069348944	-7.077596984589524	4.122664705535172	Bowel_disorder_merged	IBD	invsimpson	metaphlan	Bowel_disorder_merged	No bowel disease	all
Bowel_disorder_mergedOther	-2.047386893359368	1.7111512915903446	-1.1964967115540825	0.23178524660095132	-5.405229735024757	1.3104559483060205	Bowel_disorder_merged	Other	invsimpson	metaphlan	Bowel_disorder_merged	No bowel disease	all
Bowel_disorder_mergedMissing	-4.20774121502142	3.5364789664103236	-1.1898108980674797	0.23440200430083724	-11.147478595591984	2.7319961655491456	Bowel_disorder_merged	Missing	invsimpson	metaphlan	Bowel_disorder_merged	No bowel disease	all
Bowel_disorder_mergedIBS	-16.50210300616854	8.960162906689325	-1.8417190823448848	0.06581106310304649	-34.08489596214369	1.0806899498066116	Bowel_disorder_merged	IBS	observed	metaphlan	Bowel_disorder_merged	No bowel disease	all
Bowel_disorder_mergedCeliac disease	-13.456776040133239	19.35003223812675	-0.6954394635900601	0.48694086418770266	-51.42791719878626	24.51436511851978	Bowel_disorder_merged	Celiac disease	observed	metaphlan	Bowel_disorder_merged	No bowel disease	all
Bowel_disorder_mergedIBD	-13.236675260031664	14.426431144005141	-0.9175294380087984	0.35908562463301297	-41.546088218283046	15.072737698219719	Bowel_disorder_merged	IBD	observed	metaphlan	Bowel_disorder_merged	No bowel disease	all
Bowel_disorder_mergedOther	-5.920660523600387	8.650099415156966	-0.6844615581210577	0.4938417185117441	-22.895006710069804	11.053685662869032	Bowel_disorder_merged	Other	observed	metaphlan	Bowel_disorder_merged	No bowel disease	all
Bowel_disorder_mergedMissing	-18.79244823817511	17.87737576998797	-1.0511860622028952	0.2934260840568014	-53.8737520083549	16.288855532004686	Bowel_disorder_merged	Missing	observed	metaphlan	Bowel_disorder_merged	No bowel disease	all
Bowel_disorder_mergedIBS	-0.08084704886474482	0.055170679811534985	-1.465398815836985	0.1431252231174679	-0.18911010730115013	0.027416009571660502	Bowel_disorder_merged	IBS	shannon	metaphlan	Bowel_disorder_merged	No bowel disease	all
Bowel_disorder_mergedCeliac disease	-0.10875734211501872	0.1191445338739962	-0.9128185622853443	0.36155710975375954	-0.34255818845662633	0.12504350422658891	Bowel_disorder_merged	Celiac disease	shannon	metaphlan	Bowel_disorder_merged	No bowel disease	all
Bowel_disorder_mergedIBD	-0.10665678233764024	0.08882829718138971	-1.2007072714660318	0.23014797577048143	-0.2809671798423762	0.06765361516709568	Bowel_disorder_merged	IBD	shannon	metaphlan	Bowel_disorder_merged	No bowel disease	all
Bowel_disorder_mergedOther	-0.05305983958939971	0.05326151657524969	-0.9962134576929471	0.31938647473259146	-0.15757649048251104	0.051456811303711644	Bowel_disorder_merged	Other	shannon	metaphlan	Bowel_disorder_merged	No bowel disease	all
Bowel_disorder_mergedMissing	-0.15556665449738122	0.11007690203268067	-1.413254294267794	0.157890914440652	-0.3715738184107563	0.06044050941599388	Bowel_disorder_merged	Missing	shannon	metaphlan	Bowel_disorder_merged	No bowel disease	all
Bowel_disorder_mergedIBS	14.895423351598229	31.428031825030907	0.4739534258627912	0.6357714624189144	-46.874646654677974	76.66549335787442	Bowel_disorder_merged	IBS	invsimpson	ko_hum	Bowel_disorder_merged	No bowel disease	negative
Bowel_disorder_mergedCeliac disease	74.960486962538	73.2937953387485	1.0227398733560789	0.30700058610443165	-69.09444127176363	219.01541519683963	Bowel_disorder_merged	Celiac disease	invsimpson	ko_hum	Bowel_disorder_merged	No bowel disease	negative
Bowel_disorder_mergedIBD	19.431514072168902	40.260365161572054	0.4826462451144384	0.629590285002382	-59.69802188966836	98.56105003400617	Bowel_disorder_merged	IBD	invsimpson	ko_hum	Bowel_disorder_merged	No bowel disease	negative
Bowel_disorder_mergedOther	-66.02672476459479	33.21452210792572	-1.9878872425155067	0.0474520453286128	-131.30804327839144	-0.7454062507981547	Bowel_disorder_merged	Other	invsimpson	ko_hum	Bowel_disorder_merged	No bowel disease	negative
Bowel_disorder_mergedMissing	-37.31583164176904	54.93978902788062	-0.6792132314674916	0.4973648264477425	-145.29696877678253	70.66530549324446	Bowel_disorder_merged	Missing	invsimpson	ko_hum	Bowel_disorder_merged	No bowel disease	negative
Bowel_disorder_mergedIBS	103.53316315168192	106.49741874954306	0.9721659394878633	0.3315095058594224	-105.78166280594124	312.8479891093051	Bowel_disorder_merged	IBS	observed	ko_hum	Bowel_disorder_merged	No bowel disease	negative
Bowel_disorder_mergedCeliac disease	184.5385207328145	248.36426465997224	0.7430155903686887	0.45787423644289504	-303.60779719489767	672.6848386605267	Bowel_disorder_merged	Celiac disease	observed	ko_hum	Bowel_disorder_merged	No bowel disease	negative
Bowel_disorder_mergedIBD	12.943784545097865	136.4267731269945	0.0948771582616631	0.92445618852107	-255.19554322766578	281.0831123178615	Bowel_disorder_merged	IBD	observed	ko_hum	Bowel_disorder_merged	No bowel disease	negative
Bowel_disorder_mergedOther	112.45180224664328	112.55114189735751	0.9991173821159023	0.3182945548502101	-108.76128398769528	333.66488848098186	Bowel_disorder_merged	Other	observed	ko_hum	Bowel_disorder_merged	No bowel disease	negative
Bowel_disorder_mergedMissing	7.294246832958939	186.1696510518918	0.03918064406172081	0.968764382034184	-358.6119748019703	373.2004684678882	Bowel_disorder_merged	Missing	observed	ko_hum	Bowel_disorder_merged	No bowel disease	negative
Bowel_disorder_mergedIBS	0.03587458572413856	0.03761959287982176	0.9536144061617643	0.34080967685517405	-0.03806465739268409	0.10981382884096122	Bowel_disorder_merged	IBS	shannon	ko_hum	Bowel_disorder_merged	No bowel disease	negative
Bowel_disorder_mergedCeliac disease	0.12965503526483735	0.08773322989525081	1.477832691440166	0.1401778851423412	-0.042779808338387154	0.3020898788680618	Bowel_disorder_merged	Celiac disease	shannon	ko_hum	Bowel_disorder_merged	No bowel disease	negative
Bowel_disorder_mergedIBD	-0.012513082546523622	0.04819196299034582	-0.25965081665236045	0.7952562583488252	-0.10723173830665426	0.08220557321360701	Bowel_disorder_merged	IBD	shannon	ko_hum	Bowel_disorder_merged	No bowel disease	negative
Bowel_disorder_mergedOther	-0.047099337649226164	0.03975803532192	-1.1846495247530162	0.2368043722047531	-0.1252415719074666	0.031042896609014256	Bowel_disorder_merged	Other	shannon	ko_hum	Bowel_disorder_merged	No bowel disease	negative
Bowel_disorder_mergedMissing	-0.027313316547954377	0.06576334489027885	-0.4153273619753462	0.6781075270544502	-0.15656755812232048	0.10194092502641172	Bowel_disorder_merged	Missing	shannon	ko_hum	Bowel_disorder_merged	No bowel disease	negative
Bowel_disorder_mergedIBS	-2.803220956196495	2.616129525564387	-1.0715145900858047	0.2845336043774381	-7.945079817714286	2.3386379053212965	Bowel_disorder_merged	IBS	invsimpson	mags	Bowel_disorder_merged	No bowel disease	negative
Bowel_disorder_mergedCeliac disease	-10.257290457771692	6.101115815774913	-1.6812154968851214	0.0934404989525707	-22.248698419776474	1.7341175042330903	Bowel_disorder_merged	Celiac disease	invsimpson	mags	Bowel_disorder_merged	No bowel disease	negative
Bowel_disorder_mergedIBD	-2.3607893988947413	3.3513498584822337	-0.7044294086216055	0.4815432123762592	-8.94768343433655	4.226104636547067	Bowel_disorder_merged	IBD	invsimpson	mags	Bowel_disorder_merged	No bowel disease	negative
Bowel_disorder_mergedOther	0.2906427941656657	2.76484039623662	0.10512100248581291	0.916328359428195	-5.143499114004827	5.724784702336159	Bowel_disorder_merged	Other	invsimpson	mags	Bowel_disorder_merged	No bowel disease	negative
Bowel_disorder_mergedMissing	0.42680048793524644	4.573293199023783	0.09332454084211164	0.9256888024186574	-8.561756054060304	9.415357029930796	Bowel_disorder_merged	Missing	invsimpson	mags	Bowel_disorder_merged	No bowel disease	negative
Bowel_disorder_mergedIBS	-16.287441131529352	9.9502056081539	-1.6368949319180175	0.10237729336083667	-35.844023624964066	3.2691413619053584	Bowel_disorder_merged	IBS	observed	mags	Bowel_disorder_merged	No bowel disease	negative
Bowel_disorder_mergedCeliac disease	-3.6668961605472243	23.205027202551594	-0.15802162731979116	0.8745132534812584	-49.2751023243688	41.94131000327435	Bowel_disorder_merged	Celiac disease	observed	mags	Bowel_disorder_merged	No bowel disease	negative
Bowel_disorder_mergedIBD	-12.268799641154423	12.746547841342725	-0.9625194047725807	0.3363247270788361	-37.32143917268877	12.78383989037992	Bowel_disorder_merged	IBD	observed	mags	Bowel_disorder_merged	No bowel disease	negative
Bowel_disorder_mergedOther	2.448023671091331	10.515813589294313	0.23279450993535644	0.8160307212893005	-18.220230236756475	23.116277578939137	Bowel_disorder_merged	Other	observed	mags	Bowel_disorder_merged	No bowel disease	negative
Bowel_disorder_mergedMissing	-14.582652754141842	17.394095816735806	-0.8383679673714961	0.402285562740196	-48.76979251132866	19.60448700304498	Bowel_disorder_merged	Missing	observed	mags	Bowel_disorder_merged	No bowel disease	negative
Bowel_disorder_mergedIBS	-0.10586601497435731	0.08097423514203136	-1.3074037042605586	0.19176782954051338	-0.26501642570559086	0.05328439575687623	Bowel_disorder_merged	IBS	shannon	mags	Bowel_disorder_merged	No bowel disease	negative
Bowel_disorder_mergedCeliac disease	-0.1950821218468247	0.18884125646980143	-1.033048209346252	0.3021566437106448	-0.5662392371620254	0.176074993468376	Bowel_disorder_merged	Celiac disease	shannon	mags	Bowel_disorder_merged	No bowel disease	negative
Bowel_disorder_mergedIBD	-0.10538469649121775	0.10373071701234277	-1.015944934408177	0.31022163345702436	-0.3092617221772619	0.09849232919482638	Bowel_disorder_merged	IBD	shannon	mags	Bowel_disorder_merged	No bowel disease	negative
Bowel_disorder_mergedOther	0.014539060365254118	0.08557712230504054	0.16989424245219986	0.8651724737907039	-0.15365807221839967	0.18273619294890792	Bowel_disorder_merged	Other	shannon	mags	Bowel_disorder_merged	No bowel disease	negative
Bowel_disorder_mergedMissing	-0.033129981379590744	0.14155221110136526	-0.23404778436040416	0.8150582469187257	-0.31134307591739735	0.24508311315821588	Bowel_disorder_merged	Missing	shannon	mags	Bowel_disorder_merged	No bowel disease	negative
Bowel_disorder_mergedIBS	-2.1631148950055468	2.494778698946604	-0.8670568238853815	0.3863899975190882	-7.066465373394813	2.740235583383719	Bowel_disorder_merged	IBS	invsimpson	metaphlan	Bowel_disorder_merged	No bowel disease	negative
Bowel_disorder_mergedCeliac disease	-8.004321118024667	5.818111690673197	-1.375759274414773	0.1696057394510209	-19.439500019395908	3.4308577833465748	Bowel_disorder_merged	Celiac disease	invsimpson	metaphlan	Bowel_disorder_merged	No bowel disease	negative
Bowel_disorder_mergedIBD	-1.326865152666979	3.195895370606878	-0.415177907534256	0.6782168411495207	-7.60822193231402	4.954491626980062	Bowel_disorder_merged	IBD	invsimpson	metaphlan	Bowel_disorder_merged	No bowel disease	negative
Bowel_disorder_mergedOther	0.24092372613291563	2.6365915216029485	0.09137696308241296	0.9272352257951763	-4.941152064488384	5.422999516754216	Bowel_disorder_merged	Other	invsimpson	metaphlan	Bowel_disorder_merged	No bowel disease	negative
Bowel_disorder_mergedMissing	0.10279679924935983	4.361158094609449	0.02357098665522363	0.981205648374148	-8.468819848978304	8.674413447477024	Bowel_disorder_merged	Missing	invsimpson	metaphlan	Bowel_disorder_merged	No bowel disease	negative
Bowel_disorder_mergedIBS	-15.377481893439471	13.208473767122149	-1.1642133803313677	0.24497713348575237	-41.338011455503306	10.583047668624362	Bowel_disorder_merged	IBS	observed	metaphlan	Bowel_disorder_merged	No bowel disease	negative
Bowel_disorder_mergedCeliac disease	1.5960711108176795	30.803684380058282	0.05181429244389173	0.9587005065437701	-58.9468782918233	62.13902051345867	Bowel_disorder_merged	Celiac disease	observed	metaphlan	Bowel_disorder_merged	No bowel disease	negative
Bowel_disorder_mergedIBD	-11.258651109112403	16.92049887348808	-0.665385293500598	0.5061575393103225	-44.514962092100546	21.997659873875737	Bowel_disorder_merged	IBD	observed	metaphlan	Bowel_disorder_merged	No bowel disease	negative
Bowel_disorder_mergedOther	2.5278148443112034	13.959294250192967	0.1810847166772962	0.8563856154628561	-24.90841112978479	29.96404081840719	Bowel_disorder_merged	Other	observed	metaphlan	Bowel_disorder_merged	No bowel disease	negative
Bowel_disorder_mergedMissing	-24.184778655772597	23.089920685648053	-1.0474171386307565	0.2954901915153206	-69.56674928416854	21.197191972623337	Bowel_disorder_merged	Missing	observed	metaphlan	Bowel_disorder_merged	No bowel disease	negative
Bowel_disorder_mergedIBS	-0.09037326099127414	0.08199219729018	-1.102217820452263	0.2709778381931922	-0.2515244204014243	0.07077789841887601	Bowel_disorder_merged	IBS	shannon	metaphlan	Bowel_disorder_merged	No bowel disease	negative
Bowel_disorder_mergedCeliac disease	-0.15837070206328635	0.1912152616179563	-0.8282325412900743	0.40799403588431915	-0.5341937940776703	0.2174523899510976	Bowel_disorder_merged	Celiac disease	shannon	metaphlan	Bowel_disorder_merged	No bowel disease	negative
Bowel_disorder_mergedIBD	-0.08809634892520264	0.10503476074098889	-0.8387351797034543	0.40207964772297866	-0.2945364009203127	0.1183437030699074	Bowel_disorder_merged	IBD	shannon	metaphlan	Bowel_disorder_merged	No bowel disease	negative
Bowel_disorder_mergedOther	0.015777176291217422	0.08665294933942026	0.182073159788458	0.855610322597214	-0.15453443522634636	0.1860887878087812	Bowel_disorder_merged	Other	shannon	metaphlan	Bowel_disorder_merged	No bowel disease	negative
Bowel_disorder_mergedMissing	-0.054064375606524454	0.14333172519785764	-0.3771975501717644	0.7062111727910783	-0.33577500734072474	0.22764625612767586	Bowel_disorder_merged	Missing	shannon	metaphlan	Bowel_disorder_merged	No bowel disease	negative
Bowel_disorder_mergedIBS	-50.55051610901398	30.363416426397702	-1.6648494161238647	0.09650314311222219	-110.19084901818135	9.089816800153407	Bowel_disorder_merged	IBS	invsimpson	ko_hum	Bowel_disorder_merged	No bowel disease	positive
Bowel_disorder_mergedCeliac disease	-40.9408171307768	60.640052006936486	-0.6751448222058528	0.49986291641582636	-160.05102655301692	78.16939229146331	Bowel_disorder_merged	Celiac disease	invsimpson	ko_hum	Bowel_disorder_merged	No bowel disease	positive
Bowel_disorder_mergedIBD	14.570692643920419	85.64393642146777	0.17013104783292146	0.8649686312189431	-153.65256682391723	182.79395211175805	Bowel_disorder_merged	IBD	invsimpson	ko_hum	Bowel_disorder_merged	No bowel disease	positive
Bowel_disorder_mergedOther	24.642277417107707	26.848945260928247	0.91781174931174	0.35911325021426266	-28.094872155745797	77.37942698996122	Bowel_disorder_merged	Other	invsimpson	ko_hum	Bowel_disorder_merged	No bowel disease	positive
Bowel_disorder_mergedMissing	25.535821614802785	74.85616598200045	0.3411318397063377	0.7331325133980938	-121.49791782925547	172.56956105886104	Bowel_disorder_merged	Missing	invsimpson	ko_hum	Bowel_disorder_merged	No bowel disease	positive
Bowel_disorder_mergedIBS	-61.32531084907312	103.29790788758764	-0.5936742776611647	0.5529701346858434	-264.22479780799625	141.57417610985004	Bowel_disorder_merged	IBS	observed	ko_hum	Bowel_disorder_merged	No bowel disease	positive
Bowel_disorder_mergedCeliac disease	127.76833684037655	206.3005828640939	0.6193309542152259	0.535950684720377	-277.4507356310921	532.9874093118451	Bowel_disorder_merged	Celiac disease	observed	ko_hum	Bowel_disorder_merged	No bowel disease	positive
Bowel_disorder_mergedIBD	489.6613985124836	291.36508656857933	1.6805767783616405	0.0934037990824974	-82.64280194471297	1061.96559896968	Bowel_disorder_merged	IBD	observed	ko_hum	Bowel_disorder_merged	No bowel disease	positive
Bowel_disorder_mergedOther	8.795055551461298	91.34149581504415	0.09628762341784129	0.923326649740066	-170.61944584484473	188.20955694776734	Bowel_disorder_merged	Other	observed	ko_hum	Bowel_disorder_merged	No bowel disease	positive
Bowel_disorder_mergedMissing	534.6538710425921	254.66453543429634	2.0994437648367934	0.036225555077165	34.43751000571865	1034.8702320794655	Bowel_disorder_merged	Missing	observed	ko_hum	Bowel_disorder_merged	No bowel disease	positive
Bowel_disorder_mergedIBS	-0.06991963484474017	0.03596512839483461	-1.944095237952277	0.05238530336402195	-0.1405629445588626	7.236748693822265e-4	Bowel_disorder_merged	IBS	shannon	ko_hum	Bowel_disorder_merged	No bowel disease	positive
Bowel_disorder_mergedCeliac disease	0.007963980615444686	0.07182746584481312	0.11087653617978489	0.9117540489438096	-0.13312073511114897	0.14904869634203832	Bowel_disorder_merged	Celiac disease	shannon	ko_hum	Bowel_disorder_merged	No bowel disease	positive
Bowel_disorder_mergedIBD	0.13132946845165358	0.10144428829686122	1.294596971959012	0.19599379593456637	-0.06792910775054173	0.3305880446538489	Bowel_disorder_merged	IBD	shannon	ko_hum	Bowel_disorder_merged	No bowel disease	positive
Bowel_disorder_mergedOther	0.018811501089517207	0.03180227646371386	0.5915142933550992	0.5544150047263834	-0.04365506489007063	0.08127806706910504	Bowel_disorder_merged	Other	shannon	ko_hum	Bowel_disorder_merged	No bowel disease	positive
Bowel_disorder_mergedMissing	0.05993748260425344	0.08866629442749764	0.675989483842299	0.4993268880498708	-0.11422234326042732	0.2340973084689342	Bowel_disorder_merged	Missing	shannon	ko_hum	Bowel_disorder_merged	No bowel disease	positive
Bowel_disorder_mergedIBS	-3.1572920246761664	2.6746323252966957	-1.1804583362036236	0.23832002465633415	-8.410849794665236	2.096265745312903	Bowel_disorder_merged	IBS	invsimpson	mags	Bowel_disorder_merged	No bowel disease	positive
Bowel_disorder_mergedCeliac disease	0.8573855573055342	5.341620357464734	0.16051038822093877	0.872537025363723	-9.634714933619957	11.349486048231025	Bowel_disorder_merged	Celiac disease	invsimpson	mags	Bowel_disorder_merged	No bowel disease	positive
Bowel_disorder_mergedIBD	-1.431616920428276	7.54414581026411	-0.18976527713455701	0.8495619520846482	-16.249954926960434	13.386721086103881	Bowel_disorder_merged	IBD	invsimpson	mags	Bowel_disorder_merged	No bowel disease	positive
Bowel_disorder_mergedOther	-2.8789408019142813	2.3650519390356965	-1.217284387880341	0.2240096618590484	-7.524415573617867	1.7665339697893052	Bowel_disorder_merged	Other	invsimpson	mags	Bowel_disorder_merged	No bowel disease	positive
Bowel_disorder_mergedMissing	-13.103098023123303	6.593879900457116	-1.9871605520468973	0.04739221747054801	-26.054907757038222	-0.15128828920838444	Bowel_disorder_merged	Missing	invsimpson	mags	Bowel_disorder_merged	No bowel disease	positive
Bowel_disorder_mergedIBS	-15.497205457756332	9.610288625548153	-1.6125639990206226	0.10740364861957932	-34.3738959108957	3.3794849953830326	Bowel_disorder_merged	IBS	observed	mags	Bowel_disorder_merged	No bowel disease	positive
Bowel_disorder_mergedCeliac disease	-17.234464408996008	19.193110349343172	-0.8979505716011166	0.3695984872565856	-54.93389436517295	20.464965547180935	Bowel_disorder_merged	Celiac disease	observed	mags	Bowel_disorder_merged	No bowel disease	positive
Bowel_disorder_mergedIBD	-11.137704402368815	27.10705990656693	-0.4108783630817374	0.6813191845190583	-64.38184710071393	42.106438295976304	Bowel_disorder_merged	IBD	observed	mags	Bowel_disorder_merged	No bowel disease	positive
Bowel_disorder_mergedOther	-6.15962350886901	8.497927559454013	-0.7248383168454265	0.46885451174612036	-22.85139565883041	10.532148641092387	Bowel_disorder_merged	Other	observed	mags	Bowel_disorder_merged	No bowel disease	positive
Bowel_disorder_mergedMissing	-1.8541407991951715	23.692635584430885	-0.078258106515325	0.9376507454747827	-48.39161385254239	44.68333225415205	Bowel_disorder_merged	Missing	observed	mags	Bowel_disorder_merged	No bowel disease	positive
Bowel_disorder_mergedIBS	-0.06973059059301791	0.07571593911738154	-0.9209499532841477	0.3574738258761334	-0.21845311088111535	0.07899192969507955	Bowel_disorder_merged	IBS	shannon	mags	Bowel_disorder_merged	No bowel disease	positive
Bowel_disorder_mergedCeliac disease	-0.06725836328593224	0.1512154765904509	-0.4447849175391848	0.6566473584780026	-0.3642783441149754	0.2297616175431109	Bowel_disorder_merged	Celiac disease	shannon	mags	Bowel_disorder_merged	No bowel disease	positive
Bowel_disorder_mergedIBD	-0.12743906324426427	0.2135665823896906	-0.5967181841760656	0.5509371338246666	-0.5469301341146907	0.29205200762616224	Bowel_disorder_merged	IBD	shannon	mags	Bowel_disorder_merged	No bowel disease	positive
Bowel_disorder_mergedOther	-0.06340101728881449	0.06695205428118334	-0.9469614931088551	0.3440675644580198	-0.19490936767361838	0.06810733309598942	Bowel_disorder_merged	Other	shannon	mags	Bowel_disorder_merged	No bowel disease	positive
Bowel_disorder_mergedMissing	-0.23654937196550854	0.18666558553424875	-1.267236117940483	0.20559854239496694	-0.603201052646227	0.13010230871520997	Bowel_disorder_merged	Missing	shannon	mags	Bowel_disorder_merged	No bowel disease	positive
Bowel_disorder_mergedIBS	-2.951072485529833	2.5550608269026513	-1.1549910884537504	0.24858755063112897	-7.9697659085520405	2.067620937492374	Bowel_disorder_merged	IBS	invsimpson	metaphlan	Bowel_disorder_merged	No bowel disease	positive
Bowel_disorder_mergedCeliac disease	0.8966615075564728	5.102819104689426	0.17571885053351238	0.8605784591406986	-9.126381548769412	10.919704563882359	Bowel_disorder_merged	Celiac disease	invsimpson	metaphlan	Bowel_disorder_merged	No bowel disease	positive
Bowel_disorder_mergedIBD	1.0363740203717458	7.206878960497624	0.1438034447438792	0.8857075074458512	-13.119498770888658	15.192246811632149	Bowel_disorder_merged	IBD	invsimpson	metaphlan	Bowel_disorder_merged	No bowel disease	positive
Bowel_disorder_mergedOther	-3.7604518573557026	2.259320470281812	-1.6644172027913553	0.09658946895410454	-8.1982471009422	0.6773433862307954	Bowel_disorder_merged	Other	invsimpson	metaphlan	Bowel_disorder_merged	No bowel disease	positive
Bowel_disorder_mergedMissing	-12.803800052658993	6.299095420186332	-2.0326410696411146	0.04256090678278082	-25.176589155531858	-0.43101094978612764	Bowel_disorder_merged	Missing	invsimpson	metaphlan	Bowel_disorder_merged	No bowel disease	positive
Bowel_disorder_mergedIBS	-19.615775794097576	12.408349789578232	-1.580852903628882	0.11447730012527316	-43.98846501692363	4.756913428728474	Bowel_disorder_merged	IBS	observed	metaphlan	Bowel_disorder_merged	No bowel disease	positive
Bowel_disorder_mergedCeliac disease	-23.803527897112673	24.781235615703498	-0.9605464499933464	0.3371955507066451	-72.47924742965331	24.872191635427967	Bowel_disorder_merged	Celiac disease	observed	metaphlan	Bowel_disorder_merged	No bowel disease	positive
Bowel_disorder_mergedIBD	-11.046797040737529	34.99935269306745	-0.31562860998071085	0.7524022206377781	-79.79311388817773	57.69951980670267	Bowel_disorder_merged	IBD	observed	metaphlan	Bowel_disorder_merged	No bowel disease	positive
Bowel_disorder_mergedOther	-12.394507062920166	10.972121832416645	-1.1296362957163988	0.25911400652702155	-33.94613319140678	9.157119065566448	Bowel_disorder_merged	Other	observed	metaphlan	Bowel_disorder_merged	No bowel disease	positive
Bowel_disorder_mergedMissing	2.7853118672675716	30.590809623249815	0.09105060969522892	0.9274849938987615	-57.3016705813024	62.87229431583755	Bowel_disorder_merged	Missing	observed	metaphlan	Bowel_disorder_merged	No bowel disease	positive
Bowel_disorder_mergedIBS	-0.06284356430177067	0.07570089930172563	-0.83015611282623325	0.40680491456108614	-0.2115365431311596	0.08584941452761825	Bowel_disorder_merged	IBS	shannon	metaphlan	Bowel_disorder_merged	No bowel disease	positive
Bowel_disorder_mergedCeliac disease	-0.06616269428400391	0.15118543994402278	-0.4376260988392864	0.6618263812696052	-0.36312367662726097	0.23079828805925318	Bowel_disorder_merged	Celiac disease	shannon	metaphlan	Bowel_disorder_merged	No bowel disease	positive
Bowel_disorder_mergedIBD	-0.07988229091285445	0.2135241606477582	-0.374113592909202	0.708461666360853	-0.4992900362847301	0.33952545445902127	Bowel_disorder_merged	IBD	shannon	metaphlan	Bowel_disorder_merged	No bowel disease	positive
Bowel_disorder_mergedOther	-0.10542248672301888	0.06693875527748727	-1.5749095764628653	0.1158430725221362	-0.23690471498122626	0.026059741535188502	Bowel_disorder_merged	Other	shannon	metaphlan	Bowel_disorder_merged	No bowel disease	positive
Bowel_disorder_mergedMissing	-0.3242165980727576	0.1866285072647527	-1.7372297663658711	0.08289742131513039	-0.6907954489933007	0.0423622528477855	Bowel_disorder_merged	Missing	shannon	metaphlan	Bowel_disorder_merged	No bowel disease	positive
bowel_disorder_merged_2Missing	-15.5311213902829	43.3132498936741	-0.3585766810019772	0.7199869535887284	-100.52568842258107	69.46344564201526	bowel_disorder_merged_2	Missing	invsimpson	ko_hum	bowel_disorder_merged_2	No	all
bowel_disorder_merged_2Yes	-9.170926378746485	14.018516896682028	-0.6542009005900692	0.513131754124208	-36.679778219542285	18.337925462049313	bowel_disorder_merged_2	Yes	invsimpson	ko_hum	bowel_disorder_merged_2	No	all
bowel_disorder_merged_2Missing	184.73196020401747	147.2692650737228	1.2543823051710137	0.20999415901635937	-104.257839749413	473.72176015744793	bowel_disorder_merged_2	Missing	observed	ko_hum	bowel_disorder_merged_2	No	all
bowel_disorder_merged_2Yes	64.49355981720555	47.66432179219707	1.3530783066289958	0.17633429711067175	-29.039213723474973	158.02633335788607	bowel_disorder_merged_2	Yes	observed	ko_hum	bowel_disorder_merged_2	No	all
bowel_disorder_merged_2Missing	0.0015922065106554616	0.05150610558036171	0.030912966389416548	0.9753450747251802	-0.0994793859943911	0.10266379901570202	bowel_disorder_merged_2	Missing	shannon	ko_hum	bowel_disorder_merged_2	No	all
bowel_disorder_merged_2Yes	-0.002752393706280551	0.01667016936233277	-0.16510892279833383	0.8688913880985686	-0.03546464297837894	0.029959855565817834	bowel_disorder_merged_2	Yes	shannon	ko_hum	bowel_disorder_merged_2	No	all
bowel_disorder_merged_2Missing	-4.02745619229155	3.699389984539661	-1.0886811634142195	0.27655498610147355	-11.28685258465256	3.2319402000694613	bowel_disorder_merged_2	Missing	invsimpson	mags	bowel_disorder_merged_2	No	all
bowel_disorder_merged_2Yes	-2.463302645090934	1.1973232471124189	-2.0573413662782163	0.039910462111825744	-4.812837053980633	-0.11376823620123533	bowel_disorder_merged_2	Yes	invsimpson	mags	bowel_disorder_merged_2	No	all
bowel_disorder_merged_2Missing	-12.7852686816961	13.640416866628462	-0.9373077675489159	0.34882500724491883	-39.55216630690681	13.98162894351461	bowel_disorder_merged_2	Missing	observed	mags	bowel_disorder_merged_2	No	all
bowel_disorder_merged_2Yes	-9.579638891469646	4.41477872918848	-2.1699023844917735	0.030247475033026466	-18.242858750332672	-0.9164190326066173	bowel_disorder_merged_2	Yes	observed	mags	bowel_disorder_merged_2	No	all
bowel_disorder_merged_2Missing	-0.11435772206061005	0.10924864071947431	-1.0467656284553206	0.29545886934276216	-0.3287387934328363	0.1000233493116162	bowel_disorder_merged_2	Missing	shannon	mags	bowel_disorder_merged_2	No	all
bowel_disorder_merged_2Yes	-0.07356016644392073	0.03535878558235758	-2.0803928990316876	0.037741879125319046	-0.14294550877537376	-0.004174824112467682	bowel_disorder_merged_2	Yes	shannon	mags	bowel_disorder_merged_2	No	all
bowel_disorder_merged_2Missing	-4.219015871916311	3.5314481860757962	-1.194698505998626	0.23248615425937857	-11.148856285861896	2.7108245420292727	bowel_disorder_merged_2	Missing	invsimpson	metaphlan	bowel_disorder_merged_2	No	all
bowel_disorder_merged_2Yes	-2.2928828009592532	1.1429681722749454	-2.006077558918842	0.04511503592903876	-4.535755020722988	-0.05001058119551871	bowel_disorder_merged_2	Yes	invsimpson	metaphlan	bowel_disorder_merged_2	No	all
bowel_disorder_merged_2Missing	-18.867696383317604	17.85724453317125	-1.05658498142137	0.2909544446248579	-53.909370033126876	16.173977266491665	bowel_disorder_merged_2	Missing	observed	metaphlan	bowel_disorder_merged_2	No	all
bowel_disorder_merged_2Yes	-11.510961421806025	5.7795728750662265	-1.9916629949361309	0.046677801329782484	-22.852347610876386	-0.16957523273566544	bowel_disorder_merged_2	Yes	observed	metaphlan	bowel_disorder_merged_2	No	all
bowel_disorder_merged_2Missing	-0.1559266604005761	0.10993107730066495	-1.4184038238260122	0.15638229500697648	-0.37164689246583943	0.05979357166468724	bowel_disorder_merged_2	Missing	shannon	metaphlan	bowel_disorder_merged_2	No	all
bowel_disorder_merged_2Yes	-0.07533472997945041	0.03557965907413711	-2.1173539021966428	0.034474451144805886	-0.14515349734478564	-0.0055159626141151885	bowel_disorder_merged_2	Yes	shannon	metaphlan	bowel_disorder_merged_2	No	all
bowel_disorder_merged_2Missing	-36.13020804229156	55.1024683972542	-0.6556912801404002	0.5123678247894367	-144.4290035171904	72.1685874326073	bowel_disorder_merged_2	Missing	invsimpson	ko_hum	bowel_disorder_merged_2	No	negative
bowel_disorder_merged_2Yes	-7.200940315296268	20.589061369300076	-0.349745925087845	0.7266978727095308	-47.66683251777846	33.264951887185916	bowel_disorder_merged_2	Yes	invsimpson	ko_hum	bowel_disorder_merged_2	No	negative
bowel_disorder_merged_2Missing	7.419251614485059	185.6337679058166	0.03996714443812454	0.9681375728345591	-357.4267171492059	372.265220378176	bowel_disorder_merged_2	Missing	observed	ko_hum	bowel_disorder_merged_2	No	negative
bowel_disorder_merged_2Yes	91.65080657784907	69.36213840862563	1.3213376732694808	0.1870801824404356	-44.67404890887343	227.97566206457157	bowel_disorder_merged_2	Yes	observed	ko_hum	bowel_disorder_merged_2	No	negative
bowel_disorder_merged_2Missing	-0.025974020173029348	0.06588995218532269	-0.39420305086843255	0.6936234267949686	-0.15547461539363674	0.10352657504757803	bowel_disorder_merged_2	Missing	shannon	ko_hum	bowel_disorder_merged_2	No	negative
bowel_disorder_merged_2Yes	0.003521065325072895	0.0246198093955344	0.14301757046549493	0.8863422240649306	-0.044866888607147624	0.051909019257293416	bowel_disorder_merged_2	Yes	shannon	ko_hum	bowel_disorder_merged_2	No	negative
bowel_disorder_merged_2Missing	0.37339761094933915	4.571400162198192	0.0816812350047667	0.9349375976272896	-8.611265791615972	9.358061013514652	bowel_disorder_merged_2	Missing	invsimpson	mags	bowel_disorder_merged_2	No	negative
bowel_disorder_merged_2Yes	-2.158473138730092	1.7081056660579115	-1.263664878362924	0.20702402726012112	-5.51559654097571	1.1986502635155256	bowel_disorder_merged_2	Yes	invsimpson	mags	bowel_disorder_merged_2	No	negative
bowel_disorder_merged_2Missing	-14.827888676670392	17.372574679490647	-0.8535228053545565	0.39383704251779483	-48.972074351305565	19.316296997964784	bowel_disorder_merged_2	Missing	observed	mags	bowel_disorder_merged_2	No	negative
bowel_disorder_merged_2Yes	-8.310106888507113	6.491270112258805	-1.280197364274431	0.20115486119738588	-21.06809677004336	4.447882993029138	bowel_disorder_merged_2	Yes	observed	mags	bowel_disorder_merged_2	No	negative
bowel_disorder_merged_2Missing	-0.03490463160287773	0.14135358037874046	-0.2469313582956642	0.8050773074844614	-0.3127219950777365	0.24291273187198106	bowel_disorder_merged_2	Missing	shannon	mags	bowel_disorder_merged_2	No	negative
bowel_disorder_merged_2Yes	-0.07136962278695846	0.052816827010479316	-1.351266761496258	0.17730911849481634	-0.1751762019188299	0.032436956344912976	bowel_disorder_merged_2	Yes	shannon	mags	bowel_disorder_merged_2	No	negative
bowel_disorder_merged_2Missing	0.06049977690900862	4.354937343731249	0.013892226715062968	0.9889223032938166	-8.49872601483886	8.619725568656877	bowel_disorder_merged_2	Missing	invsimpson	metaphlan	bowel_disorder_merged_2	No	negative
bowel_disorder_merged_2Yes	-1.5557640753369093	1.627224239449995	-0.9560846241220944	0.33955807892406076	-4.7539225285936855	1.6423943779198666	bowel_disorder_merged_2	Yes	invsimpson	metaphlan	bowel_disorder_merged_2	No	negative
bowel_disorder_merged_2Missing	-24.412746054414313	23.03786779903561	-1.059679058295328	0.2898759757602811	-69.69154037190884	20.866048263080224	bowel_disorder_merged_2	Missing	observed	metaphlan	bowel_disorder_merged_2	No	negative
bowel_disorder_merged_2Yes	-7.370672375411409	8.60810935932232	-0.8562475298282771	0.39233013553259544	-24.289113636697362	9.547768885874543	bowel_disorder_merged_2	Yes	observed	metaphlan	bowel_disorder_merged_2	No	negative
bowel_disorder_merged_2Missing	-0.055616896992323514	0.14304608477797429	-0.38880404925900636	0.6976104710436156	-0.336760721025202	0.22552692704055494	bowel_disorder_merged_2	Missing	shannon	metaphlan	bowel_disorder_merged_2	No	negative
bowel_disorder_merged_2Yes	-0.05885221659963481	0.05344923201804467	-1.1010862902532645	0.2714652143623339	-0.1639017291710368	0.046197295971767166	bowel_disorder_merged_2	Yes	shannon	metaphlan	bowel_disorder_merged_2	No	negative
bowel_disorder_merged_2Missing	24.12542906466718	74.91190064900518	0.32205068694899763	0.747534052115084	-123.01608110177455	171.2669392311089	bowel_disorder_merged_2	Missing	invsimpson	ko_hum	bowel_disorder_merged_2	No	positive
bowel_disorder_merged_2Yes	-10.109277883632338	19.39383853499757	-0.5212623517200796	0.6023893600161806	-48.2025403057702	27.983984538505524	bowel_disorder_merged_2	Yes	invsimpson	ko_hum	bowel_disorder_merged_2	No	positive
bowel_disorder_merged_2Missing	533.0349956514058	254.75942242801153	2.092307285717873	0.036859064042382775	32.638051768953574	1033.431939533858	bowel_disorder_merged_2	Missing	observed	ko_hum	bowel_disorder_merged_2	No	positive
bowel_disorder_merged_2Yes	14.73607901469623	65.95431514930743	0.22342858054604436	0.8232831516451637	-114.81099493464691	144.28315296403937	bowel_disorder_merged_2	Yes	observed	ko_hum	bowel_disorder_merged_2	No	positive
bowel_disorder_merged_2Missing	0.05854094394862479	0.08887623385118004	0.6586793950635828	0.5103714241128854	-0.11602922652457794	0.23311111442182753	bowel_disorder_merged_2	Missing	shannon	ko_hum	bowel_disorder_merged_2	No	positive
bowel_disorder_merged_2Yes	-0.010514586091357378	0.023009045478428417	-0.4569761966534021	0.6478647340757144	-0.055708816512064975	0.034679644329350216	bowel_disorder_merged_2	Yes	shannon	ko_hum	bowel_disorder_merged_2	No	positive
bowel_disorder_merged_2Missing	-13.052409531710264	6.578354930728299	-1.9841449221204022	0.04772567873884468	-25.973575201414498	-0.13124386200602878	bowel_disorder_merged_2	Missing	invsimpson	mags	bowel_disorder_merged_2	No	positive
bowel_disorder_merged_2Yes	-2.5698417827504607	1.703061225882059	-1.5089544308188179	0.13187238998508222	-5.914984523906174	0.775300958405253	bowel_disorder_merged_2	Yes	invsimpson	mags	bowel_disorder_merged_2	No	positive
bowel_disorder_merged_2Missing	-2.05281467492539	23.640501132871155	-0.08683465140555056	0.9308338727084855	-48.48734654030173	44.381717190450956	bowel_disorder_merged_2	Missing	observed	mags	bowel_disorder_merged_2	No	positive
bowel_disorder_merged_2Yes	-10.912915837304086	6.120256700006969	-1.7830813922056012	0.07511267032946387	-22.934287684011696	1.1084560094035254	bowel_disorder_merged_2	Yes	observed	mags	bowel_disorder_merged_2	No	positive
bowel_disorder_merged_2Missing	-0.23621716503474757	0.1861553628763425	-1.2689248452737816	0.2049931594573862	-0.6018624227561686	0.12942809268667352	bowel_disorder_merged_2	Missing	shannon	mags	bowel_disorder_merged_2	No	positive
bowel_disorder_merged_2Yes	-0.06893859503260458	0.04819350488733876	-1.4304540662431857	0.15314247980419674	-0.1635999909910715	0.02572280092586235	bowel_disorder_merged_2	Yes	shannon	mags	bowel_disorder_merged_2	No	positive
bowel_disorder_merged_2Missing	-12.754638152058025	6.287113823189707	-2.0286952822475035	0.042960296933133565	-25.10374976874118	-0.40552653537486627	bowel_disorder_merged_2	Missing	invsimpson	metaphlan	bowel_disorder_merged_2	No	positive
bowel_disorder_merged_2Yes	-2.8109135012140394	1.627662217641406	-1.7269636603639087	0.08472366249144206	-6.007957958365942	0.3861309559378632	bowel_disorder_merged_2	Yes	invsimpson	metaphlan	bowel_disorder_merged_2	No	positive
bowel_disorder_merged_2Missing	2.5497665109585146	30.513696730931617	0.08356137682832201	0.9334349311683675	-57.38505531110292	62.48458833301994	bowel_disorder_merged_2	Missing	observed	metaphlan	bowel_disorder_merged_2	No	positive
bowel_disorder_merged_2Yes	-16.109222305905078	7.899648819195055	-2.0392327145938305	0.04189408042485751	-31.625665580880835	-0.5927790309293233	bowel_disorder_merged_2	Yes	observed	metaphlan	bowel_disorder_merged_2	No	positive
bowel_disorder_merged_2Missing	-0.32351573240357134	0.1861387212951784	-1.7380356443436655	0.08275226120062909	-0.6891283028301458	0.042096838023003125	bowel_disorder_merged_2	Missing	shannon	metaphlan	bowel_disorder_merged_2	No	positive
bowel_disorder_merged_2Yes	-0.08467618341099244	0.048189196571366714	-1.7571611364300217	0.07943482748204377	-0.1793291170008249	0.009976750178840033	bowel_disorder_merged_2	Yes	shannon	metaphlan	bowel_disorder_merged_2	No	positive
symtomduration_smerter_catYes	2.699593828739286	21.091757864209622	0.1279928323717483	0.898179703039443	-38.68826838017586	44.08745603765444	symtomduration_smerter_cat	Yes	invsimpson	ko_hum	symtomduration_smerter_cat	No	all
symtomduration_smerter_catYes	-21.718590214566127	72.1712851103212	-0.3009311831065089	0.7635278834043591	-163.3386117801909	119.90143135105865	symtomduration_smerter_cat	Yes	observed	ko_hum	symtomduration_smerter_cat	No	all
symtomduration_smerter_catYes	0.009531388214167665	0.02516468054217263	0.3787605488650784	0.7049439717760575	-0.039848674723978426	0.058911451152313755	symtomduration_smerter_cat	Yes	shannon	ko_hum	symtomduration_smerter_cat	No	all
symtomduration_smerter_catYes	-3.7759789256122547	1.8117569561095346	-2.0841531270952482	0.037392931265507266	-7.331147145267656	-0.22081070595685315	symtomduration_smerter_cat	Yes	invsimpson	mags	symtomduration_smerter_cat	No	all
symtomduration_smerter_catYes	-15.328795504782855	6.662067306201999	-2.300906730634894	0.02159649640752515	-28.401614065984337	-2.2559769435813735	symtomduration_smerter_cat	Yes	observed	mags	symtomduration_smerter_cat	No	all
symtomduration_smerter_catYes	-0.09546852917793386	0.05333139524274706	-1.790099972884496	0.07373234445508144	-0.20011947633589955	0.009182417980031818	symtomduration_smerter_cat	Yes	shannon	mags	symtomduration_smerter_cat	No	all
symtomduration_smerter_catYes	-3.4198920480491894	1.7312225156149743	-1.9754202693201208	0.04848788174805282	-6.817029422304222	-0.0227546737941573	symtomduration_smerter_cat	Yes	invsimpson	metaphlan	symtomduration_smerter_cat	No	all
symtomduration_smerter_catYes	-15.539583097084911	8.730261931359724	-1.779967567899151	0.07537687992455515	-32.670771506752054	1.5916053125822316	symtomduration_smerter_cat	Yes	observed	metaphlan	symtomduration_smerter_cat	No	all
symtomduration_smerter_catYes	-0.08218899732220879	0.053717443275709285	-1.530024370303085	0.12631863810363592	-0.1875974774889037	0.02321948284448612	symtomduration_smerter_cat	Yes	shannon	metaphlan	symtomduration_smerter_cat	No	all
symtomduration_smerter_catYes	19.06211064727455	31.599943095618734	0.60323243588111	0.5466627853538206	-43.042313281350005	81.1665345758991	symtomduration_smerter_cat	Yes	invsimpson	ko_hum	symtomduration_smerter_cat	No	negative
symtomduration_smerter_catYes	-82.79799486572533	106.7887776179714	-0.7753435961401184	0.43855033380364394	-292.67354736080654	127.0775576293559	symtomduration_smerter_cat	Yes	observed	ko_hum	symtomduration_smerter_cat	No	negative
symtomduration_smerter_catYes	0.01682865292976015	0.037969558731249624	0.4432143404371426	0.6578270686547794	-0.057794189418183074	0.09145149527770338	symtomduration_smerter_cat	Yes	shannon	ko_hum	symtomduration_smerter_cat	No	negative
symtomduration_smerter_catYes	-0.6600110413300446	2.6400036257165853	-0.25000383897234063	0.8027002714048652	-5.8484983701993425	4.528476287539254	symtomduration_smerter_cat	Yes	invsimpson	mags	symtomduration_smerter_cat	No	negative
symtomduration_smerter_catYes	-3.260249165652449	10.016236568875534	-0.3254964220576969	0.7449590701513029	-22.945493539686918	16.42499520838202	symtomduration_smerter_cat	Yes	observed	mags	symtomduration_smerter_cat	No	negative
symtomduration_smerter_catYes	7.946961891457659e-4	0.0812791596185135	0.009777367198131718	0.9922033154142335	-0.1589459517682352	0.16053534414652673	symtomduration_smerter_cat	Yes	shannon	mags	symtomduration_smerter_cat	No	negative
symtomduration_smerter_catYes	-0.9860923573837719	2.5157682862314714	-0.3919646983311416	0.6952727888820662	-5.930415822826054	3.958231108058511	symtomduration_smerter_cat	Yes	invsimpson	metaphlan	symtomduration_smerter_cat	No	negative
symtomduration_smerter_catYes	1.7851103687314058	13.246255386601957	0.13476339664543774	0.8928601534018227	-24.24819790359941	27.818418641062223	symtomduration_smerter_cat	Yes	observed	metaphlan	symtomduration_smerter_cat	No	negative
symtomduration_smerter_catYes	-0.013529442501871132	0.08221190279791428	-0.16456792801801415	0.869359138813115	-0.17510324179293507	0.1480443567891928	symtomduration_smerter_cat	Yes	shannon	metaphlan	symtomduration_smerter_cat	No	negative
symtomduration_smerter_catYes	-14.602272166847847	28.582297234322873	-0.5108851834803817	0.6096268680724445	-70.74030096805367	41.53575663435798	symtomduration_smerter_cat	Yes	invsimpson	ko_hum	symtomduration_smerter_cat	No	positive
symtomduration_smerter_catYes	22.420222305036198	98.38048594118716	0.22789298193179522	0.8198101713404926	-170.80730268938117	215.64774729945356	symtomduration_smerter_cat	Yes	observed	ko_hum	symtomduration_smerter_cat	No	positive
symtomduration_smerter_catYes	-2.3103916495837944e-4	0.03399530340992704	-0.006796208351854662	0.9945798010470231	-0.06700066605276815	0.06653858772285139	symtomduration_smerter_cat	Yes	shannon	ko_hum	symtomduration_smerter_cat	No	positive
symtomduration_smerter_catYes	-6.811110262017366	2.521658676923152	-2.7010436917370857	0.007115315214710732	-11.763859380514738	-1.8583611435199936	symtomduration_smerter_cat	Yes	invsimpson	mags	symtomduration_smerter_cat	No	positive
symtomduration_smerter_catYes	-28.38168382395671	9.001848673190239	-3.1528727991711833	0.0017006972516884007	-46.062069551413515	-10.701298096499908	symtomduration_smerter_cat	Yes	observed	mags	symtomduration_smerter_cat	No	positive
symtomduration_smerter_catYes	-0.19533834383563464	0.07098158938856619	-2.751957874123061	0.006110268700465492	-0.3347521382127225	-0.0559245494585468	symtomduration_smerter_cat	Yes	shannon	mags	symtomduration_smerter_cat	No	positive
symtomduration_smerter_catYes	-5.830849375981926	2.4147460455235996	-2.4146843047081576	0.01605887392856943	-10.57361312026265	-1.088085631701202	symtomduration_smerter_cat	Yes	invsimpson	metaphlan	symtomduration_smerter_cat	No	positive
symtomduration_smerter_catYes	-34.10428654500281	11.67365143065249	-2.921475490989247	0.0036200947345410663	-57.032316956856874	-11.176256133148744	symtomduration_smerter_cat	Yes	observed	metaphlan	symtomduration_smerter_cat	No	positive
symtomduration_smerter_catYes	-0.1551675363830432	0.07128172965960172	-2.1768205839564945	0.029898627136151934	-0.2951708314234843	-0.01516424134260208	symtomduration_smerter_cat	Yes	shannon	metaphlan	symtomduration_smerter_cat	No	positive
symtomduration_synlig_blod_i_avforingen_catYes	-11.074866756033538	14.839334904480912	-0.746318270146282	0.4556459768411495	-40.19374590554135	18.044012393474276	symtomduration_synlig_blod_i_avforingen_cat	Yes	invsimpson	ko_hum	symtomduration_synlig_blod_i_avforingen_cat	No	all
symtomduration_synlig_blod_i_avforingen_catYes	-34.405100383245774	50.78114438414295	-0.6775172320454677	0.49823043498163067	-134.05175004198875	65.24154927549719	symtomduration_synlig_blod_i_avforingen_cat	Yes	observed	ko_hum	symtomduration_synlig_blod_i_avforingen_cat	No	all
symtomduration_synlig_blod_i_avforingen_catYes	-0.004910234297984626	0.017710117087524894	-0.2772558912918437	0.7816394223259784	-0.03966238205357907	0.02984191345760982	symtomduration_synlig_blod_i_avforingen_cat	Yes	shannon	ko_hum	symtomduration_synlig_blod_i_avforingen_cat	No	all
symtomduration_synlig_blod_i_avforingen_catYes	-0.34686890960602246	1.27766434082369	-0.27148672661741624	0.7860712681382738	-2.8539997058013666	2.1602618865893213	symtomduration_synlig_blod_i_avforingen_cat	Yes	invsimpson	mags	symtomduration_synlig_blod_i_avforingen_cat	No	all
symtomduration_synlig_blod_i_avforingen_catYes	-1.0253113226906694	4.700363058429531	-0.21813449513264682	0.8273676558785158	-10.24872360755602	8.198100962174681	symtomduration_synlig_blod_i_avforingen_cat	Yes	observed	mags	symtomduration_synlig_blod_i_avforingen_cat	No	all
symtomduration_synlig_blod_i_avforingen_catYes	0.0032331972342685093	0.03759012805227136	0.08601187071702847	0.9314737459590935	-0.07052903018456892	0.07699542465310595	symtomduration_synlig_blod_i_avforingen_cat	Yes	shannon	mags	symtomduration_synlig_blod_i_avforingen_cat	No	all
symtomduration_synlig_blod_i_avforingen_catYes	-0.2950178057996838	1.220618654634228	-0.24169531137314068	0.8090645125132921	-2.6902091887501594	2.1001735771507914	symtomduration_synlig_blod_i_avforingen_cat	Yes	invsimpson	metaphlan	symtomduration_synlig_blod_i_avforingen_cat	No	all
symtomduration_synlig_blod_i_avforingen_catYes	-1.9434383013583392	6.153057598887702	-0.3158491969439158	0.7521811495511427	-14.017439041638763	10.130562438922084	symtomduration_synlig_blod_i_avforingen_cat	Yes	observed	metaphlan	symtomduration_synlig_blod_i_avforingen_cat	No	all
symtomduration_synlig_blod_i_avforingen_catYes	-6.372887005563206e-4	0.03784649067406256	-0.01683877921587788	0.9865685035468774	-0.0749025704847302	0.07362799308361756	symtomduration_synlig_blod_i_avforingen_cat	Yes	shannon	metaphlan	symtomduration_synlig_blod_i_avforingen_cat	No	all
symtomduration_synlig_blod_i_avforingen_catYes	-34.34129149857739	23.196604348162534	-1.4804447661020548	0.13946541540079577	-79.93035302896348	11.247770031808706	symtomduration_synlig_blod_i_avforingen_cat	Yes	invsimpson	ko_hum	symtomduration_synlig_blod_i_avforingen_cat	No	negative
symtomduration_synlig_blod_i_avforingen_catYes	-93.60684905856472	78.479339802467	-1.1927578556875449	0.23360267450327077	-247.8449175887181	60.631219471588636	symtomduration_synlig_blod_i_avforingen_cat	Yes	observed	ko_hum	symtomduration_synlig_blod_i_avforingen_cat	No	negative
symtomduration_synlig_blod_i_avforingen_catYes	-0.02584040385121542	0.027908950861447245	-0.9258823084930338	0.3550112514491153	-0.08069079742495527	0.02900998972252444	symtomduration_synlig_blod_i_avforingen_cat	Yes	shannon	ko_hum	symtomduration_synlig_blod_i_avforingen_cat	No	negative
symtomduration_synlig_blod_i_avforingen_catYes	-2.3388128132458417	1.9388963148547953	-1.2062598682183767	0.22836110947996602	-6.149390519890043	1.47176489339836	symtomduration_synlig_blod_i_avforingen_cat	Yes	invsimpson	mags	symtomduration_synlig_blod_i_avforingen_cat	No	negative
symtomduration_synlig_blod_i_avforingen_catYes	-4.9059546505621014	7.364963575910833	-0.6661206942840008	0.5056806789490413	-19.380563631761884	9.568654330637681	symtomduration_synlig_blod_i_avforingen_cat	Yes	observed	mags	symtomduration_synlig_blod_i_avforingen_cat	No	negative
symtomduration_synlig_blod_i_avforingen_catYes	-0.0280566712762637	0.059772686099171475	-0.4693895005774653	0.6390221893826932	-0.1455299282888762	0.0894165857363488	symtomduration_synlig_blod_i_avforingen_cat	Yes	shannon	mags	symtomduration_synlig_blod_i_avforingen_cat	No	negative
symtomduration_synlig_blod_i_avforingen_catYes	-2.3086927970001594	1.847623295341676	-1.2495473524397294	0.21212471417209552	-5.939888588938498	1.3225029949381795	symtomduration_synlig_blod_i_avforingen_cat	Yes	invsimpson	metaphlan	symtomduration_synlig_blod_i_avforingen_cat	No	negative
symtomduration_synlig_blod_i_avforingen_catYes	-5.956281944047581	9.739805406779412	-0.6115401381532426	0.54115574646682	-25.098246919573256	13.185683031478092	symtomduration_synlig_blod_i_avforingen_cat	Yes	observed	metaphlan	symtomduration_synlig_blod_i_avforingen_cat	No	negative
symtomduration_synlig_blod_i_avforingen_catYes	-0.03735554899824732	0.06044945104218689	-0.6179634116474833	0.5369170090652813	-0.1561588747642712	0.08144777676777656	symtomduration_synlig_blod_i_avforingen_cat	Yes	shannon	metaphlan	symtomduration_synlig_blod_i_avforingen_cat	No	negative
symtomduration_synlig_blod_i_avforingen_catYes	5.9390204114649885	19.274780228025925	0.3081238977152918	0.7580992569808341	-31.91826442141616	43.79630524434614	symtomduration_synlig_blod_i_avforingen_cat	Yes	invsimpson	ko_hum	symtomduration_synlig_blod_i_avforingen_cat	No	positive
symtomduration_synlig_blod_i_avforingen_catYes	6.043217738175323	66.33690593507971	0.09109887856526634	0.9274456399160635	-124.24802881335857	136.33446428970922	symtomduration_synlig_blod_i_avforingen_cat	Yes	observed	ko_hum	symtomduration_synlig_blod_i_avforingen_cat	No	positive
symtomduration_synlig_blod_i_avforingen_catYes	0.010786748915639613	0.02291740334034701	0.47067936779072644	0.6380475959974625	-0.03422495319570504	0.05579845102698426	symtomduration_synlig_blod_i_avforingen_cat	Yes	shannon	ko_hum	symtomduration_synlig_blod_i_avforingen_cat	No	positive
symtomduration_synlig_blod_i_avforingen_catYes	1.454088082322893	1.7099072747336372	0.8503900204468136	0.3954610183154815	-1.9043132053496152	4.812489369995401	symtomduration_synlig_blod_i_avforingen_cat	Yes	invsimpson	mags	symtomduration_synlig_blod_i_avforingen_cat	No	positive
symtomduration_synlig_blod_i_avforingen_catYes	2.642715497335885	6.1206924781708825	0.4317674032408892	0.6660717612081806	-9.378837837091924	14.664268831763694	symtomduration_synlig_blod_i_avforingen_cat	Yes	observed	mags	symtomduration_synlig_blod_i_avforingen_cat	No	positive
symtomduration_synlig_blod_i_avforingen_catYes	0.03290738679394792	0.04815389656388163	0.6833795215365909	0.49464137133399266	-0.06167090444806167	0.1274856780359575	symtomduration_synlig_blod_i_avforingen_cat	Yes	shannon	mags	symtomduration_synlig_blod_i_avforingen_cat	No	positive
symtomduration_synlig_blod_i_avforingen_catYes	1.429576830415249	1.6352990231836257	0.8741990364747644	0.3823735753845636	-1.782287594247781	4.641441255078279	symtomduration_synlig_blod_i_avforingen_cat	Yes	invsimpson	metaphlan	symtomduration_synlig_blod_i_avforingen_cat	No	positive
symtomduration_synlig_blod_i_avforingen_catYes	2.2882673910442484	7.928549342828255	0.2886111055251354	0.7729826477489319	-13.284068440135437	17.860603222223933	symtomduration_synlig_blod_i_avforingen_cat	Yes	observed	metaphlan	symtomduration_synlig_blod_i_avforingen_cat	No	positive
symtomduration_synlig_blod_i_avforingen_catYes	0.031065632308359896	0.04824230723508607	0.6439499702403583	0.5198637544962468	-0.06368630490639007	0.12581756952310985	symtomduration_synlig_blod_i_avforingen_cat	Yes	shannon	metaphlan	symtomduration_synlig_blod_i_avforingen_cat	No	positive
symtomduration_annet_se_fritekst_catYes	7.722040221498107	21.77775307334278	0.3545838817940464	0.7229741481470828	-35.01193431121518	50.45601475421139	symtomduration_annet_se_fritekst_cat	Yes	invsimpson	ko_hum	symtomduration_annet_se_fritekst_cat	No	all
symtomduration_annet_se_fritekst_catYes	42.04332499081349	74.5143116711448	0.5642315422084816	0.5727197610638946	-104.17436269043401	188.26101267206099	symtomduration_annet_se_fritekst_cat	Yes	observed	ko_hum	symtomduration_annet_se_fritekst_cat	No	all
symtomduration_annet_se_fritekst_catYes	0.006296579975486303	0.025985600009398663	0.24231035547414373	0.8085880691689389	-0.04469435399640234	0.057287513947374955	symtomduration_annet_se_fritekst_cat	Yes	shannon	ko_hum	symtomduration_annet_se_fritekst_cat	No	all
symtomduration_annet_se_fritekst_catYes	-2.19273015675527	1.8734857399609588	-1.1704013059640177	0.2421110247962611	-5.8690273224575025	1.4835670089469621	symtomduration_annet_se_fritekst_cat	Yes	invsimpson	mags	symtomduration_annet_se_fritekst_cat	No	all
symtomduration_annet_se_fritekst_catYes	-1.469986786372662	6.896668276794472	-0.21314448185347584	0.8312565720288785	-15.003157334709135	12.063183761963812	symtomduration_annet_se_fritekst_cat	Yes	observed	mags	symtomduration_annet_se_fritekst_cat	No	all
symtomduration_annet_se_fritekst_catYes	-0.003832094138696488	0.05515461109725492	-0.06947912536160035	0.9446217735652018	-0.11206069504412558	0.1043965067667326	symtomduration_annet_se_fritekst_cat	Yes	shannon	mags	symtomduration_annet_se_fritekst_cat	No	all
symtomduration_annet_se_fritekst_catYes	-2.6397307923964473	1.7891223384046482	-1.4754333651382847	0.1404025740507044	-6.150483632131763	0.8710220473388692	symtomduration_annet_se_fritekst_cat	Yes	invsimpson	metaphlan	symtomduration_annet_se_fritekst_cat	No	all
symtomduration_annet_se_fritekst_catYes	-1.1418635814210463	9.028511773410758	-0.1264730677744553	0.8993822221901056	-18.85830066718764	16.574573504345548	symtomduration_annet_se_fritekst_cat	Yes	observed	metaphlan	symtomduration_annet_se_fritekst_cat	No	all
symtomduration_annet_se_fritekst_catYes	-0.017712305475090683	0.055527950101782714	-0.3189799991287997	0.7498065435691437	-0.12667350076056572	0.09124888981038436	symtomduration_annet_se_fritekst_cat	Yes	shannon	metaphlan	symtomduration_annet_se_fritekst_cat	No	all
symtomduration_annet_se_fritekst_catYes	-23.340987231628766	33.726911409635	-0.6920582483269068	0.4892633142617774	-89.62561305038687	42.943638587129335	symtomduration_annet_se_fritekst_cat	Yes	invsimpson	ko_hum	symtomduration_annet_se_fritekst_cat	No	negative
symtomduration_annet_se_fritekst_catYes	-90.98992302848819	113.9868065351435	-0.7982496026891929	0.4251533629189458	-315.012002242617	133.03215618564062	symtomduration_annet_se_fritekst_cat	Yes	observed	ko_hum	symtomduration_annet_se_fritekst_cat	No	negative
symtomduration_annet_se_fritekst_catYes	-0.03764577323147275	0.04050002830867507	-0.9295246152558628	0.3531234901709429	-0.11724183198361599	0.04195028552067048	symtomduration_annet_se_fritekst_cat	Yes	shannon	ko_hum	symtomduration_annet_se_fritekst_cat	No	negative
symtomduration_annet_se_fritekst_catYes	0.6479936584004062	2.818096481125444	0.22994019641996835	0.8182443757246503	-4.890505509335288	6.186492826136101	symtomduration_annet_se_fritekst_cat	Yes	invsimpson	mags	symtomduration_annet_se_fritekst_cat	No	negative
symtomduration_annet_se_fritekst_catYes	-4.036594545223993	10.69136736192334	-0.37755643488596985	0.7059409508450287	-25.04869602314112	16.975506932693136	symtomduration_annet_se_fritekst_cat	Yes	observed	mags	symtomduration_annet_se_fritekst_cat	No	negative
symtomduration_annet_se_fritekst_catYes	0.05040486810448585	0.086728205806072	0.5811819538523983	0.561413398649963	-0.12004497237943826	0.22085470858840997	symtomduration_annet_se_fritekst_cat	Yes	shannon	mags	symtomduration_annet_se_fritekst_cat	No	negative
symtomduration_annet_se_fritekst_catYes	-0.6890941405749507	2.6857172077883273	-0.2565773263754808	0.7976241930702714	-5.967423899593215	4.589235618443314	symtomduration_annet_se_fritekst_cat	Yes	invsimpson	metaphlan	symtomduration_annet_se_fritekst_cat	No	negative
symtomduration_annet_se_fritekst_catYes	-3.755792701823093	14.138848972811042	-0.26563638306381726	0.7906428354202782	-31.54334497092827	24.031759567282084	symtomduration_annet_se_fritekst_cat	Yes	observed	metaphlan	symtomduration_annet_se_fritekst_cat	No	negative
symtomduration_annet_se_fritekst_catYes	0.020825430165123174	0.08775401289682298	0.23731598678693736	0.8125213692823123	-0.15164046326675137	0.19329132359699772	symtomduration_annet_se_fritekst_cat	Yes	shannon	metaphlan	symtomduration_annet_se_fritekst_cat	No	negative
symtomduration_annet_se_fritekst_catYes	32.52108783543336	28.417192912166673	1.1444159152507154	0.25292570066587955	-23.29266223070711	88.33483790157383	symtomduration_annet_se_fritekst_cat	Yes	invsimpson	ko_hum	symtomduration_annet_se_fritekst_cat	No	positive
symtomduration_annet_se_fritekst_catYes	151.3864286064956	97.70235247479611	1.5494655427621167	0.12181813601471361	-40.50918538877346	343.28204260176466	symtomduration_annet_se_fritekst_cat	Yes	observed	ko_hum	symtomduration_annet_se_fritekst_cat	No	positive
symtomduration_annet_se_fritekst_catYes	0.043205644702316144	0.0337817686583478	1.2789633704284935	0.2014240797237459	-0.023144582025459638	0.10955587143009193	symtomduration_annet_se_fritekst_cat	Yes	shannon	ko_hum	symtomduration_annet_se_fritekst_cat	No	positive
symtomduration_annet_se_fritekst_catYes	-4.60991204208331	2.5178799304745985	-1.8308704820624158	0.06763542243637685	-9.555239385653977	0.3354153014873562	symtomduration_annet_se_fritekst_cat	Yes	invsimpson	mags	symtomduration_annet_se_fritekst_cat	No	positive
symtomduration_annet_se_fritekst_catYes	0.5073111412775146	9.034785811760312	0.056150876384602595	0.9552410522194617	-17.23776588857942	18.252388171134452	symtomduration_annet_se_fritekst_cat	Yes	observed	mags	symtomduration_annet_se_fritekst_cat	No	positive
symtomduration_annet_se_fritekst_catYes	-0.05133216720400349	0.07106556175178513	-0.7223212754342866	0.47038961628606335	-0.19091089034473277	0.08824655593672578	symtomduration_annet_se_fritekst_cat	Yes	shannon	mags	symtomduration_annet_se_fritekst_cat	No	positive
symtomduration_annet_se_fritekst_catYes	-4.360312537771095	2.408256437737877	-1.8105682058787822	0.07072772916862587	-9.090330148114553	0.36970507257236385	symtomduration_annet_se_fritekst_cat	Yes	invsimpson	metaphlan	symtomduration_annet_se_fritekst_cat	No	positive
symtomduration_annet_se_fritekst_catYes	0.9996862228923169	11.702285070315858	0.08542658266188813	0.93195189350029	-21.98458305859939	23.983955504384028	symtomduration_annet_se_fritekst_cat	Yes	observed	metaphlan	symtomduration_annet_se_fritekst_cat	No	positive
symtomduration_annet_se_fritekst_catYes	-0.05332088693947878	0.07119039360303199	-0.748989916207007	0.4541685027218647	-0.19314479030498682	0.08650301642602926	symtomduration_annet_se_fritekst_cat	Yes	shannon	metaphlan	symtomduration_annet_se_fritekst_cat	No	positive
symtomduration_vekslende_avforing_catYes	-36.03110148561891	20.160124202585443	-1.7872460071946425	0.07419255612377612	-75.59084079151525	3.5286378202774245	symtomduration_vekslende_avforing_cat	Yes	invsimpson	ko_hum	symtomduration_vekslende_avforing_cat	No	all
symtomduration_vekslende_avforing_catYes	-98.00273351605362	69.02542294880668	-1.4198063456813328	0.15596753520551684	-233.44970347985156	37.44423644774433	symtomduration_vekslende_avforing_cat	Yes	observed	ko_hum	symtomduration_vekslende_avforing_cat	No	all
symtomduration_vekslende_avforing_catYes	-0.026713293817264543	0.02407758618805777	-1.1094672700419637	0.26748837639019896	-0.0739601769784636	0.020533589343934514	symtomduration_vekslende_avforing_cat	Yes	shannon	ko_hum	symtomduration_vekslende_avforing_cat	No	all
symtomduration_vekslende_avforing_catYes	0.8842388573798958	1.7378528224956855	0.5088111294200756	0.6109939051005101	-2.5259090126976464	4.294386727457438	symtomduration_vekslende_avforing_cat	Yes	invsimpson	mags	symtomduration_vekslende_avforing_cat	No	all
symtomduration_vekslende_avforing_catYes	-7.421800326917864	6.389866353532065	-1.1614953922808395	0.24571037098935228	-19.96048533724279	5.116884683407064	symtomduration_vekslende_avforing_cat	Yes	observed	mags	symtomduration_vekslende_avforing_cat	No	all
symtomduration_vekslende_avforing_catYes	-0.019262007210938452	0.051130581568355836	-0.37672184864917513	0.7064581438632771	-0.11959434926782031	0.08107033484594339	symtomduration_vekslende_avforing_cat	Yes	shannon	mags	symtomduration_vekslende_avforing_cat	No	all
symtomduration_vekslende_avforing_catYes	0.8028999910376888	1.6602683151645639	0.4835965269614305	0.6287753291804679	-2.4550056183596363	4.060805600435014	symtomduration_vekslende_avforing_cat	Yes	invsimpson	metaphlan	symtomduration_vekslende_avforing_cat	No	all
symtomduration_vekslende_avforing_catYes	-6.043532536069613	8.368299023754506	-0.7221936643174747	0.47033982313114275	-22.464449614103277	10.377384541964052	symtomduration_vekslende_avforing_cat	Yes	observed	metaphlan	symtomduration_vekslende_avforing_cat	No	all
symtomduration_vekslende_avforing_catYes	-0.002637915337205616	0.05148260201133844	-0.05123896683824656	0.9591450653769336	-0.10366101886037606	0.09838518818596483	symtomduration_vekslende_avforing_cat	Yes	shannon	metaphlan	symtomduration_vekslende_avforing_cat	No	all
symtomduration_vekslende_avforing_catYes	-27.245841481443584	34.21530458061274	-0.7963056829510666	0.4262809000597101	-94.49032271647462	39.99863975358746	symtomduration_vekslende_avforing_cat	Yes	invsimpson	ko_hum	symtomduration_vekslende_avforing_cat	No	negative
symtomduration_vekslende_avforing_catYes	-112.46258955101274	115.61740187535943	-0.9727133435523165	0.331226606538257	-339.68933226590747	114.76415316388199	symtomduration_vekslende_avforing_cat	Yes	observed	ko_hum	symtomduration_vekslende_avforing_cat	No	negative
symtomduration_vekslende_avforing_catYes	-0.02759385322845168	0.04111284509055496	-0.6711735266112959	0.5024597926854157	-0.10839430127640098	0.05320659481949763	symtomduration_vekslende_avforing_cat	Yes	shannon	ko_hum	symtomduration_vekslende_avforing_cat	No	negative
symtomduration_vekslende_avforing_catYes	-1.1953902530241642	2.8590114574149657	-0.4181131383450282	0.6760669986466041	-6.814300990642285	4.423520484593957	symtomduration_vekslende_avforing_cat	Yes	invsimpson	mags	symtomduration_vekslende_avforing_cat	No	negative
symtomduration_vekslende_avforing_catYes	-20.787053871371793	10.80478602429301	-1.9238746444987513	0.05501068640744918	-42.022060835792786	0.4479530930492004	symtomduration_vekslende_avforing_cat	Yes	observed	mags	symtomduration_vekslende_avforing_cat	No	negative
symtomduration_vekslende_avforing_catYes	-0.10317792671465857	0.08789643892590031	-1.1738578715531476	0.24108264536416293	-0.2759237347799717	0.06956788135065452	symtomduration_vekslende_avforing_cat	Yes	shannon	mags	symtomduration_vekslende_avforing_cat	No	negative
symtomduration_vekslende_avforing_catYes	-1.4905311296373034	2.724367379680867	-0.5471109149060155	0.5845780289642077	-6.844821362788868	3.863759103514261	symtomduration_vekslende_avforing_cat	Yes	invsimpson	metaphlan	symtomduration_vekslende_avforing_cat	No	negative
symtomduration_vekslende_avforing_catYes	-23.287159350275594	14.304517884156942	-1.6279583512609979	0.1042446687026351	-51.40030626589284	4.825987565341649	symtomduration_vekslende_avforing_cat	Yes	observed	metaphlan	symtomduration_vekslende_avforing_cat	No	negative
symtomduration_vekslende_avforing_catYes	-0.10855498440946496	0.08889650286271118	-1.2211389752543322	0.22268290197778712	-0.2832662515422041	0.0661562827232742	symtomduration_vekslende_avforing_cat	Yes	shannon	metaphlan	symtomduration_vekslende_avforing_cat	No	negative
symtomduration_vekslende_avforing_catYes	-48.77315584984726	24.750877892926685	-1.970562662901976	0.049251546473280755	-97.38595574543143	-0.1603559542630748	symtomduration_vekslende_avforing_cat	Yes	invsimpson	ko_hum	symtomduration_vekslende_avforing_cat	No	positive
symtomduration_vekslende_avforing_catYes	-81.67327882151234	85.3957545175692	-0.9564091245860354	0.33926611283255814	-249.39770234514782	86.05114470212312	symtomduration_vekslende_avforing_cat	Yes	observed	ko_hum	symtomduration_vekslende_avforing_cat	No	positive
symtomduration_vekslende_avforing_catYes	-0.029390060976759825	0.029505134218572975	-0.9960998909220107	0.31961915358983256	-0.08734061900806683	0.02856049705454718	symtomduration_vekslende_avforing_cat	Yes	shannon	ko_hum	symtomduration_vekslende_avforing_cat	No	positive
symtomduration_vekslende_avforing_catYes	2.0867048984903147	2.2025660247623082	0.9473972062723991	0.3438330098860619	-2.239319490696371	6.412729287677001	symtomduration_vekslende_avforing_cat	Yes	invsimpson	mags	symtomduration_vekslende_avforing_cat	No	positive
symtomduration_vekslende_avforing_catYes	0.08222159285568433	7.886650262713311	0.010425413847043971	0.9916854774528716	-15.407820931143213	15.572264116854583	symtomduration_vekslende_avforing_cat	Yes	observed	mags	symtomduration_vekslende_avforing_cat	No	positive
symtomduration_vekslende_avforing_catYes	0.030663065446537966	0.06204933752894632	0.4941723258887896	0.6213725570374078	-0.09120703718163002	0.15253316807470596	symtomduration_vekslende_avforing_cat	Yes	shannon	mags	symtomduration_vekslende_avforing_cat	No	positive
symtomduration_vekslende_avforing_catYes	2.0790780784843457	2.1063967675033934	0.9870306062748913	0.32404134334198964	-2.0580618242829467	6.2162179812516385	symtomduration_vekslende_avforing_cat	Yes	invsimpson	metaphlan	symtomduration_vekslende_avforing_cat	No	positive
symtomduration_vekslende_avforing_catYes	3.5762450156045964	10.214117864800073	0.35012764322302015	0.7263706756695798	-16.485139070223653	23.637629101432843	symtomduration_vekslende_avforing_cat	Yes	observed	metaphlan	symtomduration_vekslende_avforing_cat	No	positive
symtomduration_vekslende_avforing_catYes	0.060318005086791304	0.06212286673505465	0.9709469034009518	0.33198155321303924	-0.06169651506864536	0.18233252524222798	symtomduration_vekslende_avforing_cat	Yes	shannon	metaphlan	symtomduration_vekslende_avforing_cat	No	positive
symtomduration_endrede_avforingsvaner_catYes	4.225453545200135	26.389674527105992	0.16011768318173025	0.8728198580424475	-47.5583863840143	56.00929347441456	symtomduration_endrede_avforingsvaner_cat	Yes	invsimpson	ko_hum	symtomduration_endrede_avforingsvaner_cat	No	all
symtomduration_endrede_avforingsvaner_catYes	-66.72625850802284	90.27995351006241	-0.7391038199923936	0.46001284437362533	-243.88049572985938	110.42797871381372	symtomduration_endrede_avforingsvaner_cat	Yes	observed	ko_hum	symtomduration_endrede_avforingsvaner_cat	No	all
symtomduration_endrede_avforingsvaner_catYes	-0.006426595669116906	0.03148735339757079	-0.20410085242707982	0.8383151252212552	-0.06821349139076051	0.05536030005252669	symtomduration_endrede_avforingsvaner_cat	Yes	shannon	ko_hum	symtomduration_endrede_avforingsvaner_cat	No	all
symtomduration_endrede_avforingsvaner_catYes	0.5661941428594733	2.2715719791368048	0.2492521249864275	0.8032156015788553	-3.8912583215309247	5.023646607249871	symtomduration_endrede_avforingsvaner_cat	Yes	invsimpson	mags	symtomduration_endrede_avforingsvaner_cat	No	all
symtomduration_endrede_avforingsvaner_catYes	-2.7304140450142147	8.35653379855233	-0.3267400229371688	0.7439311034070768	-19.128244497330883	13.667416407302454	symtomduration_endrede_avforingsvaner_cat	Yes	observed	mags	symtomduration_endrede_avforingsvaner_cat	No	all
symtomduration_endrede_avforingsvaner_catYes	-0.028238249759238422	0.0668259126985577	-0.42256437089931265	0.6727015806154064	-0.15936917230060346	0.10289267278212663	symtomduration_endrede_avforingsvaner_cat	Yes	shannon	mags	symtomduration_endrede_avforingsvaner_cat	No	all
symtomduration_endrede_avforingsvaner_catYes	0.3864537610643049	2.170165875734037	0.17807567863151968	0.8586986605724147	-3.8720118828914365	4.644919405020047	symtomduration_endrede_avforingsvaner_cat	Yes	invsimpson	metaphlan	symtomduration_endrede_avforingsvaner_cat	No	all
symtomduration_endrede_avforingsvaner_catYes	-2.6378716689850767	10.939741512708622	-0.24112742206209165	0.8095044903973022	-24.104670085888877	18.82892674791872	symtomduration_endrede_avforingsvaner_cat	Yes	observed	metaphlan	symtomduration_endrede_avforingsvaner_cat	No	all
symtomduration_endrede_avforingsvaner_catYes	-0.009644618575919006	0.06728660442596208	-0.14333638408713778	0.8860526400764646	-0.14167954569847424	0.12239030854663624	symtomduration_endrede_avforingsvaner_cat	Yes	shannon	metaphlan	symtomduration_endrede_avforingsvaner_cat	No	all
symtomduration_endrede_avforingsvaner_catYes	-13.843100448717598	47.86976457441221	-0.289182547100245	0.7725769682688702	-107.92314810883313	80.23694721139795	symtomduration_endrede_avforingsvaner_cat	Yes	invsimpson	ko_hum	symtomduration_endrede_avforingsvaner_cat	No	negative
symtomduration_endrede_avforingsvaner_catYes	-98.81113746855624	161.7614189609927	-0.610844898018505	0.5416155414583257	-416.7262586461702	219.10398370905773	symtomduration_endrede_avforingsvaner_cat	Yes	observed	ko_hum	symtomduration_endrede_avforingsvaner_cat	No	negative
symtomduration_endrede_avforingsvaner_catYes	-0.0025013760420276123	0.05751333790548231	-0.043492103451522594	0.9653288553858652	-0.11553426056413714	0.1105315084800819	symtomduration_endrede_avforingsvaner_cat	Yes	shannon	ko_hum	symtomduration_endrede_avforingsvaner_cat	No	negative
symtomduration_endrede_avforingsvaner_catYes	4.148423863311648	3.9934156715939646	1.0388159421570589	0.2994569960108247	-3.6999693771898015	11.996817103813097	symtomduration_endrede_avforingsvaner_cat	Yes	invsimpson	mags	symtomduration_endrede_avforingsvaner_cat	No	negative
symtomduration_endrede_avforingsvaner_catYes	8.008720184763762	15.165527748505896	0.5280871406240893	0.59770327749554	-21.796598183835272	37.81403855336279	symtomduration_endrede_avforingsvaner_cat	Yes	observed	mags	symtomduration_endrede_avforingsvaner_cat	No	negative
symtomduration_endrede_avforingsvaner_catYes	0.10266451650701396	0.12299166017266172	0.8347274633327859	0.40432108811439105	-0.1390551024155704	0.34438413542959834	symtomduration_endrede_avforingsvaner_cat	Yes	shannon	mags	symtomduration_endrede_avforingsvaner_cat	No	negative
symtomduration_endrede_avforingsvaner_catYes	4.653383165572871	3.8040952018316814	1.2232562327389322	0.22188322243772293	-2.8229322304557076	12.12969856160145	symtomduration_endrede_avforingsvaner_cat	Yes	invsimpson	metaphlan	symtomduration_endrede_avforingsvaner_cat	No	negative
symtomduration_endrede_avforingsvaner_catYes	18.764142816827643	20.040585779388916	0.9363071031649158	0.34962522347894254	-20.622289976897754	58.15057561055304	symtomduration_endrede_avforingsvaner_cat	Yes	observed	metaphlan	symtomduration_endrede_avforingsvaner_cat	No	negative
symtomduration_endrede_avforingsvaner_catYes	0.13986513313445484	0.12432721106419695	1.124976036518947	0.26120833476465294	-0.10447928857638697	0.3842095548452966	symtomduration_endrede_avforingsvaner_cat	Yes	shannon	metaphlan	symtomduration_endrede_avforingsvaner_cat	No	negative
symtomduration_endrede_avforingsvaner_catYes	15.299278334330578	31.101773151894758	0.49191016408009935	0.622969939415054	-45.787212462951246	76.3857691316124	symtomduration_endrede_avforingsvaner_cat	Yes	invsimpson	ko_hum	symtomduration_endrede_avforingsvaner_cat	No	positive
symtomduration_endrede_avforingsvaner_catYes	-35.8077180646246	107.04521553117291	-0.33451021502401423	0.7381161401625127	-246.05349863484523	174.43806250559604	symtomduration_endrede_avforingsvaner_cat	Yes	observed	ko_hum	symtomduration_endrede_avforingsvaner_cat	No	positive
symtomduration_endrede_avforingsvaner_catYes	-0.004500583438493716	0.0369908429748843	-0.1216675013745829	0.9032047116327443	-0.07715370125056635	0.06815253437357892	symtomduration_endrede_avforingsvaner_cat	Yes	shannon	ko_hum	symtomduration_endrede_avforingsvaner_cat	No	positive
symtomduration_endrede_avforingsvaner_catYes	-1.0705864202408233	2.7608257303956742	-0.3877776161146505	0.6983236214575501	-6.4930796893244205	4.351906848842774	symtomduration_endrede_avforingsvaner_cat	Yes	invsimpson	mags	symtomduration_endrede_avforingsvaner_cat	No	positive
symtomduration_endrede_avforingsvaner_catYes	-9.489345281210628	9.871297478480706	-0.9613067888894313	0.336800601540043	-28.877401377932156	9.8987108155109	symtomduration_endrede_avforingsvaner_cat	Yes	observed	mags	symtomduration_endrede_avforingsvaner_cat	No	positive
symtomduration_endrede_avforingsvaner_catYes	-0.09746979993401286	0.07763646965909039	-1.2554640926102467	0.20981851792823003	-0.24995433726897043	0.0550147374009447	symtomduration_endrede_avforingsvaner_cat	Yes	shannon	mags	symtomduration_endrede_avforingsvaner_cat	No	positive
symtomduration_endrede_avforingsvaner_catYes	-1.6284551010890533	2.6399303791663042	-0.6168553208601368	0.5375734744319864	-6.813499761559892	3.556589559381785	symtomduration_endrede_avforingsvaner_cat	Yes	invsimpson	metaphlan	symtomduration_endrede_avforingsvaner_cat	No	positive
symtomduration_endrede_avforingsvaner_catYes	-15.340483049734297	12.780108857901029	-1.2003405620641778	0.23049967712466518	-40.441688640929684	9.76072254146109	symtomduration_endrede_avforingsvaner_cat	Yes	observed	metaphlan	symtomduration_endrede_avforingsvaner_cat	No	positive
symtomduration_endrede_avforingsvaner_catYes	-0.08841500574826927	0.07779461595427546	-1.1365183138153936	0.2562114958964617	-0.24121015566979112	0.06438014417325258	symtomduration_endrede_avforingsvaner_cat	Yes	shannon	metaphlan	symtomduration_endrede_avforingsvaner_cat	No	positive
symtomduration_diare_catYes	-59.45978021378277	26.088602092252923	-2.2791478057553536	0.02286277869576591	-110.65283275918478	-8.26672766838076	symtomduration_diare_cat	Yes	invsimpson	ko_hum	symtomduration_diare_cat	No	all
symtomduration_diare_catYes	-127.81892594881724	89.40915880480425	-1.4295954425414983	0.15313728085604897	-303.2644231260587	47.626571228424254	symtomduration_diare_cat	Yes	observed	ko_hum	symtomduration_diare_cat	No	all
symtomduration_diare_catYes	-0.0692198982037723	0.031132149835628724	-2.223421722214462	0.026404333942650245	-0.13030978629938392	-0.008130010108160703	symtomduration_diare_cat	Yes	shannon	ko_hum	symtomduration_diare_cat	No	all
symtomduration_diare_catYes	-3.383855525551619	2.2488907751926877	-1.5046775783326722	0.1327144542344112	-7.796801194936355	1.0290901438331175	symtomduration_diare_cat	Yes	invsimpson	mags	symtomduration_diare_cat	No	all
symtomduration_diare_catYes	-14.821653280078761	8.269466142088078	-1.7923349615814772	0.07337357923589177	-31.048632910392087	1.4053263502345654	symtomduration_diare_cat	Yes	observed	mags	symtomduration_diare_cat	No	all
symtomduration_diare_catYes	-0.1190991806188717	0.06613096283329442	-1.8009594222770005	0.07200254411751765	-0.24886641932455097	0.01066805808680757	symtomduration_diare_cat	Yes	shannon	mags	symtomduration_diare_cat	No	all
symtomduration_diare_catYes	-3.3714832565294084	2.1482577428693967	-1.569403516742906	0.11686197622806976	-7.586959084743192	0.8439925716843759	symtomduration_diare_cat	Yes	invsimpson	metaphlan	symtomduration_diare_cat	No	all
symtomduration_diare_catYes	-18.60772283298751	10.826862191692795	-1.7186625731012621	0.08597719950568718	-39.8530208033891	2.6375751374140783	symtomduration_diare_cat	Yes	observed	metaphlan	symtomduration_diare_cat	No	all
symtomduration_diare_catYes	-0.11628682293090471	0.06658800085928981	-1.7463630298292898	0.08104686226072955	-0.24695089664511732	0.014377250783307913	symtomduration_diare_cat	Yes	shannon	metaphlan	symtomduration_diare_cat	No	all
symtomduration_diare_catYes	-60.77478460564777	36.24128569150876	-1.6769489118838614	0.0942579002355336	-132.00099420650986	10.451424995214325	symtomduration_diare_cat	Yes	invsimpson	ko_hum	symtomduration_diare_cat	No	negative
symtomduration_diare_catYes	-193.33607486061106	122.55093787403607	-1.5775976766439068	0.11537184526371495	-434.189527525053	47.5173778038309	symtomduration_diare_cat	Yes	observed	ko_hum	symtomduration_diare_cat	No	negative
symtomduration_diare_catYes	-0.08614142624523162	0.04348402901855208	-1.9809899907959343	0.0482103666066438	-0.17160204128878198	-6.808112016812584e-4	symtomduration_diare_cat	Yes	shannon	ko_hum	symtomduration_diare_cat	No	negative
symtomduration_diare_catYes	-5.299723189099479	3.025866364763358	-1.7514729833463585	0.08055648252830971	-11.246559450797822	0.6471130725988639	symtomduration_diare_cat	Yes	invsimpson	mags	symtomduration_diare_cat	No	negative
symtomduration_diare_catYes	-24.92991481702086	11.459403221489678	-2.1754985259852013	0.030120785787642112	-47.45146283003338	-2.4083668040083417	symtomduration_diare_cat	Yes	observed	mags	symtomduration_diare_cat	No	negative
symtomduration_diare_catYes	-0.1863547855364289	0.09305405197958941	-2.002650949335384	0.04582366855289627	-0.3692370228534303	-0.003472548219427496	symtomduration_diare_cat	Yes	shannon	mags	symtomduration_diare_cat	No	negative
symtomduration_diare_catYes	-5.181093786410831	2.883247684847465	-1.796964518046576	0.07302227252341598	-10.84763679154108	0.4854492187194168	symtomduration_diare_cat	Yes	invsimpson	metaphlan	symtomduration_diare_cat	No	negative
symtomduration_diare_catYes	-29.0455325475429	15.17140782320962	-1.9144915808741414	0.056201220853136	-58.86240722341208	0.7713421283262782	symtomduration_diare_cat	Yes	observed	metaphlan	symtomduration_diare_cat	No	negative
symtomduration_diare_catYes	-0.1857798207482396	0.09413699174371026	-1.973504966613217	0.049059094476262236	-0.37079039576498357	-7.692457314956158e-4	symtomduration_diare_cat	Yes	shannon	metaphlan	symtomduration_diare_cat	No	negative
symtomduration_diare_catYes	-57.63486565209408	38.60343742586925	-1.492998279305338	0.1359842177133131	-133.45525420492956	18.185522900741404	symtomduration_diare_cat	Yes	invsimpson	ko_hum	symtomduration_diare_cat	No	positive
symtomduration_diare_catYes	-67.31709034795111	133.07612008073846	-0.5058540202938682	0.6131523283416462	-328.6897505158736	194.05556981997134	symtomduration_diare_cat	Yes	observed	ko_hum	symtomduration_diare_cat	No	positive
symtomduration_diare_catYes	-0.048085105625010366	0.04594889660821825	-1.0464909752894924	0.2957725893710561	-0.13833259203342374	0.04216238078340302	symtomduration_diare_cat	Yes	shannon	ko_hum	symtomduration_diare_cat	No	positive
symtomduration_diare_catYes	-0.42779485896365166	3.4330234878556674	-0.12461169009678422	0.9008743729870932	-7.170540897061216	6.314951179133913	symtomduration_diare_cat	Yes	invsimpson	mags	symtomduration_diare_cat	No	positive
symtomduration_diare_catYes	-2.338028986929129	12.282736805013274	-0.19035081708946563	0.8491011854328127	-26.462354154517474	21.786296180659217	symtomduration_diare_cat	Yes	observed	mags	symtomduration_diare_cat	No	positive
symtomduration_diare_catYes	-0.018602796955600062	0.09665654169158223	-0.1924628859054262	0.8474473556398683	-0.20844435086649732	0.17123875695529722	symtomduration_diare_cat	Yes	shannon	mags	symtomduration_diare_cat	No	positive
symtomduration_diare_catYes	-0.4166157065148732	3.2833456848552394	-0.12688755510470762	0.8990736013061787	-6.865381986902516	6.032150573872769	symtomduration_diare_cat	Yes	invsimpson	metaphlan	symtomduration_diare_cat	No	positive
symtomduration_diare_catYes	-6.986368062094598	15.907083901185475	-0.4391985423282981	0.6606821070329727	-38.2292148797256	24.256478755536406	symtomduration_diare_cat	Yes	observed	metaphlan	symtomduration_diare_cat	No	positive
symtomduration_diare_catYes	-0.008391365315526386	0.09683209310827069	-0.08665892728502485	0.9309726884481477	-0.19857771693128817	0.18179498630023538	symtomduration_diare_cat	Yes	shannon	metaphlan	symtomduration_diare_cat	No	positive
symtomduration_luftplager_catYes	11.104249217571164	23.711879084269817	0.46829899807213476	0.6396701558937312	-35.425015463563646	57.63351389870598	symtomduration_luftplager_cat	Yes	invsimpson	ko_hum	symtomduration_luftplager_cat	No	all
symtomduration_luftplager_catYes	-47.56838193451802	81.13477092901688	-0.5862884850705329	0.5578104993487532	-206.77724167874018	111.64047780970415	symtomduration_luftplager_cat	Yes	observed	ko_hum	symtomduration_luftplager_cat	No	all
symtomduration_luftplager_catYes	-0.0022583672522942066	0.028295443188853502	-0.07981381444429367	0.9364008862751079	-0.057781852368139465	0.05326511786355106	symtomduration_luftplager_cat	Yes	shannon	ko_hum	symtomduration_luftplager_cat	No	all
symtomduration_luftplager_catYes	2.100590698495184	2.040274072235107	1.0295630018931723	0.3034575981368552	-1.902991303239176	6.104172700229544	symtomduration_luftplager_cat	Yes	invsimpson	mags	symtomduration_luftplager_cat	No	all
symtomduration_luftplager_catYes	3.8086872127781852	7.508742892071241	0.5072336698064225	0.6120997703436797	-10.925543010230356	18.542917435786727	symtomduration_luftplager_cat	Yes	observed	mags	symtomduration_luftplager_cat	No	all
symtomduration_luftplager_catYes	0.038338528951936256	0.06004396276781647	0.6385076398136348	0.5232856395381258	-0.07948433216333115	0.15616139006720364	symtomduration_luftplager_cat	Yes	shannon	mags	symtomduration_luftplager_cat	No	all
symtomduration_luftplager_catYes	1.4146155605410944	1.9496705597951507	0.7255664570786391	0.4682698891646797	-2.411177291865329	5.240408412947518	symtomduration_luftplager_cat	Yes	invsimpson	metaphlan	symtomduration_luftplager_cat	No	all
symtomduration_luftplager_catYes	5.585674499760027	9.829331151175166	0.5682659800399766	0.5699785992773128	-13.702191685208607	24.873540684728663	symtomduration_luftplager_cat	Yes	observed	metaphlan	symtomduration_luftplager_cat	No	all
symtomduration_luftplager_catYes	0.03315838372102514	0.06045639446514306	0.5484677677915948	0.5834899582546944	-0.0854737824492992	0.1517905498913495	symtomduration_luftplager_cat	Yes	shannon	metaphlan	symtomduration_luftplager_cat	No	all
symtomduration_luftplager_catYes	-23.97782999278536	36.60526051501466	-0.655037818483772	0.5127833809542715	-95.91937147478275	47.96371148921203	symtomduration_luftplager_cat	Yes	invsimpson	ko_hum	symtomduration_luftplager_cat	No	negative
symtomduration_luftplager_catYes	-150.14697666080662	123.59103319684907	-1.2148694996477671	0.22506299199531307	-393.0445634130443	92.75061009143104	symtomduration_luftplager_cat	Yes	observed	ko_hum	symtomduration_luftplager_cat	No	negative
symtomduration_luftplager_catYes	-0.033424403828207834	0.043968115964427464	-0.7601964081256051	0.44754157566645414	-0.11983641111996532	0.05298760346354966	symtomduration_luftplager_cat	Yes	shannon	ko_hum	symtomduration_luftplager_cat	No	negative
symtomduration_luftplager_catYes	5.2679934755875735	3.0483532920681005	1.728144007879611	0.08465925036509242	-0.7230370956372161	11.259024046812364	symtomduration_luftplager_cat	Yes	invsimpson	mags	symtomduration_luftplager_cat	No	negative
symtomduration_luftplager_catYes	4.254471959084267	11.603252299266009	0.3666620227979869	0.714046200652472	-18.549787452519396	27.05873137068793	symtomduration_luftplager_cat	Yes	observed	mags	symtomduration_luftplager_cat	No	negative
symtomduration_luftplager_catYes	0.10070943933078214	0.09403876581399222	1.0709353579776286	0.28478160525146673	-0.08410808898453162	0.28552696764609586	symtomduration_luftplager_cat	Yes	shannon	mags	symtomduration_luftplager_cat	No	negative
symtomduration_luftplager_catYes	3.6291341495650142	2.9098724227666484	1.247179814884979	0.21299051581585174	-2.089735342537635	9.348003641667663	symtomduration_luftplager_cat	Yes	invsimpson	metaphlan	symtomduration_luftplager_cat	No	negative
symtomduration_luftplager_catYes	11.15760521809302	15.336698168777035	0.7275102564649832	0.4672977419050798	-18.984120096315785	41.29933053250183	symtomduration_luftplager_cat	Yes	observed	metaphlan	symtomduration_luftplager_cat	No	negative
symtomduration_luftplager_catYes	0.06643933272491817	0.09519156077086686	0.6979540222566848	0.4855721227706742	-0.1206438220343384	0.2535224874841747	symtomduration_luftplager_cat	Yes	shannon	metaphlan	symtomduration_luftplager_cat	No	negative
symtomduration_luftplager_catYes	39.69728825920655	31.080574857677018	1.2772379031271737	0.20203197247891228	-21.347567310452547	100.74214382886565	symtomduration_luftplager_cat	Yes	invsimpson	ko_hum	symtomduration_luftplager_cat	No	positive
symtomduration_luftplager_catYes	38.143599246435784	107.09952712016889	0.35615095857181067	0.7218576993275512	-172.20885383937372	248.4960523322453	symtomduration_luftplager_cat	Yes	observed	ko_hum	symtomduration_luftplager_cat	No	positive
symtomduration_luftplager_catYes	0.02505774593281141	0.03699586092019946	0.6773121454549007	0.4984793943642888	-0.047605227544686414	0.09772071941030924	symtomduration_luftplager_cat	Yes	shannon	ko_hum	symtomduration_luftplager_cat	No	positive
symtomduration_luftplager_catYes	-0.42287012834860277	2.762566082013221	-0.15307149794600966	0.8783954070333047	-5.848781593962349	5.003041337265144	symtomduration_luftplager_cat	Yes	invsimpson	mags	symtomduration_luftplager_cat	No	positive
symtomduration_luftplager_catYes	2.6953084934115443	9.883702642952695	0.2727023050752504	0.785179628386279	-16.717112386682814	22.107729373505904	symtomduration_luftplager_cat	Yes	observed	mags	symtomduration_luftplager_cat	No	positive
symtomduration_luftplager_catYes	-0.009325341519230538	0.07778191967877038	-0.1198908635547057	0.9046113343582478	-0.16209555489089675	0.14344487185243568	symtomduration_luftplager_cat	Yes	shannon	mags	symtomduration_luftplager_cat	No	positive
symtomduration_luftplager_catYes	-0.2677770284841199	2.642151265918051	-0.10134810672585666	0.9193093364006965	-5.457183696788395	4.921629639820155	symtomduration_luftplager_cat	Yes	invsimpson	metaphlan	symtomduration_luftplager_cat	No	positive
symtomduration_luftplager_catYes	-0.5038561185898602	12.802696353388225	-0.039355468932645195	0.9686205959290353	-25.649425445205523	24.641713208025806	symtomduration_luftplager_cat	Yes	observed	metaphlan	symtomduration_luftplager_cat	No	positive
symtomduration_luftplager_catYes	0.011266111785663021	0.07792075526082445	0.14458422211068053	0.8850896417567877	-0.1417767863124997	0.16430900988382577	symtomduration_luftplager_cat	Yes	shannon	metaphlan	symtomduration_luftplager_cat	No	positive
symtomduration_obstipasjon_catYes	41.10700005833054	19.367904481095014	2.122428892524487	0.03404053730505375	3.10181494764754	79.11218516901354	symtomduration_obstipasjon_cat	Yes	invsimpson	ko_hum	symtomduration_obstipasjon_cat	No	all
symtomduration_obstipasjon_catYes	108.0857501439137	66.3345410369954	1.6294037533723682	0.10353423553114117	-22.080965300393032	238.25246558822045	symtomduration_obstipasjon_cat	Yes	observed	ko_hum	symtomduration_obstipasjon_cat	No	all
symtomduration_obstipasjon_catYes	0.053839083376678865	0.02309898480821599	2.330798683305296	0.019956814583481343	0.008512486771351642	0.0991656799820061	symtomduration_obstipasjon_cat	Yes	shannon	ko_hum	symtomduration_obstipasjon_cat	No	all
symtomduration_obstipasjon_catYes	-1.4729600657519386	1.6702013000362774	-0.8819057114372653	0.3780341556512996	-4.750356938601103	1.8044368070972259	symtomduration_obstipasjon_cat	Yes	invsimpson	mags	symtomduration_obstipasjon_cat	No	all
symtomduration_obstipasjon_catYes	-0.7583516520050169	6.1466585997316505	-0.12337624413337757	0.9018333081053573	-12.819795786190745	11.303092482180713	symtomduration_obstipasjon_cat	Yes	observed	mags	symtomduration_obstipasjon_cat	No	all
symtomduration_obstipasjon_catYes	-0.01789824674873884	0.04915279079347439	-0.3641349038336811	0.7158322279050815	-0.11434961631409792	0.07855312281662023	symtomduration_obstipasjon_cat	Yes	shannon	mags	symtomduration_obstipasjon_cat	No	all
symtomduration_obstipasjon_catYes	-1.426665284433283	1.5956007407770387	-0.8941242304378185	0.37146491073678656	-4.557675227980143	1.704344659113577	symtomduration_obstipasjon_cat	Yes	invsimpson	metaphlan	symtomduration_obstipasjon_cat	No	all
symtomduration_obstipasjon_catYes	2.0702415532025404	8.046350044251987	0.2572895215615736	0.7970068202174334	-13.718922586657975	17.859405693063056	symtomduration_obstipasjon_cat	Yes	observed	metaphlan	symtomduration_obstipasjon_cat	No	all
symtomduration_obstipasjon_catYes	-0.009930937119591685	0.049490063082240306	-0.2006652750288257	0.8410000447788322	-0.10704412819381684	0.08718225395463347	symtomduration_obstipasjon_cat	Yes	shannon	metaphlan	symtomduration_obstipasjon_cat	No	all
symtomduration_obstipasjon_catYes	16.486872360156283	29.481513553224886	0.5592274742065554	0.5762890846548002	-41.45413121148697	74.42787593179953	symtomduration_obstipasjon_cat	Yes	invsimpson	ko_hum	symtomduration_obstipasjon_cat	No	negative
symtomduration_obstipasjon_catYes	-1.3538899406188787	99.69156583888382	-0.013580787193241234	0.989170546558419	-197.28105500645836	194.57327512522062	symtomduration_obstipasjon_cat	Yes	observed	ko_hum	symtomduration_obstipasjon_cat	No	negative
symtomduration_obstipasjon_catYes	0.00815388888264944	0.03542780736112802	0.23015505305010836	0.8180775255621796	-0.06147356457698025	0.07778134234227913	symtomduration_obstipasjon_cat	Yes	shannon	ko_hum	symtomduration_obstipasjon_cat	No	negative
symtomduration_obstipasjon_catYes	0.4042078125052513	2.4629771154375026	0.16411350717460937	0.8697166383389442	-4.436363401208085	5.244779026218587	symtomduration_obstipasjon_cat	Yes	invsimpson	mags	symtomduration_obstipasjon_cat	No	negative
symtomduration_obstipasjon_catYes	-2.5118248543367154	9.344573974272267	-0.26880036064269375	0.7882084523857142	-20.877028290765043	15.853378582091612	symtomduration_obstipasjon_cat	Yes	observed	mags	symtomduration_obstipasjon_cat	No	negative
symtomduration_obstipasjon_catYes	0.017115507258411555	0.07582155655026677	0.22573405291494683	0.821512374711072	-0.13189913104892198	0.16613014556574507	symtomduration_obstipasjon_cat	Yes	shannon	mags	symtomduration_obstipasjon_cat	No	negative
symtomduration_obstipasjon_catYes	-0.006632159837069703	2.3473851344828867	-0.0028253394552277948	0.9977469800892622	-4.620026591420366	4.606762271746227	symtomduration_obstipasjon_cat	Yes	invsimpson	metaphlan	symtomduration_obstipasjon_cat	No	negative
symtomduration_obstipasjon_catYes	1.775706384925226	12.357491635523965	0.14369472683441836	0.885806876224797	-22.510884793570227	26.062297563420678	symtomduration_obstipasjon_cat	Yes	observed	metaphlan	symtomduration_obstipasjon_cat	No	negative
symtomduration_obstipasjon_catYes	0.021094506635565186	0.07669186761515161	0.2750553258321963	0.7834019693567267	-0.12963058308491895	0.17181959635604935	symtomduration_obstipasjon_cat	Yes	shannon	metaphlan	symtomduration_obstipasjon_cat	No	negative
symtomduration_obstipasjon_catYes	70.82403742601016	25.823663787277116	2.7426022120418083	0.006284735181271801	20.104196065534488	121.54387878648583	symtomduration_obstipasjon_cat	Yes	invsimpson	ko_hum	symtomduration_obstipasjon_cat	No	positive
symtomduration_obstipasjon_catYes	215.69108811531115	88.9946828312871	2.4236401687526716	0.015672279381160573	40.89806756210052	390.4841086685218	symtomduration_obstipasjon_cat	Yes	observed	ko_hum	symtomduration_obstipasjon_cat	No	positive
symtomduration_obstipasjon_catYes	0.10239056169238724	0.030611440416153716	3.3448462503043648	8.767284310654047e-4	0.04226712550948923	0.16251399787528525	symtomduration_obstipasjon_cat	Yes	shannon	ko_hum	symtomduration_obstipasjon_cat	No	positive
symtomduration_obstipasjon_catYes	-2.9401961728733697	2.3037618679173	-1.2762587200609556	0.2023775404845072	-7.464977684730213	1.5845853389834743	symtomduration_obstipasjon_cat	Yes	invsimpson	mags	symtomduration_obstipasjon_cat	No	positive
symtomduration_obstipasjon_catYes	1.0972038425963706	8.25409054612691	0.13292849605474882	0.8942962746504026	-15.114522213131588	17.30892989832433	symtomduration_obstipasjon_cat	Yes	observed	mags	symtomduration_obstipasjon_cat	No	positive
symtomduration_obstipasjon_catYes	-0.042870732978615704	0.06493043176010882	-0.6602563977551449	0.5093527889678287	-0.17039954629760126	0.08465808034036984	symtomduration_obstipasjon_cat	Yes	shannon	mags	symtomduration_obstipasjon_cat	No	positive
symtomduration_obstipasjon_catYes	-2.349143887371567	2.2042596396258913	-1.0657292113601762	0.28699180769013766	-6.678494678184075	1.9802069034409406	symtomduration_obstipasjon_cat	Yes	invsimpson	metaphlan	symtomduration_obstipasjon_cat	No	positive
symtomduration_obstipasjon_catYes	2.3241285147122026	10.69085564569582	0.2173940600954523	0.827978110344328	-18.67360855405298	23.321865583477386	symtomduration_obstipasjon_cat	Yes	observed	metaphlan	symtomduration_obstipasjon_cat	No	positive
symtomduration_obstipasjon_catYes	-0.028520157978539688	0.06506043108036297	-0.43836411018106297	0.6612864316513205	-0.15630430086480024	0.09926398490772087	symtomduration_obstipasjon_cat	Yes	shannon	metaphlan	symtomduration_obstipasjon_cat	No	positive
symptoms_overall_cat1 symptom	-10.78551918535971	11.429200625275627	-0.9436809746350574	0.3455548580289167	-33.21279754031294	11.64175916959352	symptoms_overall_cat	1 symptom	invsimpson	ko_hum	symptoms_overall_cat	No symptoms	all
symptoms_overall_cat2+ symptoms	-4.631750601072204	16.944110048249446	-0.2733546104152414	0.7846356541715389	-37.880818929495746	28.617317727351335	symptoms_overall_cat	2+ symptoms	invsimpson	ko_hum	symptoms_overall_cat	No symptoms	all
symptoms_overall_cat1 symptom	-30.307286323754624	39.11344488566657	-0.7748559711972844	0.4386033050839099	-107.05877093170035	46.4441982841911	symptoms_overall_cat	1 symptom	observed	ko_hum	symptoms_overall_cat	No symptoms	all
symptoms_overall_cat2+ symptoms	-26.545266845718235	57.98677757420948	-0.4577813763102548	0.6472064453139956	-140.33149251468916	87.24095882325268	symptoms_overall_cat	2+ symptoms	observed	ko_hum	symptoms_overall_cat	No symptoms	all
symptoms_overall_cat1 symptom	-0.0059412254454014575	0.013641584065069856	-0.4355231340482183	0.6632743566955879	-0.03270981697342339	0.020827366082620476	symptoms_overall_cat	1 symptom	shannon	ko_hum	symptoms_overall_cat	No symptoms	all
symptoms_overall_cat2+ symptoms	0.0016424967442708889	0.02022403046454663	0.08121510433591553	0.9352867270900548	-0.03804268995937079	0.041327683447912565	symptoms_overall_cat	2+ symptoms	shannon	ko_hum	symptoms_overall_cat	No symptoms	all
symptoms_overall_cat1 symptom	-1.8697720422384863	0.982508336796589	-1.9030597219508272	0.05731243511881279	-3.797727345312698	0.05818326083572556	symptoms_overall_cat	1 symptom	invsimpson	mags	symptoms_overall_cat	No symptoms	all
symptoms_overall_cat2+ symptoms	-0.3510263872916367	1.4565961284455498	-0.24099088308455485	0.8096103312011399	-3.209274124333854	2.507221349750581	symptoms_overall_cat	2+ symptoms	invsimpson	mags	symptoms_overall_cat	No symptoms	all
symptoms_overall_cat1 symptom	-6.465060877082672	3.6149792851230393	-1.7884088309132944	0.07400505106705457	-13.558658175177968	0.6285364210126243	symptoms_overall_cat	1 symptom	observed	mags	symptoms_overall_cat	No symptoms	all
symptoms_overall_cat2+ symptoms	-4.024880140871989	5.35930804240211	-0.7510074265236649	0.4528203964638028	-14.54133682036028	6.491576538616302	symptoms_overall_cat	2+ symptoms	observed	mags	symptoms_overall_cat	No symptoms	all
symptoms_overall_cat1 symptom	-0.05073207748777356	0.028913020885090183	-1.7546446526428163	0.07961858889963096	-0.10746748609005768	0.006003331114510568	symptoms_overall_cat	1 symptom	shannon	mags	symptoms_overall_cat	No symptoms	all
symptoms_overall_cat2+ symptoms	-0.00884186405442358	0.04286436328896695	-0.20627540866096164	0.8366167109481841	-0.09295369641333076	0.0752699683044836	symptoms_overall_cat	2+ symptoms	shannon	mags	symptoms_overall_cat	No symptoms	all
symptoms_overall_cat1 symptom	-2.034262675562909	0.9381516376255788	-2.168372994275787	0.0303595598297251	-3.875177767179535	-0.1933475839462837	symptoms_overall_cat	1 symptom	invsimpson	metaphlan	symptoms_overall_cat	No symptoms	all
symptoms_overall_cat2+ symptoms	-0.5891710116326684	1.390836079534643	-0.42360923785482896	0.6719396038801163	-3.318379197273654	2.140037174008317	symptoms_overall_cat	2+ symptoms	invsimpson	metaphlan	symptoms_overall_cat	No symptoms	all
symptoms_overall_cat1 symptom	-7.109745487894	4.734879704079505	-1.5015683464499308	0.13351630544594797	-16.400899662383676	2.1814086865956765	symptoms_overall_cat	1 symptom	observed	metaphlan	symptoms_overall_cat	No symptoms	all
symptoms_overall_cat2+ symptoms	-2.2138577851694414	7.0195917808741	-0.31538269664076757	0.7525352382513386	-15.988254085436392	11.560538515097509	symptoms_overall_cat	2+ symptoms	observed	metaphlan	symptoms_overall_cat	No symptoms	all
symptoms_overall_cat1 symptom	-0.059080454655533604	0.029093090843930247	-2.030738327958017	0.04253901593234046	-0.11616921072477354	-0.0019916985862936595	symptoms_overall_cat	1 symptom	shannon	metaphlan	symptoms_overall_cat	No symptoms	all
symptoms_overall_cat2+ symptoms	3.07913844274543e-4	0.04313132204653939	0.007138984609428365	0.9943053505846975	-0.0843277660313285	0.08494359371987759	symptoms_overall_cat	2+ symptoms	shannon	metaphlan	symptoms_overall_cat	No symptoms	all
symptoms_overall_cat1 symptom	-40.49339557608461	18.216222895182113	-2.2229303961138087	0.026725591427557076	-76.29456892860375	-4.692222223565466	symptoms_overall_cat	1 symptom	invsimpson	ko_hum	symptoms_overall_cat	No symptoms	negative
symptoms_overall_cat2+ symptoms	-21.71062742513622	26.05411108264057	-0.8332898925729099	0.4051313126392716	-72.91595976997192	29.494704919699483	symptoms_overall_cat	2+ symptoms	invsimpson	ko_hum	symptoms_overall_cat	No symptoms	negative
symptoms_overall_cat1 symptom	-139.12586830273702	61.51946919784406	-2.261493314503641	0.02421389910494049	-260.032885854081	-18.218850751393063	symptoms_overall_cat	1 symptom	observed	ko_hum	symptoms_overall_cat	No symptoms	negative
symptoms_overall_cat2+ symptoms	-120.59793834734253	87.98943081936251	-1.3705957320592685	0.17119663917174724	-293.52757826663907	52.331701571954	symptoms_overall_cat	2+ symptoms	observed	ko_hum	symptoms_overall_cat	No symptoms	negative
symptoms_overall_cat1 symptom	-0.04726797724170112	0.02189290463090332	-2.1590546361298792	0.031383354918163194	-0.09029510083319159	-0.004240853650210659	symptoms_overall_cat	1 symptom	shannon	ko_hum	symptoms_overall_cat	No symptoms	negative
symptoms_overall_cat2+ symptoms	-0.020203282516038732	0.0313127574501777	-0.6452093064044119	0.519126320170823	-0.08174367231417255	0.041337107282095095	symptoms_overall_cat	2+ symptoms	shannon	ko_hum	symptoms_overall_cat	No symptoms	negative
symptoms_overall_cat1 symptom	-3.1393860022475613	1.5209035113153897	-2.0641585602839383	0.03958567502640332	-6.1284870126144515	-0.15028499188067101	symptoms_overall_cat	1 symptom	invsimpson	mags	symptoms_overall_cat	No symptoms	negative
symptoms_overall_cat2+ symptoms	1.1379061268943507	2.1753021610352388	0.5231025589349917	0.6011650138935916	-3.137314384484528	5.41312663827323	symptoms_overall_cat	2+ symptoms	invsimpson	mags	symptoms_overall_cat	No symptoms	negative
symptoms_overall_cat1 symptom	-11.247088857596204	5.779411134621433	-1.946061388541952	0.052280747809626965	-22.60562904985447	0.11145133466206225	symptoms_overall_cat	1 symptom	observed	mags	symptoms_overall_cat	No symptoms	negative
symptoms_overall_cat2+ symptoms	-6.98798001715362	8.266116447965828	-0.8453764305332598	0.39835808607529066	-23.23375553321874	9.257795498911499	symptoms_overall_cat	2+ symptoms	observed	mags	symptoms_overall_cat	No symptoms	negative
symptoms_overall_cat1 symptom	-0.09489907713105795	0.04684033957235091	-2.0260117240284767	0.043363743961527694	-0.186956531992577	-0.002841622269538893	symptoms_overall_cat	1 symptom	shannon	mags	symptoms_overall_cat	No symptoms	negative
symptoms_overall_cat2+ symptoms	0.02884152498657307	0.06699431695521284	0.43050703846796823	0.667036689050313	-0.1028254604663522	0.16050851043949835	symptoms_overall_cat	2+ symptoms	shannon	mags	symptoms_overall_cat	No symptoms	negative
symptoms_overall_cat1 symptom	-3.512684627852918	1.4475399291749649	-2.4266581923270305	0.01563752326534739	-6.357600845516936	-0.6677684101888994	symptoms_overall_cat	1 symptom	invsimpson	metaphlan	symptoms_overall_cat	No symptoms	negative
symptoms_overall_cat2+ symptoms	0.4357769915177788	2.0703724547231475	0.21048241369500417	0.83338817180865	-3.633220384191099	4.5047743672266565	symptoms_overall_cat	2+ symptoms	invsimpson	metaphlan	symptoms_overall_cat	No symptoms	negative
symptoms_overall_cat1 symptom	-11.690468129222252	7.6562896052993885	-1.5269103876544272	0.12749854186981513	-26.737723148752657	3.3567868903081557	symptoms_overall_cat	1 symptom	observed	metaphlan	symptoms_overall_cat	No symptoms	negative
symptoms_overall_cat2+ symptoms	-3.1207427145256474	10.950558796142921	-0.28498479142679517	0.7757892764485751	-24.642375163992153	18.400889734940858	symptoms_overall_cat	2+ symptoms	observed	metaphlan	symptoms_overall_cat	No symptoms	negative
symptoms_overall_cat1 symptom	-0.10705566518241143	0.047338307759730185	-2.261501736094624	0.02421337382008334	-0.20009179962547646	-0.014019530739346392	symptoms_overall_cat	1 symptom	shannon	metaphlan	symptoms_overall_cat	No symptoms	negative
symptoms_overall_cat2+ symptoms	0.016397588057998087	0.0677065457495274	0.24218615610164312	0.8087482516922301	-0.11666917311564783	0.149464349231644	symptoms_overall_cat	2+ symptoms	shannon	metaphlan	symptoms_overall_cat	No symptoms	negative
symptoms_overall_cat1 symptom	12.883377794219271	14.572182873554212	0.8841076114684364	0.3770070002458077	-15.737715898736756	41.504471487175294	symptoms_overall_cat	1 symptom	invsimpson	ko_hum	symptoms_overall_cat	No symptoms	positive
symptoms_overall_cat2+ symptoms	4.207975765709309	22.404035036167024	0.18782222751019348	0.8510821568867997	-39.79558852074463	48.211540052163244	symptoms_overall_cat	2+ symptoms	invsimpson	ko_hum	symptoms_overall_cat	No symptoms	positive
symptoms_overall_cat1 symptom	48.19693175961193	50.13743161322242	0.9612963849329144	0.3368065254448187	-50.27754801997206	146.6714115391959	symptoms_overall_cat	1 symptom	observed	ko_hum	symptoms_overall_cat	No symptoms	positive
symptoms_overall_cat2+ symptoms	38.60881274946349	77.0839059757209	0.5008673634367218	0.6166558100487247	-112.79099565906316	190.00862115799012	symptoms_overall_cat	2+ symptoms	observed	ko_hum	symptoms_overall_cat	No symptoms	positive
symptoms_overall_cat1 symptom	0.026282421286472794	0.017303370953135045	1.5189191376441544	0.12933152662911349	-0.007702974419233222	0.06026781699217881	symptoms_overall_cat	1 symptom	shannon	ko_hum	symptoms_overall_cat	No symptoms	positive
symptoms_overall_cat2+ symptoms	0.01615432287110496	0.0266031062361544	0.6072344608070904	0.5439346207574889	-0.03609659950034391	0.06840524524255383	symptoms_overall_cat	2+ symptoms	shannon	ko_hum	symptoms_overall_cat	No symptoms	positive
symptoms_overall_cat1 symptom	-0.8207106259146814	1.2934309110008437	-0.6345221990091637	0.525992015922218	-3.36112667822102	1.719705426391657	symptoms_overall_cat	1 symptom	invsimpson	mags	symptoms_overall_cat	No symptoms	positive
symptoms_overall_cat2+ symptoms	-1.4332333300422297	1.9885882368052161	-0.7207290596995601	0.4713686263478808	-5.339001651520232	2.472534991435772	symptoms_overall_cat	2+ symptoms	invsimpson	mags	symptoms_overall_cat	No symptoms	positive
symptoms_overall_cat1 symptom	-3.1134818226051983	4.6288798112141	-0.6726210119049449	0.5014581669559335	-12.205023146220093	5.978059501009696	symptoms_overall_cat	1 symptom	observed	mags	symptoms_overall_cat	No symptoms	positive
symptoms_overall_cat2+ symptoms	-2.4050032707671773	7.116681582198173	-0.33793886139055407	0.7355323896705626	-16.382813741200035	11.572807199665682	symptoms_overall_cat	2+ symptoms	observed	mags	symptoms_overall_cat	No symptoms	positive
symptoms_overall_cat1 symptom	-0.01820401399551935	0.03642314793730078	-0.49979244042431326	0.6174120992446586	-0.08974239220224448	0.05333436421120577	symptoms_overall_cat	1 symptom	shannon	mags	symptoms_overall_cat	No symptoms	positive
symptoms_overall_cat2+ symptoms	-0.03730810287020418	0.05599884997296563	-0.6662298045087585	0.505530963852755	-0.147294941882685	0.07267873614227664	symptoms_overall_cat	2+ symptoms	shannon	mags	symptoms_overall_cat	No symptoms	positive
symptoms_overall_cat1 symptom	-0.8679503835436837	1.236992115579614	-0.7016620175763938	0.48317336485292817	-3.2975155039282065	1.5616147368408393	symptoms_overall_cat	1 symptom	invsimpson	metaphlan	symptoms_overall_cat	No symptoms	positive
symptoms_overall_cat2+ symptoms	-1.3209971728991723	1.9018162849989397	-0.6945976766099197	0.48758753913116526	-5.056337482039008	2.4143431362406638	symptoms_overall_cat	2+ symptoms	invsimpson	metaphlan	symptoms_overall_cat	No symptoms	positive
symptoms_overall_cat1 symptom	-3.8315782757898966	5.9958747375859	-0.6390357443212019	0.5230537111723985	-15.60802207455058	7.9448655229707885	symptoms_overall_cat	1 symptom	observed	metaphlan	symptoms_overall_cat	No symptoms	positive
symptoms_overall_cat2+ symptoms	-2.7247141919924682	9.218370978388581	-0.295574369742794	0.7676616685826196	-20.83043395671669	15.381005572731752	symptoms_overall_cat	2+ symptoms	observed	metaphlan	symptoms_overall_cat	No symptoms	positive
symptoms_overall_cat1 symptom	-0.02455647650515944	0.036492737459499915	-0.6729140704342205	0.501271834027668	-0.09623153486833003	0.047118581858011155	symptoms_overall_cat	1 symptom	shannon	metaphlan	symptoms_overall_cat	No symptoms	positive
symptoms_overall_cat2+ symptoms	-0.009922538840989618	0.05610584053896579	-0.1768539379442745	0.859685287324514	-0.12011951706461844	0.1002744393826392	symptoms_overall_cat	2+ symptoms	shannon	metaphlan	symptoms_overall_cat	No symptoms	positive
symptoms_GI_related_cat1 symptom	-3.286563918044023	12.792841717601522	-0.2569064786850351	0.7973024775040833	-28.38968631113687	21.816558475048822	symptoms_GI_related_cat	1 symptom	invsimpson	ko_hum	symptoms_GI_related_cat	No symptoms	all
symptoms_GI_related_cat2+ symptoms	-7.5769191037120995	21.97976104465177	-0.3447225421750322	0.7303736184469571	-50.707338744226114	35.55350053680191	symptoms_GI_related_cat	2+ symptoms	invsimpson	ko_hum	symptoms_GI_related_cat	No symptoms	all
symptoms_GI_related_cat1 symptom	-16.004553153934726	43.766642310520936	-0.3656792549993591	0.7146798054332579	-101.88690852960256	69.87780222173312	symptoms_GI_related_cat	1 symptom	observed	ko_hum	symptoms_GI_related_cat	No symptoms	all
symptoms_GI_related_cat2+ symptoms	-54.11921807751342	75.19676714114412	-0.7197013932252141	0.47187277263045146	-201.67624182398993	93.4378056689631	symptoms_GI_related_cat	2+ symptoms	observed	ko_hum	symptoms_GI_related_cat	No symptoms	all
symptoms_GI_related_cat1 symptom	-5.997568891720851e-4	0.015265120524764749	-0.039289364810392025	0.9686673291715333	-0.030554179631012143	0.02935466585266797	symptoms_GI_related_cat	1 symptom	shannon	ko_hum	symptoms_GI_related_cat	No symptoms	all
symptoms_GI_related_cat2+ symptoms	-0.004878170035349728	0.026227456640106415	-0.18599478029029104	0.8524856198522854	-0.05634375279091955	0.04658741272022009	symptoms_GI_related_cat	2+ symptoms	shannon	ko_hum	symptoms_GI_related_cat	No symptoms	all
symptoms_GI_related_cat1 symptom	-1.175074762017404	1.100652863905889	-1.067616139976608	0.2859448346713333	-3.3348625687345104	0.9847130446997026	symptoms_GI_related_cat	1 symptom	invsimpson	mags	symptoms_GI_related_cat	No symptoms	all
symptoms_GI_related_cat2+ symptoms	-0.6699367313564357	1.8910643526901025	-0.3542643751934873	0.7232135572155279	-4.380732264258159	3.040858801545288	symptoms_GI_related_cat	2+ symptoms	invsimpson	mags	symptoms_GI_related_cat	No symptoms	all
symptoms_GI_related_cat1 symptom	-5.921774592778651	4.044928134375493	-1.463999951557342	0.14350026830195117	-13.859051412891617	2.0155022273343146	symptoms_GI_related_cat	1 symptom	observed	mags	symptoms_GI_related_cat	No symptoms	all
symptoms_GI_related_cat2+ symptoms	-8.70454550269784	6.949711080536306	-1.2525046583700734	0.21067144251941045	-22.341816384530116	4.932725379134435	symptoms_GI_related_cat	2+ symptoms	observed	mags	symptoms_GI_related_cat	No symptoms	all
symptoms_GI_related_cat1 symptom	-0.044395753583857715	0.032365004026308104	-1.3717209349879993	0.17045020442736622	-0.10790491560276219	0.019113408435046754	symptoms_GI_related_cat	1 symptom	shannon	mags	symptoms_GI_related_cat	No symptoms	all
symptoms_GI_related_cat2+ symptoms	-0.041437920879804926	0.05560727400610857	-0.7451888556028279	0.45632822524214	-0.15055489708697312	0.06767905532736326	symptoms_GI_related_cat	2+ symptoms	shannon	mags	symptoms_GI_related_cat	No symptoms	all
symptoms_GI_related_cat1 symptom	-1.5802437513368253	1.0509487554122297	-1.5036353991560532	0.132983008017502	-3.642498238522654	0.4820107358490031	symptoms_GI_related_cat	1 symptom	invsimpson	metaphlan	symptoms_GI_related_cat	No symptoms	all
symptoms_GI_related_cat2+ symptoms	-0.5347641669377021	1.8056662486765946	-0.296158920470292	0.7671686522849896	-4.077984808778311	3.008456474902906	symptoms_GI_related_cat	2+ symptoms	invsimpson	metaphlan	symptoms_GI_related_cat	No symptoms	all
symptoms_GI_related_cat1 symptom	-6.6309455536435875	5.2992756253077555	-1.251292822357866	0.2111128932231205	-17.02960189235229	3.7677107850651153	symptoms_GI_related_cat	1 symptom	observed	metaphlan	symptoms_GI_related_cat	No symptoms	all
symptoms_GI_related_cat2+ symptoms	-5.028638682366788	9.104842733554104	-0.5523037387383672	0.5808605588025231	-22.894878768476637	12.837601403743063	symptoms_GI_related_cat	2+ symptoms	observed	metaphlan	symptoms_GI_related_cat	No symptoms	all
symptoms_GI_related_cat1 symptom	-0.0486133460360017	0.03258514561567417	-1.49188672069698	0.13603624151794974	-0.11255448723386081	0.015327795161857408	symptoms_GI_related_cat	1 symptom	shannon	metaphlan	symptoms_GI_related_cat	No symptoms	all
symptoms_GI_related_cat2+ symptoms	-0.01902289271217217	0.055985505804568056	-0.33978245688404635	0.7340899036066362	-0.12888206516778017	0.09083627974343582	symptoms_GI_related_cat	2+ symptoms	shannon	metaphlan	symptoms_GI_related_cat	No symptoms	all
symptoms_GI_related_cat1 symptom	-23.50316516516232	20.369749280406808	-1.1538269245056183	0.2491946451926195	-63.53676210407953	16.530431773754888	symptoms_GI_related_cat	1 symptom	invsimpson	ko_hum	symptoms_GI_related_cat	No symptoms	negative
symptoms_GI_related_cat2+ symptoms	-5.013436368191601	33.022317671579955	-0.15181963961621997	0.8793984626128393	-69.91370281008241	59.88683007369921	symptoms_GI_related_cat	2+ symptoms	invsimpson	ko_hum	symptoms_GI_related_cat	No symptoms	negative
symptoms_GI_related_cat1 symptom	-85.38863480206635	68.73117034659771	-1.2423567701738285	0.21476368879578445	-220.4691374100395	49.69186780590681	symptoms_GI_related_cat	1 symptom	observed	ko_hum	symptoms_GI_related_cat	No symptoms	negative
symptoms_GI_related_cat2+ symptoms	-150.58458512384175	111.4231947522281	-1.3514653341137532	0.17723768376637888	-369.5696696701592	68.40049942247572	symptoms_GI_related_cat	2+ symptoms	observed	ko_hum	symptoms_GI_related_cat	No symptoms	negative
symptoms_GI_related_cat1 symptom	-0.031939381081244965	0.024460567937482525	-1.3057497750206433	0.1923168568066469	-0.08001285043160608	0.016134088269116144	symptoms_GI_related_cat	1 symptom	shannon	ko_hum	symptoms_GI_related_cat	No symptoms	negative
symptoms_GI_related_cat2+ symptoms	-0.010909919778455852	0.03965412797867681	-0.27512696242677276	0.7833472596188036	-0.08884398536803895	0.06702414581112726	symptoms_GI_related_cat	2+ symptoms	shannon	ko_hum	symptoms_GI_related_cat	No symptoms	negative
symptoms_GI_related_cat1 symptom	-2.011679943647858	1.699810278607587	-1.1834732199029538	0.23725776786269825	-5.352394580320385	1.3290346930246688	symptoms_GI_related_cat	1 symptom	invsimpson	mags	symptoms_GI_related_cat	No symptoms	negative
symptoms_GI_related_cat2+ symptoms	1.7349029696586376	2.755638973700493	0.6295828249695825	0.5292928513682824	-3.680879937812368	7.150685877129644	symptoms_GI_related_cat	2+ symptoms	invsimpson	mags	symptoms_GI_related_cat	No symptoms	negative
symptoms_GI_related_cat1 symptom	-10.907765490293857	6.441624600808565	-1.6933252348987697	0.09109815558193264	-23.567783998652903	1.7522530180651898	symptoms_GI_related_cat	1 symptom	observed	mags	symptoms_GI_related_cat	No symptoms	negative
symptoms_GI_related_cat2+ symptoms	-7.940977875124704	10.44280766349799	-0.7604255609228318	0.4474056886390818	-28.464703874699946	12.582748124450536	symptoms_GI_related_cat	2+ symptoms	observed	mags	symptoms_GI_related_cat	No symptoms	negative
symptoms_GI_related_cat1 symptom	-0.08808765833780154	0.052264672263544296	-1.6854149183911467	0.09261434340632417	-0.19080580153831284	0.014630484862709764	symptoms_GI_related_cat	1 symptom	shannon	mags	symptoms_GI_related_cat	No symptoms	negative
symptoms_GI_related_cat2+ symptoms	0.026263093068121725	0.08472861333388515	0.3099672239958451	0.7567319707879102	-0.140257913582893	0.19278409971913643	symptoms_GI_related_cat	2+ symptoms	shannon	mags	symptoms_GI_related_cat	No symptoms	negative
symptoms_GI_related_cat1 symptom	-2.664342580383012	1.6174256839841388	-1.647273569824887	0.1002125272199896	-5.843143017242406	0.5144578564763824	symptoms_GI_related_cat	1 symptom	invsimpson	metaphlan	symptoms_GI_related_cat	No symptoms	negative
symptoms_GI_related_cat2+ symptoms	1.6184401227182583	2.622081598130993	0.6172348426806682	0.5373976676206629	-3.5348563855258366	6.771736630962353	symptoms_GI_related_cat	2+ symptoms	invsimpson	metaphlan	symptoms_GI_related_cat	No symptoms	negative
symptoms_GI_related_cat1 symptom	-13.230642960847884	8.523804956653926	-1.5521991678751008	0.12133027388471183	-29.982865451325836	3.521579529630067	symptoms_GI_related_cat	1 symptom	observed	metaphlan	symptoms_GI_related_cat	No symptoms	negative
symptoms_GI_related_cat2+ symptoms	1.7513307247481775	13.8183239849672	0.12673973534369512	0.8992040291380101	-25.40645139472331	28.909112844219667	symptoms_GI_related_cat	2+ symptoms	observed	metaphlan	symptoms_GI_related_cat	No symptoms	negative
symptoms_GI_related_cat1 symptom	-0.09733699609103574	0.05283216039995017	-1.842381522053517	0.06608895329759815	-0.20117044959840202	0.0064964574163305505	symptoms_GI_related_cat	1 symptom	shannon	metaphlan	symptoms_GI_related_cat	No symptoms	negative
symptoms_GI_related_cat2+ symptoms	0.025901876881967226	0.0856485939019952	0.30242033992532175	0.7624739115466406	-0.14242720952242865	0.19423096328636308	symptoms_GI_related_cat	2+ symptoms	shannon	metaphlan	symptoms_GI_related_cat	No symptoms	negative
symptoms_GI_related_cat1 symptom	13.15651287601794	16.40123167065634	0.8021661507017446	0.4227876777374847	-19.05699915570687	45.37002490774275	symptoms_GI_related_cat	1 symptom	invsimpson	ko_hum	symptoms_GI_related_cat	No symptoms	positive
symptoms_GI_related_cat2+ symptoms	-14.024230783176181	29.69210698629493	-0.472321845992586	0.6368759737186163	-72.34223182461844	44.29377025826607	symptoms_GI_related_cat	2+ symptoms	invsimpson	ko_hum	symptoms_GI_related_cat	No symptoms	positive
symptoms_GI_related_cat1 symptom	33.209494243944384	56.470177116418775	0.5880890753269602	0.5567030048665138	-77.70307418394799	144.12206267183677	symptoms_GI_related_cat	1 symptom	observed	ko_hum	symptoms_GI_related_cat	No symptoms	positive
symptoms_GI_related_cat2+ symptoms	28.935592201998926	102.23125763631333	0.2830405579567162	0.7772474369487152	-171.85590407188732	229.72708847588518	symptoms_GI_related_cat	2+ symptoms	observed	ko_hum	symptoms_GI_related_cat	No symptoms	positive
symptoms_GI_related_cat1 symptom	0.025053714405029105	0.01949034294968587	1.2854424608999968	0.1991542914409894	-0.013227093385488706	0.06333452219554692	symptoms_GI_related_cat	1 symptom	shannon	ko_hum	symptoms_GI_related_cat	No symptoms	positive
symptoms_GI_related_cat2+ symptoms	-0.0029831785947481617	0.03528450543729764	-0.08454641939220096	0.9326513740220121	-0.072285159279005	0.06631880208950869	symptoms_GI_related_cat	2+ symptoms	shannon	ko_hum	symptoms_GI_related_cat	No symptoms	positive
symptoms_GI_related_cat1 symptom	-0.3440310314139071	1.4554799105179468	-0.23636948124655346	0.8132300047093396	-3.2027260703534646	2.51466400752565	symptoms_GI_related_cat	1 symptom	invsimpson	mags	symptoms_GI_related_cat	No symptoms	positive
symptoms_GI_related_cat2+ symptoms	-2.8558484712519485	2.6349402342033033	-1.0838380446664813	0.2788900754448745	-8.031110954083957	2.3194140115800597	symptoms_GI_related_cat	2+ symptoms	invsimpson	mags	symptoms_GI_related_cat	No symptoms	positive
symptoms_GI_related_cat1 symptom	-2.853367994156684	5.206163463747835	-0.5480749911188132	0.583852745955568	-13.078746962409237	7.372010974095868	symptoms_GI_related_cat	1 symptom	observed	mags	symptoms_GI_related_cat	No symptoms	positive
symptoms_GI_related_cat2+ symptoms	-10.773001334328109	9.425021587269274	-1.1430213962458824	0.2535045626765772	-29.28460170663204	7.738599037975819	symptoms_GI_related_cat	2+ symptoms	observed	mags	symptoms_GI_related_cat	No symptoms	positive
symptoms_GI_related_cat1 symptom	-0.009302211180329412	0.04094874074859678	-0.22716720979138236	0.8203743270984302	-0.08972926564044818	0.07112484327978937	symptoms_GI_related_cat	1 symptom	shannon	mags	symptoms_GI_related_cat	No symptoms	positive
symptoms_GI_related_cat2+ symptoms	-0.10632875810844218	0.07413189543787077	-1.4343186219696122	0.15202402599784032	-0.25193054909435364	0.03927303287746926	symptoms_GI_related_cat	2+ symptoms	shannon	mags	symptoms_GI_related_cat	No symptoms	positive
symptoms_GI_related_cat1 symptom	-0.5725977943029668	1.392179342053444	-0.4112959997369257	0.6810084863083323	-3.3069647544254606	2.1617691658195266	symptoms_GI_related_cat	1 symptom	invsimpson	metaphlan	symptoms_GI_related_cat	No symptoms	positive
symptoms_GI_related_cat2+ symptoms	-2.4725986989666646	2.5203435204391784	-0.9810562246434589	0.32697689592374	-7.422782804042361	2.477585406109032	symptoms_GI_related_cat	2+ symptoms	invsimpson	metaphlan	symptoms_GI_related_cat	No symptoms	positive
symptoms_GI_related_cat1 symptom	-2.5021508327623954	6.744124359204407	-0.37101196530390934	0.7107650335363254	-15.74822500275097	10.743923337226182	symptoms_GI_related_cat	1 symptom	observed	metaphlan	symptoms_GI_related_cat	No symptoms	positive
symptoms_GI_related_cat2+ symptoms	-13.851922927641779	12.209281962685766	-1.1345403415185498	0.25703988257571403	-37.83206413297356	10.128218277689998	symptoms_GI_related_cat	2+ symptoms	observed	metaphlan	symptoms_GI_related_cat	No symptoms	positive
symptoms_GI_related_cat1 symptom	-0.009685176904783974	0.0410707386096406	-0.23581696440469072	0.8136585264545808	-0.09035184626965474	0.0709814924600868	symptoms_GI_related_cat	1 symptom	shannon	metaphlan	symptoms_GI_related_cat	No symptoms	positive
symptoms_GI_related_cat2+ symptoms	-0.06090877557364621	0.07435275528638403	-0.8191865296591131	0.4130188058218255	-0.20694435540726572	0.0851268042599733	symptoms_GI_related_cat	2+ symptoms	shannon	metaphlan	symptoms_GI_related_cat	No symptoms	positive
