term	Df	SumOfSqs	F	parOmegaSq	Pr(>F)	R2	test_var	ref_level	test_level	n	outcome_subset	dataset
final_result	1	0.27117961933296897	0.9025726945493262	-2.2097241314618032e-4	0.694	0.00203730951821894	final_result	1. Negative	3. Non neoplastic findings	441	all	mags
kjonn	1	0.5958315323970851	1.9831183221508044	0.00222433455350716	0.003	0.00447634396417186	final_result	1. Negative	3. Non neoplastic findings	441	all	mags
age_invitation	2	0.7231718726346799	1.2034738954787128	9.21933361026634e-4	0.088	0.00543302237480399	final_result	1. Negative	3. Non neoplastic findings	441	all	mags
senter	1	0.6287263291529541	2.092602749548507	0.0024714341356385	0.001	0.00472347493476417	final_result	1. Negative	3. Non neoplastic findings	441	all	mags
Total_Reads_QC_ATLAS	1	0.4690259467981264	1.5610686881868745	0.00127064799859672	0.006	0.00352368304098176	final_result	1. Negative	3. Non neoplastic findings	441	all	mags
final_result	1	0.3088264446047688	1.0048060031005304	2.6999288437451448e-5	0.457	0.00565069065956274	final_result	1. Negative	4. Other lesions	178	all	mags
kjonn	1	0.44335958919962337	1.4425266506244248	0.00247993938962125	0.026	0.0081122842077987	final_result	1. Negative	4. Other lesions	178	all	mags
age_invitation	2	0.5574777118231538	0.9069122175588498	-0.00104702525505959	0.742	0.01020033793785049	final_result	1. Negative	4. Other lesions	178	all	mags
senter	1	0.4323464884370338	1.4066941306044405	0.0022795900825712	0.031	0.00791077417943429	final_result	1. Negative	4. Other lesions	178	all	mags
Total_Reads_QC_ATLAS	1	0.32695559224715964	1.0637914841058342	3.5825073460557126e-4	0.302	0.00598240514528237	final_result	1. Negative	4. Other lesions	178	all	mags
final_result	1	0.35780121224037487	1.1933541504717091	6.213312331156551e-4	0.129	0.00382665597112279	final_result	1. Negative	5b. >= 3 Non-advanced adenomas	311	all	mags
kjonn	1	0.5197347265720964	1.733441843909725	0.00235278525002451	0.001	0.00555852223748436	final_result	1. Negative	5b. >= 3 Non-advanced adenomas	311	all	mags
age_invitation	2	0.5470391160117885	0.9122543150084084	-5.645995251683177e-4	0.729	0.00585054054629061	final_result	1. Negative	5b. >= 3 Non-advanced adenomas	311	all	mags
senter	1	0.5454576371833753	1.8192340131088611	0.00262727222617197	0.002	0.00583362675395308	final_result	1. Negative	5b. >= 3 Non-advanced adenomas	311	all	mags
Total_Reads_QC_ATLAS	1	0.29549753786700705	0.98555622844246	-4.6445152413863445e-5	0.478	0.00316032304823832	final_result	1. Negative	5b. >= 3 Non-advanced adenomas	311	all	mags
final_result	1	0.4960281902411623	1.720132906260112	0.00153966625679643	0.001	0.00365541540247026	final_result	1. Negative	5c. Advanced adenoma	467	all	mags
kjonn	1	0.4401151818545941	1.5262370602055295	0.00112557760076631	0.007	0.00324337174028376	final_result	1. Negative	5c. Advanced adenoma	467	all	mags
age_invitation	2	0.9629776441221908	1.6697130992112323	0.00285994755832276	0.001	0.0070965388294713	final_result	1. Negative	5c. Advanced adenoma	467	all	mags
senter	1	0.6533327601083556	2.2656357068208974	0.00270281568902764	0.001	0.0048146510243246	final_result	1. Negative	5c. Advanced adenoma	467	all	mags
Total_Reads_QC_ATLAS	1	0.4291709349057839	1.4882844605725682	0.00104448491396098	0.02	0.00316271953209844	final_result	1. Negative	5c. Advanced adenoma	467	all	mags
final_result	1	0.371094206176835	1.2314792103810015	9.362853432755024e-4	0.1	0.0049792978497213	final_result	1. Negative	5d. Advanced serrated	247	all	mags
kjonn	1	0.4468906106439477	1.4830102091657134	0.00195169037566452	0.022	0.00599632497517271	final_result	1. Negative	5d. Advanced serrated	247	all	mags
age_invitation	2	0.6180691951438604	1.0255338829433005	2.0670935101966105e-4	0.381	0.0082931788293463	final_result	1. Negative	5d. Advanced serrated	247	all	mags
senter	1	0.421352075442968	1.3982603676427146	0.00160979453554315	0.035	0.00565365195227277	final_result	1. Negative	5d. Advanced serrated	247	all	mags
Total_Reads_QC_ATLAS	1	0.2899362602642981	0.9621558917062576	-1.5323849177255018e-4	0.531	0.00389033019988005	final_result	1. Negative	5d. Advanced serrated	247	all	mags
final_result	1	0.3678376544457507	1.214579071532497	9.12269436611919e-4	0.12	0.00515228183139159	final_result	1. Negative	6. Cancer	235	all	mags
kjonn	1	0.6035569588456582	1.992910844857105	0.0042073757271033	0.002	0.00845398918703977	final_result	1. Negative	6. Cancer	235	all	mags
age_invitation	2	0.5707844761164722	0.9423489828567168	-4.908878070183911e-4	0.689	0.00799494682067409	final_result	1. Negative	6. Cancer	235	all	mags
senter	1	0.3823679325421381	1.262557225661418	0.00111601790254101	0.073	0.00535580663896978	final_result	1. Negative	6. Cancer	235	all	mags
Total_Reads_QC_ATLAS	1	0.34982309256226074	1.1550960099642558	6.595477308205298e-4	0.191	0.00489995285209599	final_result	1. Negative	6. Cancer	235	all	mags
detect_worthy_lesions	1	0.5697783029724519	1.950284846773694	9.181937148936436e-4	0.001	0.00187579408909775	detect_worthy_lesions	negative	positive	1034	all	mags
kjonn	1	0.7235131064820166	2.4765011946800333	0.00142591472908996	0.001	0.0023819117039796	detect_worthy_lesions	negative	positive	1034	all	mags
age_invitation	2	1.0223938065371954	1.7497675305663345	0.00144812721817797	0.001	0.00336587098706239	detect_worthy_lesions	negative	positive	1034	all	mags
senter	1	0.7491459549976867	2.564239453190333	0.00151051899398949	0.001	0.00246629881644351	detect_worthy_lesions	negative	positive	1034	all	mags
Total_Reads_QC_ATLAS	1	0.547689720932226	1.8746782000919353	8.452020505644425e-4	0.001	0.00180307522386288	detect_worthy_lesions	negative	positive	1034	all	mags
final_result_cat_neg	1	0.34261873873904847	1.1467925233263834	2.4789887436669827e-4	0.199	0.00192850802018501	final_result_cat_neg	Negative	>= 3 Non-advanced adenomas	592	all	mags
kjonn	1	0.6686856525485609	2.2381837888393226	0.00208716131677735	0.001	0.00376385030389342	final_result_cat_neg	Negative	>= 3 Non-advanced adenomas	592	all	mags
age_invitation	2	0.7997716414111267	1.3384734035771797	0.00114218514960161	0.012	0.00450169780688095	final_result_cat_neg	Negative	>= 3 Non-advanced adenomas	592	all	mags
senter	1	0.6144419647851294	2.056622629068278	0.0017816555599433	0.001	0.00345852728717465	final_result_cat_neg	Negative	>= 3 Non-advanced adenomas	592	all	mags
Total_Reads_QC_ATLAS	1	0.4075627959340693	1.3641693063354872	6.147726773581411e-4	0.035	0.0022940605163062	final_result_cat_neg	Negative	>= 3 Non-advanced adenomas	592	all	mags
final_result_cat_neg	1	0.3596186600555029	1.2019339471239938	3.823044448455363e-4	0.118	0.0022661327772387	final_result_cat_neg	Negative	Advanced serrated	528	all	mags
kjonn	1	0.6022609692400351	2.012904179793328	0.00191470599637599	0.001	0.00379514044859562	final_result_cat_neg	Negative	Advanced serrated	528	all	mags
age_invitation	2	0.7741275511013725	1.293662268427756	0.00111112111394294	0.02	0.00487815570260898	final_result_cat_neg	Negative	Advanced serrated	528	all	mags
senter	1	0.5504634922318417	1.8397842811153404	0.001587974857559	0.001	0.00346873925348405	final_result_cat_neg	Negative	Advanced serrated	528	all	mags
Total_Reads_QC_ATLAS	1	0.4556116257651297	1.5227660311813196	9.89107877238495e-4	0.013	0.00287103132712308	final_result_cat_neg	Negative	Advanced serrated	528	all	mags
final_result_cat_neg	1	0.5097664153051653	1.7451519892869292	9.952010871885962e-4	0.005	0.00231788551133173	final_result_cat_neg	Negative	Advanced adenoma	748	all	mags
kjonn	1	0.5926511105724046	2.028902323722894	0.00137364836060519	0.001	0.00269475858202249	final_result_cat_neg	Negative	Advanced adenoma	748	all	mags
age_invitation	2	0.9243043890293166	1.582147817893729	0.00155412590078036	0.001	0.00420277147938207	final_result_cat_neg	Negative	Advanced adenoma	748	all	mags
senter	1	0.7395270508892224	2.5317225012130873	0.00204357261371363	0.001	0.00336259703469846	final_result_cat_neg	Negative	Advanced adenoma	748	all	mags
Total_Reads_QC_ATLAS	1	0.5713806237916685	1.9560842031013512	0.00127655575976612	0.001	0.00259804261241801	final_result_cat_neg	Negative	Advanced adenoma	748	all	mags
final_result_cat_neg	1	0.38150478378935304	1.2717984361256114	5.264638451082061e-4	0.083	0.00245211002933904	final_result_cat_neg	Negative	Cancer	516	all	mags
kjonn	1	0.6492598529133033	2.1643966226913873	0.00225150190209419	0.001	0.00417309733619213	final_result_cat_neg	Negative	Cancer	516	all	mags
age_invitation	2	0.7785462021327021	1.297695185482413	0.00115252745584369	0.012	0.00500408128986272	final_result_cat_neg	Negative	Cancer	516	all	mags
senter	1	0.5172616121460294	1.7243624126044104	0.0014018352245331201	0.001	0.00332468278467432	final_result_cat_neg	Negative	Cancer	516	all	mags
Total_Reads_QC_ATLAS	1	0.4944115605768218	1.6481886368460608	0.00125460352151098	0.006	0.00317781479505901	final_result_cat_neg	Negative	Cancer	516	all	mags
kjonn	1	0.7804739936587453	2.669004453035009	0.00161152303087071	0.001	0.00256943533364129	kjonn	Female	Male	1034	all	mags
age_invitation	2	1.0011394181385072	1.7118094816935567	0.00137491451548339	0.001	0.0032958984101537	kjonn	Female	Male	1034	all	mags
senter	1	0.7804124193822304	2.668793886098064	0.0016113200435791	0.001	0.00256923262205448	kjonn	Female	Male	1034	all	mags
Total_Reads_QC_ATLAS	1	0.5485904715009724	1.8760271619875064	8.465044498034189e-4	0.001	0.00180604062739578	kjonn	Female	Male	1034	all	mags
kjonn	1	0.5831590253955881	1.9385969051151817	0.00208142951514234	0.001	0.00428884486329218	kjonn	Female	Male	450	negative	mags
age_invitation	2	0.7476325019596572	1.24267823299085	0.00107740786468461	0.041	0.00549846555746065	kjonn	Female	Male	450	negative	mags
senter	1	0.5798109227650627	1.9274667997495971	0.00205679819491118	0.001	0.00426422123209834	kjonn	Female	Male	450	negative	mags
Total_Reads_QC_ATLAS	1	0.4682787921449574	1.5567002783974366	0.00123558317533276	0.008	0.00344395783108592	kjonn	Female	Male	450	negative	mags
kjonn	1	0.42197560474872375	1.4792628037606192	8.199825627030539e-4	0.01	0.00252465268722357	kjonn	Female	Male	584	positive	mags
age_invitation	2	0.9713373963635376	1.7025430666754824	0.00240019461161787	0.001	0.00581144867222889	kjonn	Female	Male	584	positive	mags
senter	1	0.5020893299935096	1.760106654664937	0.00129986065399263	0.003	0.0030039679117214	kjonn	Female	Male	584	positive	mags
Total_Reads_QC_ATLAS	1	0.3621850560110431	1.269663163950269	4.615388765693953e-4	0.075	0.00216692971024948	kjonn	Female	Male	584	positive	mags
age_invitation	1	0.3319433742021545	1.143562506013576	2.071179965872229e-4	0.185	0.00164407143163268	age_invitation	low	mid	693	all	mags
kjonn	1	0.657460484600108	2.2649861928448147	0.00182205097189424	0.001	0.00325631443241322	age_invitation	low	mid	693	all	mags
senter	1	0.7288459976801107	2.5109130664480146	0.00217550658747309	0.001	0.00360987739467859	age_invitation	low	mid	693	all	mags
Total_Reads_QC_ATLAS	1	0.46739444372150274	1.610198614880242	8.797428528282763e-4	0.004	0.00231494258342508	age_invitation	low	mid	693	all	mags
age_invitation	1	0.6349220045333936	2.1613790082299627	0.00168765502345355	0.001	0.00313422200037113	age_invitation	low	high	687	all	mags
kjonn	1	0.5936046877898207	2.020728061423393	0.00148357167130619	0.001	0.0029302636524018	age_invitation	low	high	687	all	mags
senter	1	0.5339030189103653	1.8174937539793137	0.0011885329486425	0.002	0.00263555299073813	age_invitation	low	high	687	all	mags
Total_Reads_QC_ATLAS	1	0.4479956748610334	1.5250510149416727	7.636827402384527e-4	0.011	0.00221148092237322	age_invitation	low	high	687	all	mags
age_invitation	1	0.37831738023845674	1.2626576422861897	8.050496620859601e-4	0.081	0.00385593043684092	age_invitation	low	mid	326	negative	mags
kjonn	1	0.5618440683194876	1.8751893084838285	0.00267744184052427	0.002	0.00572649250855492	age_invitation	low	mid	326	negative	mags
senter	1	0.5438068723767344	1.8149890520531675	0.00249373217066051	0.001	0.00554265170064097	age_invitation	low	mid	326	negative	mags
Total_Reads_QC_ATLAS	1	0.4347249027132421	1.4509212353844634	0.00138128339071014	0.019	0.00443085375292072	age_invitation	low	mid	326	negative	mags
age_invitation	1	0.3912355255664437	1.2859013192947648	9.457977300528372e-4	0.068	0.00424705849391102	age_invitation	low	high	302	negative	mags
kjonn	1	0.45730713903975584	1.5030635384216084	0.00166300311982696	0.007	0.00496429910441529	age_invitation	low	high	302	negative	mags
senter	1	0.4335058219795655	1.424834075582468	0.0014047592251511	0.014	0.00470592383125881	age_invitation	low	high	302	negative	mags
Total_Reads_QC_ATLAS	1	0.4520901379262483	1.4859164539258722	0.00160641017480192	0.01	0.00490766593221094	age_invitation	low	high	302	negative	mags
age_invitation	1	0.3023452615606317	1.0772061061083047	2.1032661473942675e-4	0.311	0.00292992133093523	age_invitation	low	mid	367	positive	mags
kjonn	1	0.43102233150041513	1.5356612005912826	0.00145744007218644	0.008	0.00417688544763005	age_invitation	low	mid	367	positive	mags
senter	1	0.486779429802084	1.7343145098557111	0.00199686154074161	0.008	0.00471720782881066	age_invitation	low	mid	367	positive	mags
Total_Reads_QC_ATLAS	1	0.36944064178193514	1.3162558365157797	8.609905809791815e-4	0.066	0.00358011900462421	age_invitation	low	mid	367	positive	mags
age_invitation	1	0.6790902163197075	2.3857315933925167	0.00358639432071671	0.001	0.00617944182551507	age_invitation	low	high	385	positive	mags
kjonn	1	0.3720242796503044	1.3069693188643672	7.966876887978945e-4	0.049	0.00338526802261558	age_invitation	low	high	385	positive	mags
senter	1	0.3767893904635145	1.3237097682772616	8.400982344738961e-4	0.06	0.00342862857229622	age_invitation	low	high	385	positive	mags
Total_Reads_QC_ATLAS	1	0.2909464986964849	1.0221326080780335	5.748398911021325e-5	0.395	0.00264749354331119	age_invitation	low	high	385	positive	mags
senter	1	0.7804124193822304	2.668793886098064	0.0016113200435791	0.001	0.00256923262205448	senter	Moss	Bærum	1034	all	mags
kjonn	1	0.7804739936587453	2.669004453035009	0.00161152303087071	0.001	0.00256943533364129	senter	Moss	Bærum	1034	all	mags
age_invitation	2	1.0011394181385072	1.7118094816935567	0.00137491451548339	0.001	0.0032958984101537	senter	Moss	Bærum	1034	all	mags
Total_Reads_QC_ATLAS	1	0.5485904715009724	1.8760271619875064	8.465044498034189e-4	0.002	0.00180604062739578	senter	Moss	Bærum	1034	all	mags
senter	1	0.5798109227650627	1.9274667997495971	0.00205679819491118	0.001	0.00426422123209834	senter	Moss	Bærum	450	negative	mags
kjonn	1	0.5831590253955881	1.9385969051151817	0.00208142951514234	0.001	0.00428884486329218	senter	Moss	Bærum	450	negative	mags
age_invitation	2	0.7476325019596572	1.24267823299085	0.00107740786468461	0.04	0.00549846555746065	senter	Moss	Bærum	450	negative	mags
Total_Reads_QC_ATLAS	1	0.46827879214492896	1.556700278397342	0.00123558317533255	0.009	0.00344395783108571	senter	Moss	Bærum	450	negative	mags
senter	1	0.5020893299935096	1.760106654664937	0.00129986065399263	0.002	0.0030039679117214	senter	Moss	Bærum	584	positive	mags
kjonn	1	0.42197560474872375	1.4792628037606192	8.199825627030539e-4	0.013	0.00252465268722357	senter	Moss	Bærum	584	positive	mags
age_invitation	2	0.9713373963635376	1.7025430666754824	0.00240019461161787	0.001	0.00581144867222889	senter	Moss	Bærum	584	positive	mags
Total_Reads_QC_ATLAS	1	0.3621850560110431	1.269663163950269	4.615388765693953e-4	0.076	0.00216692971024948	senter	Moss	Bærum	584	positive	mags
fobt_verdi	1	0.30805773974503836	1.0543704608267028	7.879156071483696e-5	0.335	0.00152109662631961	fobt_verdi	low	mid	690	all	mags
kjonn	1	0.6552298589525662	2.242615325630233	0.00179765439525869	0.002	0.00323532831456047	fobt_verdi	low	mid	690	all	mags
age_invitation	2	0.9213213456547747	1.5766752242477111	0.0016687330644451	0.001	0.00454920818347755	fobt_verdi	low	mid	690	all	mags
senter	1	0.6131120479620051	2.0984612595130057	0.00158944249059834	0.001	0.00302736320951642	fobt_verdi	low	mid	690	all	mags
Total_Reads_QC_ATLAS	1	0.44700825466784977	1.529947924235109	7.674510364512893e-4	0.009	0.00220719254992598	fobt_verdi	low	mid	690	all	mags
fobt_verdi	1	0.2903739841118522	0.9924689936814068	-1.0867371083453902e-5	0.485	0.00142547228139949	fobt_verdi	low	high	693	all	mags
kjonn	1	0.6919103490692464	2.3648797944446316	0.00196565211484872	0.001	0.00339665079441736	fobt_verdi	low	high	693	all	mags
age_invitation	2	0.7649214086426639	1.307212116476178	8.858296648484915e-4	0.023	0.00375506872216609	fobt_verdi	low	high	693	all	mags
senter	1	0.6209047115476665	2.1221896862646794	0.00161670337433225	0.001	0.0030480776658029	fobt_verdi	low	high	693	all	mags
Total_Reads_QC_ATLAS	1	0.5871555144831291	2.006838334280975	0.00145076140272268	0.001	0.00288239978979713	fobt_verdi	low	high	693	all	mags
fobt_verdi	1	0.2529702926186701	0.8439746487333153	-4.832840737896574e-4	0.804	0.0026085935642288	fobt_verdi	low	mid	323	negative	mags
kjonn	1	0.4627271415316727	1.5437780171375826	0.00168069378576885	0.012	0.00477157626256556	fobt_verdi	low	mid	323	negative	mags
age_invitation	2	0.6765565741161765	1.1285842916121402	7.955541538379564e-4	0.156	0.00697655486265541	fobt_verdi	low	mid	323	negative	mags
senter	1	0.3940762259882007	1.314740718997753	9.734808821206922e-4	0.054	0.00406365781644562	fobt_verdi	low	mid	323	negative	mags
Total_Reads_QC_ATLAS	1	0.4461466611911504	1.488461225089135	0.00150998036603616	0.014	0.00460060071496122	fobt_verdi	low	mid	323	negative	mags
fobt_verdi	1	0.2909985426926198	0.9646328196846812	-1.1559238069245036e-4	0.537	0.00314081277150463	fobt_verdi	low	high	306	negative	mags
kjonn	1	0.5116636932672094	1.696117054744081	0.00226972894677967	0.005	0.00552250141069052	fobt_verdi	low	high	306	negative	mags
age_invitation	2	0.5914479768188272	0.9802972281173812	-1.2879287228236244e-4	0.518	0.00638363114153238	fobt_verdi	low	high	306	negative	mags
senter	1	0.623465718025912	2.0667302591660803	0.00347393629477786	0.002	0.00672920582918353	fobt_verdi	low	high	306	negative	mags
Total_Reads_QC_ATLAS	1	0.4021609009327136	1.3331255897162058	0.00108746185733231	0.055	0.00434061312528116	fobt_verdi	low	high	306	negative	mags
fobt_verdi	1	0.317782454357328	1.1139700251446738	3.104486193670802e-4	0.219	0.0030238685460629	fobt_verdi	low	mid	367	positive	mags
kjonn	1	0.4101837970648745	1.437878172520192	0.00119170667623602	0.014	0.00390311631445338	fobt_verdi	low	mid	367	positive	mags
age_invitation	2	0.8763491859212564	1.535998465759387	0.00291246533410751	0.002	0.0083389271570525	fobt_verdi	low	mid	367	positive	mags
senter	1	0.4812981343400651	1.6871658188214989	0.00186888714837575	0.005	0.00457980693947686	fobt_verdi	low	mid	367	positive	mags
Total_Reads_QC_ATLAS	1	0.2950783192952571	1.0343818491481975	9.367473688698884e-5	0.399	0.00280782666288655	fobt_verdi	low	mid	367	positive	mags
fobt_verdi	1	0.3052538354878891	1.070734966167708	1.827442887768066e-4	0.319	0.0027611078778364	fobt_verdi	low	high	387	positive	mags
kjonn	1	0.3920713896073949	1.3752637879737826	9.687345141872036e-4	0.036	0.00354639738036049	fobt_verdi	low	high	387	positive	mags
age_invitation	2	0.7714237799413155	1.352956652610514	0.0018207442316344	0.008	0.00697774778993991	fobt_verdi	low	high	387	positive	mags
senter	1	0.31374443565989907	1.1005173355632971	2.5966727261219914e-4	0.245	0.00283790777450281	fobt_verdi	low	high	387	positive	mags
Total_Reads_QC_ATLAS	1	0.4145317648283253	1.4540477582516964	0.00117187511881407	0.022	0.003749557870916	fobt_verdi	low	high	387	positive	mags
runde	1	0.30066870930801315	1.0252089487866185	3.2401197926065644e-5	0.368	0.00131243426198993	runde	2nd round	3rd round	778	all	mags
kjonn	1	0.6199525115881954	2.113890947168205	0.00142968949740332	0.001	0.00270612435490099	runde	2nd round	3rd round	778	all	mags
age_invitation	2	0.767675565367	1.308795752624897	7.931897660517087e-4	0.019	0.00335094302429726	runde	2nd round	3rd round	778	all	mags
senter	1	0.7598457450022806	2.59089367585552	0.0020406776025234	0.001	0.00331676545877827	runde	2nd round	3rd round	778	all	mags
Total_Reads_QC_ATLAS	1	0.4741031107409413	1.6165791009574542	7.9189053702067e-4	0.003	0.0020694842761805	runde	2nd round	3rd round	778	all	mags
runde	1	0.3788966541766001	1.3050245606264523	5.762736918653885e-4	0.05	0.00245501760102372	runde	2nd round	4th round	529	all	mags
kjonn	1	0.5849034608539512	2.014568810771409	0.00191422815612005	0.001	0.00378981517906689	runde	2nd round	4th round	529	all	mags
age_invitation	2	0.92055383675455	1.585320631762119	0.00220804618817503	0.001	0.00596462345869378	runde	2nd round	4th round	529	all	mags
senter	1	0.39526435900725687	1.361399449582678	6.827083537984685e-4	0.042	0.00256107027529435	runde	2nd round	4th round	529	all	mags
Total_Reads_QC_ATLAS	1	0.45912106484249193	1.581339553452898	0.00109773421008959	0.01	0.00297482250836587	runde	2nd round	4th round	529	all	mags
runde	1	0.33704215773731505	1.1090175279510317	3.1589301471150993e-4	0.218	0.00319724745646838	runde	2nd round	3rd round	345	negative	mags
kjonn	1	0.5574278052875599	1.8341836249250192	0.00241209129815152	0.001	0.00528786856987026	runde	2nd round	3rd round	345	negative	mags
age_invitation	2	0.7181093030115591	1.181448352590383	0.00105076923040332	0.089	0.00681212450671952	runde	2nd round	3rd round	345	negative	mags
senter	1	0.530855062224262	1.746747566418936	0.00215981082013066	0.001	0.00503579436128792	runde	2nd round	3rd round	345	negative	mags
Total_Reads_QC_ATLAS	1	0.5025368595536719	1.653568175055583	0.00189081853980626	0.005	0.00476716238341272	runde	2nd round	3rd round	345	negative	mags
runde	1	0.3125348864921733	1.0507983816762798	2.2275029088589907e-4	0.337	0.00459693095441741	runde	2nd round	4th round	228	negative	mags
kjonn	1	0.4586851986494054	1.5421819619862769	0.00237234963511663	0.006	0.00674658823426215	runde	2nd round	4th round	228	negative	mags
age_invitation	2	0.6525413089883045	1.0969804989738372	8.499830455610476e-4	0.213	0.00959792801370837	runde	2nd round	4th round	228	negative	mags
senter	1	0.4665402039687194	1.568591899674307	0.00248762043353655	0.006	0.00686212387095458	runde	2nd round	4th round	228	negative	mags
Total_Reads_QC_ATLAS	1	0.37186404404674533	1.2502736576823796	0.00109648787566286	0.085	0.00546957606589027	runde	2nd round	4th round	228	negative	mags
runde	1	0.2489998820120007	0.8771866221670452	-2.837141379320395e-4	0.725	0.00202446320421849	runde	2nd round	3rd round	433	positive	mags
kjonn	1	0.32212130650718507	1.1347816653561904	3.1117719255417355e-4	0.21	0.00261896803745133	runde	2nd round	3rd round	433	positive	mags
age_invitation	2	0.7175341765454135	1.2638788732095636	0.00121735629838914	0.036	0.00583382420283796	runde	2nd round	3rd round	433	positive	mags
senter	1	0.46751124498645424	1.6469670848880682	0.0014919211570582	0.004	0.00380104321891943	runde	2nd round	3rd round	433	positive	mags
Total_Reads_QC_ATLAS	1	0.2981726497739743	1.0504143912213748	1.1641691023953154e-4	0.342	0.00242425640162611	runde	2nd round	3rd round	433	positive	mags
runde	1	0.37587302522996424	1.321954447440212	0.00106847324825901	0.057	0.0043773551002954	runde	2nd round	4th round	301	positive	mags
kjonn	1	0.3232890761149889	1.1370154368421994	4.549936733730288e-4	0.189	0.00376497112378821	runde	2nd round	4th round	301	positive	mags
age_invitation	2	0.8784024262721601	1.5446812036356057	0.00360609323873693	0.002	0.01022972941035559	runde	2nd round	4th round	301	positive	mags
senter	1	0.268743112481431	0.945175974110928	-1.821728017789801e-4	0.579	0.00312973785062156	runde	2nd round	4th round	301	positive	mags
Total_Reads_QC_ATLAS	1	0.35636877805782774	1.2533575422023215	8.41011513595592e-4	0.092	0.00415021186280412	runde	2nd round	4th round	301	positive	mags
colo_hemorrhoids	1	0.3070435716474549	1.0500549274287705	4.8406677404299494e-5	0.361	0.00101083265857458	colo_hemorrhoids	No	Yes	1034	all	mags
kjonn	1	0.7726464449360151	2.6423650634084517	0.00158584190721851	0.001	0.00254366589042167	colo_hemorrhoids	No	Yes	1034	all	mags
age_invitation	2	0.9960632057949396	1.7032127910438593	0.001358331904592	0.001	0.00327918677150513	colo_hemorrhoids	No	Yes	1034	all	mags
senter	1	0.7645950780511725	2.6148302825152925	0.00155929621254532	0.001	0.00251715960484892	colo_hemorrhoids	No	Yes	1034	all	mags
Total_Reads_QC_ATLAS	1	0.5515855784672112	1.8863614419948556	8.564819046989981e-4	0.001	0.0018159009606415	colo_hemorrhoids	No	Yes	1034	all	mags
colo_hemorrhoids	1	0.34855669416023716	1.1591230933830428	3.5348188056167306e-4	0.179	0.00256346128965622	colo_hemorrhoids	No	Yes	450	negative	mags
kjonn	1	0.5805556738517623	1.9306342406574817	0.00206380797841472	0.001	0.00426969850627832	colo_hemorrhoids	No	Yes	450	negative	mags
age_invitation	2	0.751296527493281	1.2492159375880592	0.00110640091043474	0.049	0.00552541264462644	colo_hemorrhoids	No	Yes	450	negative	mags
senter	1	0.6228336417549372	2.071229356915236	0.00237485631358592	0.001	0.0045806319525179	colo_hemorrhoids	No	Yes	450	negative	mags
Total_Reads_QC_ATLAS	1	0.4689819342162025	1.559596471498384	0.0012420032241701	0.01	0.00344912909163252	colo_hemorrhoids	No	Yes	450	negative	mags
colo_hemorrhoids	1	0.3736441834089419	1.3105376013215335	5.314598682343386e-4	0.063	0.00223548892659462	colo_hemorrhoids	No	Yes	584	positive	mags
kjonn	1	0.4272291697751882	1.4984841628297811	8.528408136827833e-4	0.018	0.00255608442619688	colo_hemorrhoids	No	Yes	584	positive	mags
age_invitation	2	0.9882699531727042	1.7331528114162862	0.00250450898497511	0.001	0.00591275506190818	colo_hemorrhoids	No	Yes	584	positive	mags
senter	1	0.4688615745335767	1.6445076640429408	0.00110239240357885	0.005	0.00280516840490564	colo_hemorrhoids	No	Yes	584	positive	mags
Total_Reads_QC_ATLAS	1	0.3717808176899098	1.3040019426702325	5.202804390514168e-4	0.047	0.00222434053029661	colo_hemorrhoids	No	Yes	584	positive	mags
colo_diverticulitis	1	0.5543296845480654	1.8973083332907863	8.670506011228376e-4	0.001	0.00182493496200566	colo_diverticulitis	No	Yes	1034	all	mags
kjonn	1	0.7914278332184495	2.7088259298035733	0.00164990959526629	0.001	0.00260549698672957	colo_diverticulitis	No	Yes	1034	all	mags
age_invitation	2	0.9758798439505084	1.6700755992594387	0.00129440667105154	0.001	0.00321274017175151	colo_diverticulitis	No	Yes	1034	all	mags
senter	1	0.741927562775345	2.5394009860746105	0.00148656920693576	0.001	0.00244253480613842	colo_diverticulitis	No	Yes	1034	all	mags
Total_Reads_QC_ATLAS	1	0.5447866013298608	1.864645151397598	8.355152100795783e-4	0.001	0.00179351772656674	colo_diverticulitis	No	Yes	1034	all	mags
colo_diverticulitis	1	0.4292836068826773	1.4284455679993426	9.511956276630448e-4	0.02	0.0031571676199736	colo_diverticulitis	No	Yes	450	negative	mags
kjonn	1	0.5856941818800578	1.9489033471017685	0.00210423695469414	0.002	0.00430748967953023	colo_diverticulitis	No	Yes	450	negative	mags
age_invitation	2	0.7420812693608809	1.234641485626983	0.00104176464188327	0.039	0.0054576390000734	colo_diverticulitis	No	Yes	450	negative	mags
senter	1	0.5725188740864553	1.9050623764169916	0.00200721271934055	0.002	0.00421059183744581	colo_diverticulitis	No	Yes	450	negative	mags
Total_Reads_QC_ATLAS	1	0.45814601033285385	1.5244855090294722	0.00116416649016729	0.011	0.0033694362557811	colo_diverticulitis	No	Yes	450	negative	mags
colo_diverticulitis	1	0.40096708093088296	1.4066048701063736	6.957568013741871e-4	0.031	0.00239896005116965	colo_diverticulitis	No	Yes	584	positive	mags
kjonn	1	0.426217613716517	1.4951845168609057	8.472003362529349e-4	0.016	0.00255003235187538	colo_diverticulitis	No	Yes	584	positive	mags
age_invitation	2	0.9603548819185904	1.6844772528470644	0.00233861822557727	0.001	0.00574574100028321	colo_diverticulitis	No	Yes	584	positive	mags
senter	1	0.48549015106448223	1.7031144035330272	0.00120251523587365	0.005	0.00290465610028664	colo_diverticulitis	No	Yes	584	positive	mags
Total_Reads_QC_ATLAS	1	0.3629177491335156	1.273126642202433	4.6746398173758624e-4	0.076	0.00217131336570193	colo_diverticulitis	No	Yes	584	positive	mags
colo_IBD	1	0.1634464725021871	0.5587016329504957	-4.26969814440422e-4	1	5.380898595191062e-4	colo_IBD	No	Yes	1034	all	mags
kjonn	1	0.7817486188052385	2.672215699714393	0.00161461867409914	0.001	0.00257363158734757	colo_IBD	No	Yes	1034	all	mags
age_invitation	2	0.998890312097501	1.7072306301986302	0.00136608219540941	0.001	0.00328849402182324	colo_IBD	No	Yes	1034	all	mags
senter	1	0.7747992481679944	2.6484609825671352	0.00159171866195133	0.001	0.00255075323572153	colo_IBD	No	Yes	1034	all	mags
Total_Reads_QC_ATLAS	1	0.5480324097895277	1.873314226803562	8.43885154634653e-4	0.002	0.00180420340605159	colo_IBD	No	Yes	1034	all	mags
colo_IBD	1	0.18166669766992527	0.6033755495237333	-8.821651972507901e-4	0.999	0.00133606829218561	colo_IBD	No	Yes	450	negative	mags
kjonn	1	0.5808586754413056	1.92922493217119	0.00206068908554544	0.001	0.0042719269324096	colo_IBD	No	Yes	450	negative	mags
age_invitation	2	0.7479375401483139	1.2420747172835531	0.00107473134221213	0.034	0.00550070896176643	colo_IBD	No	Yes	450	negative	mags
senter	1	0.5804648752320816	1.927916990645909	0.0020577945070213	0.001	0.0042690307275479	colo_IBD	No	Yes	450	negative	mags
Total_Reads_QC_ATLAS	1	0.45445494267278264	1.5093960769143304	0.00113071132666756	0.01	0.00334229028721237	colo_IBD	No	Yes	450	negative	mags
colo_IBD	1	0.33134960148416326	1.161892826685069	2.771369181609747e-4	0.187	0.00198244318482722	colo_IBD	No	Yes	584	positive	mags
kjonn	1	0.42586973757559576	1.4933320908641172	8.440337361922633e-4	0.012	0.00254795103147649	colo_IBD	No	Yes	584	positive	mags
age_invitation	2	0.9825566015677508	1.7226902674095912	0.00246885633207796	0.002	0.00587857244964298	colo_IBD	No	Yes	584	positive	mags
senter	1	0.49962190271904205	1.751947496613318	0.00128592559602834	0.002	0.00298920545429753	colo_IBD	No	Yes	584	positive	mags
Total_Reads_QC_ATLAS	1	0.3575106494277236	1.253627761050577	4.3410558189003887e-4	0.098	0.00213896303869561	colo_IBD	No	Yes	584	positive	mags
BMI	1	0.5766358512349825	1.9537077780305432	0.00149494824844309	0.001	0.00305109493731546	BMI	low	mid	637	all	mags
kjonn	1	0.5617198248456532	1.9031705859504304	0.00141584276046287	0.002	0.0029721712760414	BMI	low	mid	637	all	mags
age_invitation	2	0.8910658180769531	1.5095161147070897	0.00159718155405709	0.001	0.00471480640776453	BMI	low	mid	637	all	mags
senter	1	0.5206007090115463	1.7638543497872086	0.00119770718358752	0.001	0.00275460185873993	BMI	low	mid	637	all	mags
Total_Reads_QC_ATLAS	1	0.4312065678313388	1.4609768430208785	7.231451959676541e-4	0.017	0.00228159968415012	BMI	low	mid	637	all	mags
BMI	1	0.7794645465868655	2.6240469974157996	0.00260003918392613	0.001	0.00418407266230975	BMI	low	high	623	all	mags
kjonn	1	0.5094545193848887	1.7150653070310575	0.00114646149629087	0.005	0.00273469106014165	BMI	low	high	623	all	mags
age_invitation	2	0.6954784179706621	1.17065494667757	5.4754897186829e-4	0.097	0.00373324514706865	BMI	low	high	623	all	mags
senter	1	0.6120619195380925	2.0604904344004016	0.00169933916768582	0.002	0.00328547533867183	BMI	low	high	623	all	mags
Total_Reads_QC_ATLAS	1	0.5229716710447576	1.7605704443487304	0.00121933075026996	0.002	0.00280724951707212	BMI	low	high	623	all	mags
BMI	1	0.431384788141969	1.427226589726342	0.00145598823494213	0.026	0.00484327096662627	BMI	low	mid	293	negative	mags
kjonn	1	0.44515602628816	1.4727884124794173	0.00161101277919814	0.024	0.00499788429496179	BMI	low	mid	293	negative	mags
age_invitation	2	0.7623969384904115	1.261186314920978	0.00177966887212619	0.041	0.00855963181534385	BMI	low	mid	293	negative	mags
senter	1	0.5366446039985959	1.7754762548740977	0.00263969023132927	0.003	0.00602505072359594	BMI	low	mid	293	negative	mags
Total_Reads_QC_ATLAS	1	0.3979848058280311	1.316723521085095	0.00107980041943407	0.058	0.00446828054259284	BMI	low	mid	293	negative	mags
BMI	1	0.5717073981154925	1.875180025865923	0.00309387350910708	0.001	0.00661193740347139	BMI	low	high	282	negative	mags
kjonn	1	0.4806992528142757	1.5766765312068065	0.00204077894285489	0.011	0.0055594057029526	BMI	low	high	282	negative	mags
age_invitation	2	0.6093049023343582	0.9992492543263922	-5.3244657512584666e-6	0.468	0.00704676183506231	BMI	low	high	282	negative	mags
senter	1	0.39408794457466456	1.2925945064501037	0.0010364937378597	0.077	0.00455772451008934	BMI	low	high	282	negative	mags
Total_Reads_QC_ATLAS	1	0.4532973672355496	1.4867993166077562	0.00172326394644075	0.012	0.00524249612161634	BMI	low	high	282	negative	mags
BMI	1	0.4106460517582633	1.422296518305563	0.00122610098874106	0.028	0.004127218064779	BMI	low	mid	344	positive	mags
kjonn	1	0.3780183028563045	1.30928840958345	8.982865696481785e-4	0.043	0.00379929129157698	BMI	low	mid	344	positive	mags
age_invitation	2	0.7267346559781629	1.2585439047861644	0.0015009061317102	0.037	0.00730408191582881	BMI	low	mid	344	positive	mags
senter	1	0.34884201219703925	1.2082346275147686	6.049670128900604e-4	0.126	0.00350605356688299	BMI	low	mid	344	positive	mags
Total_Reads_QC_ATLAS	1	0.29013266010190364	1.0048913670125532	1.4218887973120908e-5	0.441	0.00291599237549681	BMI	low	mid	344	positive	mags
BMI	1	0.452843205702564	1.56049297491298	0.00164097718102938	0.011	0.0045628377806832	BMI	low	high	341	positive	mags
kjonn	1	0.3172875170645	1.093369482354433	2.7373584686249224e-4	0.253	0.00319698176315791	BMI	low	high	341	positive	mags
age_invitation	2	0.628240097293002	1.082454419144249	4.83369871919224e-4	0.235	0.00633013284768461	BMI	low	high	341	positive	mags
senter	1	0.4059250511543979	1.398813502534225	0.00116817483471208	0.032	0.0040900915288317	BMI	low	high	341	positive	mags
Total_Reads_QC_ATLAS	1	0.3960980588898053	1.364949789442561	0.00106908981038523	0.032	0.00399107497959188	BMI	low	high	341	positive	mags
Høyde	1	0.28581889523880477	0.9749253971965336	-3.8816681294631675e-5	0.512	0.00150294728513988	Høyde	low	mid	646	all	mags
kjonn	1	0.45952194672327096	1.5674247710439184	8.775956679921654e-4	0.009	0.00241634571329827	Høyde	low	mid	646	all	mags
age_invitation	2	0.8549800692319991	1.45816423874757	0.00141645594207167	0.008	0.00449581883950436	Høyde	low	mid	646	all	mags
senter	1	0.6371041910367978	2.17315603288987	0.00181273902039016	0.001	0.00335014245111389	Høyde	low	mid	646	all	mags
Total_Reads_QC_ATLAS	1	0.47105611656164115	1.6067677091712598	9.383875014499845e-4	0.006	0.00247699687924178	Høyde	low	mid	646	all	mags
Høyde	1	0.3332599020173461	1.1328513520725825	2.0094501702780333e-4	0.21	0.00170695799553475	Høyde	low	high	661	all	mags
kjonn	1	0.27302410766120033	0.9280916415089816	-1.0879906513343054e-4	0.6	0.00139843011632936	Høyde	low	high	661	all	mags
age_invitation	2	0.8046550997985378	1.3676332079570526	0.00111111868027897	0.01	0.00412144529820284	Høyde	low	high	661	all	mags
senter	1	0.6583990140922538	2.2380976793266973	0.00186956577047643	0.001	0.00337232128604082	Høyde	low	high	661	all	mags
Total_Reads_QC_ATLAS	1	0.4290346018964328	1.458418567316863	6.930421541988576e-4	0.017	0.00219751623173096	Høyde	low	high	661	all	mags
Høyde	1	0.31043751330673786	1.027555473470248	9.46833829031006e-5	0.365	0.00351326200873928	Høyde	low	mid	291	negative	mags
kjonn	1	0.3931774875619283	1.3014267350812816	0.00103475886973738	0.061	0.00444964113721015	Høyde	low	mid	291	negative	mags
age_invitation	2	0.7523369943687754	1.2451265767193789	0.0016818852367619	0.041	0.00851429632949437	Høyde	low	mid	291	negative	mags
senter	1	0.5082219728430459	1.682226688295615	0.00233893815211672	0.006	0.00575161464919918	Høyde	low	mid	291	negative	mags
Total_Reads_QC_ATLAS	1	0.49621693974727066	1.6424897462767345	0.00220300459934931	0.008	0.00561575211686608	Høyde	low	mid	291	negative	mags
Høyde	1	0.36582736532062654	1.2204419715932984	7.416783654953553e-4	0.105	0.00409111330286926	Høyde	low	high	297	negative	mags
kjonn	1	0.26157520592613537	0.8726448327905229	-4.2898922964494814e-4	0.714	0.00292524263111719	Høyde	low	high	297	negative	mags
age_invitation	2	0.6731326157004105	1.1228237339887748	8.264123295666202e-4	0.169	0.0075277632559651	Høyde	low	high	297	negative	mags
senter	1	0.5217234005452127	1.740528992492674	0.00248716221133383	0.004	0.005834526737818	Høyde	low	high	297	negative	mags
Total_Reads_QC_ATLAS	1	0.39544640977706536	1.3192544947664728	0.0010737767229673	0.066	0.00442234841068524	Høyde	low	high	297	negative	mags
Høyde	1	0.23210113036527957	0.815055590235308	-5.212417197377284e-4	0.85	0.00229591556643493	Høyde	low	mid	355	positive	mags
kjonn	1	0.32313013113946454	1.134716661414789	3.79339600141734e-4	0.216	0.0031963631409278	Høyde	low	mid	355	positive	mags
age_invitation	2	0.6723266464982345	1.1804845388519436	0.00101578144229159	0.088	0.00665057171843574	Høyde	low	mid	355	positive	mags
senter	1	0.4126354106534933	1.449026972220565	0.00126326684882346	0.022	0.00408173825388377	Høyde	low	mid	355	positive	mags
Total_Reads_QC_ATLAS	1	0.3312960949789243	1.1633925858557272	4.6004906267536937e-4	0.171	0.00327713984143096	Høyde	low	mid	355	positive	mags
Høyde	1	0.23277897652214108	0.805141238731258	-5.356129949270687e-4	0.879	0.00221043137211919	Høyde	low	high	364	positive	mags
kjonn	1	0.27603769950168555	0.954765497442482	-1.2428605652598865e-4	0.566	0.00262120918298693	Høyde	low	high	364	positive	mags
age_invitation	2	0.6537469564664633	1.130597449585686	7.170538691162855e-4	0.135	0.00620787497045921	Høyde	low	high	364	positive	mags
senter	1	0.4197184780927472	1.4517318549076528	0.0012394833538272	0.018	0.00398557853159942	Høyde	low	high	364	positive	mags
Total_Reads_QC_ATLAS	1	0.34761225107673965	1.2023291905979592	5.555406277813073e-4	0.118	0.00330086950545517	Høyde	low	high	364	positive	mags
PhysAct_Score	1	0.4920334702032676	1.6728979220649869	9.914907816788324e-4	0.003	0.00245387348756939	PhysAct_Score	low	mid	678	all	mags
kjonn	1	0.6185100872528437	2.102914338965724	0.00162407540253202	0.001	0.00308463874272004	PhysAct_Score	low	mid	678	all	mags
age_invitation	2	0.9960915688660066	1.693339596444519	0.00204107503923452	0.001	0.00496771630397811	PhysAct_Score	low	mid	678	all	mags
senter	1	0.5434452330989359	1.847696256987874	0.00124872819288019	0.001	0.0027102746666736598	PhysAct_Score	low	mid	678	all	mags
Total_Reads_QC_ATLAS	1	0.45161106983175614	1.5354630651264038	7.89145290516687e-4	0.007	0.0022522785502685	PhysAct_Score	low	mid	678	all	mags
PhysAct_Score	1	0.8914650294527178	3.02902101263796	0.00277937034588496	0.001	0.00413366407733988	PhysAct_Score	low	high	728	all	mags
kjonn	1	0.6664060973933772	2.264315486602787	0.00173368620917529	0.001	0.00309008077120693	PhysAct_Score	low	high	728	all	mags
age_invitation	2	0.7246270445067182	1.2310693474336714	6.344031766638183e-4	0.046	0.00336004743246662	PhysAct_Score	low	high	728	all	mags
senter	1	0.5292561621490961	1.7983072619258178	0.00109537474767886	0.003	0.00245412563915108	PhysAct_Score	low	high	728	all	mags
Total_Reads_QC_ATLAS	1	0.5119453614420024	1.7394886012324589	0.00101475028154691	0.002	0.00237385660708727	PhysAct_Score	low	high	728	all	mags
PhysAct_Score	1	0.41183870636177744	1.3590038401814435	0.00126695758848703	0.039	0.00476952980090004	PhysAct_Score	low	mid	283	negative	mags
kjonn	1	0.4522538588268219	1.4923675734903423	0.00173679304915574	0.012	0.0052375802078004	PhysAct_Score	low	mid	283	negative	mags
age_invitation	2	0.7336453696559175	1.2104579527038115	0.00148512647368659	0.067	0.00849639288346157	PhysAct_Score	low	mid	283	negative	mags
senter	1	0.5375571619891133	1.7738552403534955	0.00272701387412187	0.001	0.00622548309371895	PhysAct_Score	low	mid	283	negative	mags
Total_Reads_QC_ATLAS	1	0.4957366856069711	1.635854156133833	0.00224179752600604	0.005	0.00574115754269304	PhysAct_Score	low	mid	283	negative	mags
PhysAct_Score	1	0.5110319447881722	1.6843203308244408	0.00213393760604971	0.003	0.005241367216047	PhysAct_Score	low	high	320	negative	mags
kjonn	1	0.4914596687439427	1.6198116777000875	0.00193316711920206	0.006	0.00504062538953718	PhysAct_Score	low	high	320	negative	mags
age_invitation	2	0.6243675754410276	1.0289327428041692	1.8079694907838673e-4	0.389	0.00640378703142688	PhysAct_Score	low	high	320	negative	mags
senter	1	0.468467143002485	1.544030155706596	0.00169720882164715	0.011	0.00480480398568081	PhysAct_Score	low	high	320	negative	mags
Total_Reads_QC_ATLAS	1	0.33615400937016204	1.1079366721487545	3.3718836612071294e-4	0.269	0.00344774259657261	PhysAct_Score	low	high	320	negative	mags
PhysAct_Score	1	0.32953064980165436	1.148576345000608	3.760012154792316e-4	0.151	0.0029007847534459	PhysAct_Score	low	mid	395	positive	mags
kjonn	1	0.3585145148807669	1.2495993661872424	6.314980877589601e-4	0.091	0.00315592324805339	PhysAct_Score	low	mid	395	positive	mags
age_invitation	2	0.9320047719922684	1.624247448882721	0.00315078773507407	0.001	0.00820422996877913	PhysAct_Score	low	mid	395	positive	mags
senter	1	0.34224678421493593	1.1928983259627264	4.8811182280816e-4	0.121	0.00301272204623192	PhysAct_Score	low	mid	395	positive	mags
Total_Reads_QC_ATLAS	1	0.28942728033277376	1.0087963835478553	2.226882952579649e-5	0.42	0.00254776374375482	PhysAct_Score	low	mid	395	positive	mags
PhysAct_Score	1	0.6699589537057165	2.3363936232788514	0.00326478086018601	0.001	0.00569438958137177	PhysAct_Score	low	high	408	positive	mags
kjonn	1	0.3801862486813974	1.3258494750526169	7.980133402563952e-4	0.049	0.00323143470431641	PhysAct_Score	low	high	408	positive	mags
age_invitation	2	0.7434895703070907	1.2964109826665926	0.00145088688166793	0.022	0.00631937111907748	PhysAct_Score	low	high	408	positive	mags
senter	1	0.3534749418422223	1.2326973100978864	5.700114459992092e-4	0.095	0.00300439902320715	PhysAct_Score	low	high	408	positive	mags
Total_Reads_QC_ATLAS	1	0.4412946130832154	1.5389568484636182	0.00131923000102908	0.011	0.00375083194747533	PhysAct_Score	low	high	408	positive	mags
Smoking	1	1.1165721764833163	3.819526466486834	0.00277561751179809	0.001	0.00374337527261326	Smoking	Non smoker	Smoker	1013	all	mags
kjonn	1	0.7706771280888915	2.6363022022657105	0.00161269826312553	0.001	0.00258374135162741	Smoking	Non smoker	Smoker	1013	all	mags
age_invitation	2	0.9322455496937893	1.5944945724577608	0.00117235461796719	0.002	0.0031254091873564	Smoking	Non smoker	Smoker	1013	all	mags
senter	1	0.7045092534737023	2.409957722574412	0.00138992890580438	0.001	0.00236190957855208	Smoking	Non smoker	Smoker	1013	all	mags
Total_Reads_QC_ATLAS	1	0.528936654381198	1.8093658368480503	7.983412504578313e-4	0.001	0.00177329189683507	Smoking	Non smoker	Smoker	1013	all	mags
Smoking	1	0.24357349840923348	0.8299195283241799	-2.280418996644462e-4	0.788	0.00110855873351656	Smoking	Non smoker	Missing	746	all	mags
kjonn	1	0.5760920492270429	1.9628984470327473	0.00128908470425325	0.001	0.00262192675578815	Smoking	Non smoker	Missing	746	all	mags
age_invitation	2	0.869396331457807	1.481131974624715	0.0012882363617164	0.003	0.0039568216674605	Smoking	Non smoker	Missing	746	all	mags
senter	1	0.5645439355494659	1.9235509600568592	0.00123647320916548	0.002	0.00256936864763382	Smoking	Non smoker	Missing	746	all	mags
Total_Reads_QC_ATLAS	1	0.5065603677071522	1.7259855615692303	9.722248530339532e-4	0.003	0.0023054721607342	Smoking	Non smoker	Missing	746	all	mags
Smoking	1	0.4743403699351916	1.5753277651315196	0.00129702381787147	0.004	0.0035371617661109	Smoking	Non smoker	Smoker	443	negative	mags
kjonn	1	0.557044947266462	1.8499972329468315	0.00191505517234626	0.002	0.00415389078046509	Smoking	Non smoker	Smoker	443	negative	mags
age_invitation	2	0.730547926359236	1.2131082500001007	9.611892218830984e-4	0.045	0.00544770455397366	Smoking	Non smoker	Smoker	443	negative	mags
senter	1	0.5779113287022994	1.9192963947242505	0.00207086378580585	0.001	0.0043094916343878	Smoking	Non smoker	Smoker	443	negative	mags
Total_Reads_QC_ATLAS	1	0.4421513818509766	1.4684251907892183	0.00105627630780633	0.019	0.0032971281000815	Smoking	Non smoker	Smoker	443	negative	mags
Smoking	1	0.2468938459447685	0.8188978177621434	-5.313736515124024e-4	0.81	0.00239477176584949	Smoking	Non smoker	Missing	341	negative	mags
kjonn	1	0.5119964426173169	1.698190442766625	0.0020432956986454	0.003	0.00496616114631557	Smoking	Non smoker	Missing	341	negative	mags
age_invitation	2	0.6834947155855957	1.133508064778196	7.824258335444403e-4	0.157	0.00662962594603464	Smoking	Non smoker	Missing	341	negative	mags
senter	1	0.5058750795350875	1.677887098021091	0.00198399464413281	0.001	0.00490678636756505	Smoking	Non smoker	Missing	341	negative	mags
Total_Reads_QC_ATLAS	1	0.38324159442873906	1.2711362008738996	7.944891088424993e-4	0.066	0.00371729050728303	Smoking	Non smoker	Missing	341	negative	mags
Smoking	1	0.9057898177822494	3.179103191546868	0.00380842847876144	0.001	0.00553891488723597	Smoking	Non smoker	Smoker	570	positive	mags
kjonn	1	0.4321846787367747	1.5168636967831717	9.05956913234861e-4	0.015	0.00264281415411747	Smoking	Non smoker	Smoker	570	positive	mags
age_invitation	2	0.8554341363349351	1.501183464194283	0.00175545144196272	0.002	0.00523098933083223	Smoking	Non smoker	Smoker	570	positive	mags
senter	1	0.4135949184224046	1.451618134087177	7.916852538071374e-4	0.017	0.00252913756145327	Smoking	Non smoker	Smoker	570	positive	mags
Total_Reads_QC_ATLAS	1	0.3351780545483791	1.176393907319659	3.0936725757946975e-4	0.142	0.00204961756001888	Smoking	Non smoker	Smoker	570	positive	mags
Snus	1	0.29588463653226427	1.0092211812211735	9.496491917920355e-6	0.434	0.00103509307069466	Snus	Non snuser	Snuser	971	all	mags
kjonn	1	0.684584457954486	2.335021998437372	0.00137300618432266	0.001	0.00239488145460598	Snus	Non snuser	Snuser	971	all	mags
age_invitation	2	0.9463503608706674	1.61393447162444	0.00126294357780907	0.001	0.00331061697716707	Snus	Non snuser	Snuser	971	all	mags
senter	1	0.6954376659755894	2.3720407755779105	0.00141102450301178	0.001	0.00243284922660358	Snus	Non snuser	Snuser	971	all	mags
Total_Reads_QC_ATLAS	1	0.5023544956769683	1.713461041643483	7.342298632754119e-4	0.001	0.00175738647197669	Snus	Non snuser	Snuser	971	all	mags
Snus	1	0.24009022048431916	0.8186340143351543	-1.919585189532724e-4	0.86	8.629691305478814e-4	Snus	Non snuser	Missing	945	all	mags
kjonn	1	0.7151698596146048	2.438509873191818	0.0015199189996871	0.001	0.0025705733065707	Snus	Non snuser	Missing	945	all	mags
age_invitation	2	0.9393078067732858	1.601375764085706	0.0012711350989298	0.001	0.00337620432724339	Snus	Non snuser	Missing	945	all	mags
senter	1	0.6441070794414259	2.196207588302269	0.00126422784059894	0.002	0.00231514855209025	Snus	Non snuser	Missing	945	all	mags
Total_Reads_QC_ATLAS	1	0.5666040219686579	1.9319459331036808	9.85214567612867e-4	0.001	0.00203657516418983	Snus	Non snuser	Missing	945	all	mags
Snus	1	0.28440314133281674	0.9424531239428328	-1.344733985541281e-4	0.575	0.00219424091051506	Snus	Non snuser	Snuser	428	negative	mags
kjonn	1	0.5149218145594574	1.7063442775056157	0.00164761797191504	0.003	0.00397274975912034	Snus	Non snuser	Snuser	428	negative	mags
age_invitation	2	0.7049641686790835	1.1680526451391573	7.846765335145865e-4	0.107	0.00543897374731423	Snus	Non snuser	Snuser	428	negative	mags
senter	1	0.5742621992618524	1.9029860258233529	0.0021053386319138	0.001	0.0044305755733835	Snus	Non snuser	Snuser	428	negative	mags
Total_Reads_QC_ATLAS	1	0.41200845202989456	1.3653107025707096	8.52801787267872e-4	0.036	0.00317874759288977	Snus	Non snuser	Snuser	428	negative	mags
Snus	1	0.24168669274558852	0.8012496948143244	-4.791458688514175e-4	0.889	0.00192510521339158	Snus	Non snuser	Missing	415	negative	mags
kjonn	1	0.5241922550137303	1.7378237898927529	0.00177473337202447	0.002	0.00417534466412959	Snus	Non snuser	Missing	415	negative	mags
age_invitation	2	0.677938277379468	1.1237644730921217	5.960997451626564e-4	0.156	0.00539997671081848	Snus	Non snuser	Missing	415	negative	mags
senter	1	0.5356359077341892	1.775762259510858	0.00186581886181873	0.002	0.00426649670589958	Snus	Non snuser	Missing	415	negative	mags
Total_Reads_QC_ATLAS	1	0.4632364349386364	1.5357405403870046	0.00128927668096683	0.01	0.00368981372454804	Snus	Non snuser	Missing	415	negative	mags
Snus	1	0.2671555474712761	0.9349681553760794	-1.1977833154653228e-4	0.606	0.00171692801093723	Snus	Non snuser	Snuser	543	positive	mags
kjonn	1	0.3787993851414342	1.325689717977347	5.994373616796988e-4	0.058	0.00243442923432108	Snus	Non snuser	Snuser	543	positive	mags
age_invitation	2	0.9768533092647544	1.7093538675899755	0.00260591290310701	0.001	0.00627794116621783	Snus	Non snuser	Snuser	543	positive	mags
senter	1	0.4337117650142943	1.5178673725422729	9.528065287820836e-4	0.012	0.00278733451382338	Snus	Non snuser	Snuser	543	positive	mags
Total_Reads_QC_ATLAS	1	0.3590754149678048	1.2566614526671769	4.7244971093564586e-4	0.089	0.00230766923551688	Snus	Non snuser	Snuser	543	positive	mags
Snus	1	0.24095097486119244	0.841884725406879	-2.9841973454979877e-4	0.815	0.00158457023157829	Snus	Non snuser	Missing	530	positive	mags
kjonn	1	0.40202438119183626	1.404676556969895	7.629581239682553e-4	0.02	0.00264384017193644	Snus	Non snuser	Missing	530	positive	mags
age_invitation	2	0.9440163661045062	1.6492005471555675	0.00244382646670275	0.001	0.00620815181475673	Snus	Non snuser	Missing	530	positive	mags
senter	1	0.437616454000107	1.5290355576343029	9.971849270761178e-4	0.013	0.00287790496077841	Snus	Non snuser	Missing	530	positive	mags
Total_Reads_QC_ATLAS	1	0.371239250334952	1.2971130517672558	5.602765778931401e-4	0.078	0.00244138736194402	Snus	Non snuser	Missing	530	positive	mags
Utdanning	1	0.3926051583775916	1.3446193115045009	5.847500769704128e-4	0.053	0.0022727359112773202	Utdanning	Primary school	High school	589	all	mags
kjonn	1	0.5706353198673924	1.95434841990104	0.00161766486247132	0.002	0.00330332741695293	Utdanning	Primary school	High school	589	all	mags
age_invitation	2	0.9753333304327044	1.67019205335111	0.00227052755120332	0.001	0.00564606714466093	Utdanning	Primary school	High school	589	all	mags
senter	1	0.34683515341160387	1.187863264744325	3.1885121275811314e-4	0.138	0.00200777980531221	Utdanning	Primary school	High school	589	all	mags
Total_Reads_QC_ATLAS	1	0.5019629970704216	1.7191550470471089	0.00121948734561578	0.002	0.00290579302189692	Utdanning	Primary school	High school	589	all	mags
Utdanning	1	0.8509393502254738	2.9066585792369506	0.00309067596000352	0.001	0.00469044123472647	Utdanning	Primary school	University/college	615	all	mags
kjonn	1	0.6372961077669288	2.1768909836690806	0.0019099888374429	0.001	0.00351282373039704	Utdanning	Primary school	University/college	615	all	mags
age_invitation	2	0.8081429845492778	1.380236875088629	0.00123501553379308	0.001	0.00445454447168352	Utdanning	Primary school	University/college	615	all	mags
senter	1	0.470069855914403	1.605675632666698	9.838694746344512e-4	0.006	0.00259106014406153	Utdanning	Primary school	University/college	615	all	mags
Total_Reads_QC_ATLAS	1	0.41899367064814896	1.4312084017653235	7.006606032949547e-4	0.024	0.00230952439721672	Utdanning	Primary school	University/college	615	all	mags
Utdanning	1	0.3620883046754457	1.232651197410539	0.00114475305045621	0.124	0.00603462189543699	Utdanning	Primary school	Missing	203	all	mags
kjonn	1	0.49001065526442744	1.6681351293492337	0.00328050889710804	0.001	0.00816659635529142	Utdanning	Primary school	Missing	203	all	mags
age_invitation	2	0.8654245216228418	1.4730751574578258	0.0046392163492897	0.002	0.01442330420396879	Utdanning	Primary school	Missing	203	all	mags
senter	1	0.3562290456846071	1.212704619413579	0.00104670925871461	0.13	0.00593697054315473	Utdanning	Primary school	Missing	203	all	mags
Total_Reads_QC_ATLAS	1	0.38100141389517006	1.2970367807763044	0.00146109744381867	0.069	0.00634983081418526	Utdanning	Primary school	Missing	203	all	mags
Utdanning	1	0.22350355867187943	0.7417216240714123	-9.982092347048813e-4	0.956	0.00286239946136932	Utdanning	Primary school	High school	259	negative	mags
kjonn	1	0.4705694540771362	1.561637504970991	0.00216379242468076	0.013	0.00602656065026995	Utdanning	Primary school	High school	259	negative	mags
age_invitation	2	0.6603519125435184	1.095725938193007	7.386504261618986e-4	0.212	0.00845709558277645	Utdanning	Primary school	High school	259	negative	mags
senter	1	0.3410114444463801	1.1316847208372027	5.081768405861552e-4	0.208	0.00436731737384593	Utdanning	Primary school	High school	259	negative	mags
Total_Reads_QC_ATLAS	1	0.4238628443778936	1.4066363828105566	0.0015675635306819	0.03	0.00542839131802334	Utdanning	Primary school	High school	259	negative	mags
Utdanning	1	0.49215141718909194	1.6415461762828016	0.00235307562358084	0.004	0.00600227995097571	Utdanning	Primary school	University/college	272	negative	mags
kjonn	1	0.4678140824039048	1.5603702262353212	0.00205594902065253	0.01	0.00570546175328435	Utdanning	Primary school	University/college	272	negative	mags
age_invitation	2	0.7277111061562351	1.213621806244158	0.00156828519359115	0.059	0.00887516652401654	Utdanning	Primary school	University/college	272	negative	mags
senter	1	0.36774897420717423	1.2266081156274873	8.324245642117254e-4	0.1	0.00448506743612102	Utdanning	Primary school	University/college	272	negative	mags
Total_Reads_QC_ATLAS	1	0.31351879184499865	1.045726083418394	1.6808234437902064e-4	0.344	0.00382367599242803	Utdanning	Primary school	University/college	272	negative	mags
Utdanning	1	0.27852927884136847	0.9255368399633174	-7.762600292861822e-4	0.593	0.00970311357850622	Utdanning	Primary school	Missing	96	negative	mags
kjonn	1	0.4418231614452459	1.4681530586934484	0.00485292859715696	0.022	0.0153917761714363	Utdanning	Primary school	Missing	96	negative	mags
age_invitation	2	0.6619637061774064	1.0998337398036693	0.00207555270032159	0.191	0.02306080370655203	Utdanning	Primary school	Missing	96	negative	mags
senter	1	0.3003159620067386	0.99793274022213	-2.1534419740728825e-5	0.441	0.01046209540667127	Utdanning	Primary school	Missing	96	negative	mags
Total_Reads_QC_ATLAS	1	0.25737190422972844	0.8552320959829548	-0.00151027649562294	0.761	0.00896605494778084	Utdanning	Primary school	Missing	96	negative	mags
Utdanning	1	0.3837528635401952	1.348635582150637	0.00105535650703161	0.048	0.00407536527717653	Utdanning	Primary school	High school	330	positive	mags
kjonn	1	0.34613715046049265	1.2164414178146037	6.554531836309921e-4	0.106	0.00367589523922801	Utdanning	Primary school	High school	330	positive	mags
age_invitation	2	0.879259787007797	1.545006105978805	0.00329219297397532	0.001	0.0093375324226444	Utdanning	Primary school	High school	330	positive	mags
senter	1	0.25870299429632837	0.9091686250841424	-2.753223721983927e-4	0.674	0.00274736503678603	Utdanning	Primary school	High school	330	positive	mags
Total_Reads_QC_ATLAS	1	0.3776255766326386	1.3271022518991196	9.902374030747246e-4	0.052	0.00401029492935946	Utdanning	Primary school	High school	330	positive	mags
Utdanning	1	0.5399422843564707	1.8826283312120535	0.0025666557671007	0.001	0.00545733505697113	Utdanning	Primary school	University/college	343	positive	mags
kjonn	1	0.3887403128590705	1.3554291776666128	0.00103516399469163	0.035	0.00392909797748517	Utdanning	Primary school	University/college	343	positive	mags
age_invitation	2	0.8140664903551027	1.4192115367103435	0.00243842170379444	0.004	0.00822797866593334	Utdanning	Primary school	University/college	343	positive	mags
senter	1	0.373783104371455	1.3032775583723553	8.834100289671385e-4	0.059	0.00377792163771919	Utdanning	Primary school	University/college	343	positive	mags
Total_Reads_QC_ATLAS	1	0.35149145792121317	1.2255527970923492	6.571561914729909e-4	0.106	0.00355261425362442	Utdanning	Primary school	University/college	343	positive	mags
Utdanning	1	0.3972853930480049	1.3852408853669211	0.00358746585834978	0.061	0.01281012395525048	Utdanning	Primary school	Missing	107	positive	mags
kjonn	1	0.3415607739252984	1.190942222287342	0.00178132795858231	0.145	0.01101333179824626	Utdanning	Primary school	Missing	107	positive	mags
age_invitation	2	0.8700446296533251	1.5168206712096226	0.00956777286755572	0.001	0.02805383673170276	Utdanning	Primary school	Missing	107	positive	mags
senter	1	0.28225989706536936	0.9841739881616112	-1.4792853230927378e-4	0.452	0.00910122630299352	Utdanning	Primary school	Missing	107	positive	mags
Total_Reads_QC_ATLAS	1	0.4261526411502885	1.4858942016454837	0.00452053923218927	0.018	0.01374092340800695	Utdanning	Primary school	Missing	107	positive	mags
Sivilstatus_cat2	1	0.41826676593473167	1.4274244794160424	4.217613112607493e-4	0.023	0.00140225271571663	Sivilstatus_cat2	Married/cohabiting	Not married/non-cohabiting	1013	all	mags
kjonn	1	0.7408041149346332	2.5281519217686044	0.00150626862238756	0.001	0.00248356949818777	Sivilstatus_cat2	Married/cohabiting	Not married/non-cohabiting	1013	all	mags
age_invitation	2	0.9796531507296892	1.6716375798631131	0.00132428063814462	0.001	0.00328431853293699	Sivilstatus_cat2	Married/cohabiting	Not married/non-cohabiting	1013	all	mags
senter	1	0.7680486008121079	2.621129536147559	0.00159776835801624	0.001	0.00257490750881029	Sivilstatus_cat2	Married/cohabiting	Not married/non-cohabiting	1013	all	mags
Total_Reads_QC_ATLAS	1	0.5242990032904231	1.7892820868941943	7.785464897295522e-4	0.002	0.0017577291840735	Sivilstatus_cat2	Married/cohabiting	Not married/non-cohabiting	1013	all	mags
Sivilstatus_cat2	1	0.20000921948329164	0.6875200980870103	-3.845019077877252e-4	0.97	8.426191288027729e-4	Sivilstatus_cat2	Married/cohabiting	Missing	813	all	mags
kjonn	1	0.6319216846081019	2.172194160386516	0.00143973740296466	0.001	0.00266222377514223	Sivilstatus_cat2	Married/cohabiting	Missing	813	all	mags
age_invitation	2	0.852834038120875	1.4657837850064377	0.00114452812389874	0.003	0.00359290574740127	Sivilstatus_cat2	Married/cohabiting	Missing	813	all	mags
senter	1	0.6369496970866351	2.189477661823871	0.00146093470188265	0.001	0.00268340629615409	Sivilstatus_cat2	Married/cohabiting	Missing	813	all	mags
Total_Reads_QC_ATLAS	1	0.5245356043812706	1.8030607344301273	9.86799845291061e-4	0.001	0.00220981680310344	Sivilstatus_cat2	Married/cohabiting	Missing	813	all	mags
Sivilstatus_cat2	1	0.3155267041019556	1.047345168198763	1.0662189226878404e-4	0.354	0.00234882889702262	Sivilstatus_cat2	Married/cohabiting	Not married/non-cohabiting	444	negative	mags
kjonn	1	0.5289238847420279	1.755686183856186	0.00169910404145748	0.001	0.00393739004862834	Sivilstatus_cat2	Married/cohabiting	Not married/non-cohabiting	444	negative	mags
age_invitation	2	0.7288114625953028	1.2095920154359023	9.432176781159964e-4	0.052	0.00542538365713737	Sivilstatus_cat2	Married/cohabiting	Not married/non-cohabiting	444	negative	mags
senter	1	0.5908788931208449	1.961336855662084	0.002160495252139	0.001	0.00439859257793445	Sivilstatus_cat2	Married/cohabiting	Not married/non-cohabiting	444	negative	mags
Total_Reads_QC_ATLAS	1	0.45834794998773987	1.5214195962898611	0.00117299093655241	0.006	0.00341201202885956	Sivilstatus_cat2	Married/cohabiting	Not married/non-cohabiting	444	negative	mags
Sivilstatus_cat2	1	0.24546761059092148	0.8214535069968373	-4.7762505690385936e-4	0.746	0.00218898310036671	Sivilstatus_cat2	Married/cohabiting	Missing	374	negative	mags
kjonn	1	0.5342428900904821	1.7878354484181518	0.00210208382957664	0.002	0.00476416686944516	Sivilstatus_cat2	Married/cohabiting	Missing	374	negative	mags
age_invitation	2	0.7000500113468036	1.1713531889393716	9.154883267120464e-4	0.1	0.00624276922140844	Sivilstatus_cat2	Married/cohabiting	Missing	374	negative	mags
senter	1	0.5153557414490422	1.7246299018642424	0.0019337664088267	0.002	0.00459573874529999	Sivilstatus_cat2	Married/cohabiting	Missing	374	negative	mags
Total_Reads_QC_ATLAS	1	0.44579480125673854	1.4918453070518856	0.00131336720202442	0.017	0.00397542178307425	Sivilstatus_cat2	Married/cohabiting	Missing	374	negative	mags
Sivilstatus_cat2	1	0.4176275317519469	1.4607107240744823	8.090298687835455e-4	0.019	0.00255733052918504	Sivilstatus_cat2	Married/cohabiting	Not married/non-cohabiting	569	positive	mags
kjonn	1	0.4285338244928312	1.4988570088744215	8.75957875481123e-4	0.009	0.00262411490824523	Sivilstatus_cat2	Married/cohabiting	Not married/non-cohabiting	569	positive	mags
age_invitation	2	0.9436177873141672	1.650217618047176	0.00228026344667963	0.001	0.00577821717178805	Sivilstatus_cat2	Married/cohabiting	Not married/non-cohabiting	569	positive	mags
senter	1	0.4751248662478531	1.66181569613306	0.00116176945320499	0.003	0.00290941385146103	Sivilstatus_cat2	Married/cohabiting	Not married/non-cohabiting	569	positive	mags
Total_Reads_QC_ATLAS	1	0.3380442285201184	1.1823569862345888	3.2038411590997194e-4	0.133	0.0020700043940656	Sivilstatus_cat2	Married/cohabiting	Not married/non-cohabiting	569	positive	mags
Sivilstatus_cat2	1	0.21894836350587352	0.7717135376129465	-5.20285276702287e-4	0.849	0.00175622277124353	Sivilstatus_cat2	Married/cohabiting	Missing	439	positive	mags
kjonn	1	0.35433459038631554	1.2489008635057572	5.666510787311039e-4	0.084	0.00284217916184153	Sivilstatus_cat2	Married/cohabiting	Missing	439	positive	mags
age_invitation	2	0.7820599784036091	1.3782388296845238	0.00172021948009827	0.004	0.00627303863138398	Sivilstatus_cat2	Married/cohabiting	Missing	439	positive	mags
senter	1	0.39422518382748706	1.3895007313880328	8.864588952164024e-4	0.031	0.00316214852556744	Sivilstatus_cat2	Married/cohabiting	Missing	439	positive	mags
Total_Reads_QC_ATLAS	1	0.34005926979770607	1.198585538122203	4.5215432075877183e-4	0.135	0.00272767434123872	Sivilstatus_cat2	Married/cohabiting	Missing	439	positive	mags
Arbeid_lump	1	0.31406800128422674	1.0757003377540502	8.524086147752925e-5	0.309	0.00120703851311256	Arbeid_lump	Employed	Retired	888	all	mags
kjonn	1	0.549129592852978	1.8807993367274596	9.909082718230632e-4	0.003	0.00211043648048539	Arbeid_lump	Employed	Retired	888	all	mags
age_invitation	2	0.6779497055177899	1.1610076865897692	3.624984719581237e-4	0.111	0.0026055230114727	Arbeid_lump	Employed	Retired	888	all	mags
senter	1	0.6558647387249721	2.2463731360169517	0.00140160609440721	0.001	0.00252064519720719	Arbeid_lump	Employed	Retired	888	all	mags
Total_Reads_QC_ATLAS	1	0.4912366170937048	1.682512681215939	7.680050765900092e-4	0.003	0.00188793991574654	Arbeid_lump	Employed	Retired	888	all	mags
Arbeid_lump	1	0.6994420270241619	2.412959882723463	0.0031370320318744	0.001	0.0053405779479641	Arbeid_lump	Employed	Other	449	all	mags
kjonn	1	0.5474906543828411	1.8887526544729296	0.00197549427325985	0.003	0.00418035577294876	Arbeid_lump	Employed	Other	449	all	mags
age_invitation	2	0.4919762335507016	0.8486185194375113	-6.747600299993513e-4	0.891	0.00375647633729128	Arbeid_lump	Employed	Other	449	all	mags
senter	1	0.4418450508975127	1.5242927090493164	0.00116632786604184	0.007	0.00337370052709003	Arbeid_lump	Employed	Other	449	all	mags
Total_Reads_QC_ATLAS	1	0.43542537561680206	1.5021458858474397	0.00111711565883149	0.006	0.00332468320340543	Arbeid_lump	Employed	Other	449	all	mags
Arbeid_lump	1	0.30715064942693004	1.018315431014266	4.923260563944591e-5	0.422	0.00273077322533759	Arbeid_lump	Employed	Retired	372	negative	mags
kjonn	1	0.44672879907371055	1.481067451506244	0.00129152188807253	0.014	0.00397171565736155	Arbeid_lump	Employed	Retired	372	negative	mags
age_invitation	2	0.5747664435049984	0.9527792627857822	-2.5393940010698174e-4	0.598	0.00511005533497774	Arbeid_lump	Employed	Retired	372	negative	mags
senter	1	0.4527741068650357	1.5011098320794998	0.00134525728609344	0.01	0.00402546245778758	Arbeid_lump	Employed	Retired	372	negative	mags
Total_Reads_QC_ATLAS	1	0.4412429995606999	1.4628800431254645	0.00124275482988229	0.017	0.00392294325705033	Arbeid_lump	Employed	Retired	372	negative	mags
Arbeid_lump	1	0.509130198066444	1.7037208867180529	0.00305032308977625	0.005	0.00733182629427248	Arbeid_lump	Employed	Other	230	negative	mags
kjonn	1	0.5213517804618419	1.7446184120953785	0.00322702395930004	0.002	0.00750782551707344	Arbeid_lump	Employed	Other	230	negative	mags
age_invitation	2	0.6386543673990559	1.068576161131063	5.959590656187076e-4	0.263	0.00919706374053512	Arbeid_lump	Employed	Other	230	negative	mags
senter	1	0.4381365552289509	1.4661522793445547	0.00202264963741633	0.014	0.00630946883195948	Arbeid_lump	Employed	Other	230	negative	mags
Total_Reads_QC_ATLAS	1	0.42717229361792874	1.42946217220677	0.00186374679764612	0.03	0.00615157589635624	Arbeid_lump	Employed	Other	230	negative	mags
Arbeid_lump	1	0.1991694039332117	0.6994535445424069	-5.827938218508002e-4	0.981	0.00135293090857347	Arbeid_lump	Employed	Retired	516	positive	mags
kjonn	1	0.33770367584136807	1.1859654565791315	3.6026833161696025e-4	0.132	0.00229397554022843	Arbeid_lump	Employed	Retired	516	positive	mags
age_invitation	2	0.6298164607227932	1.105911217195376	4.1034014562437544e-4	0.18	0.00427825830480446	Arbeid_lump	Employed	Retired	516	positive	mags
senter	1	0.48096535052846434	1.6890793093000689	0.00133364403641202	0.003	0.00326713278160455	Arbeid_lump	Employed	Retired	516	positive	mags
Total_Reads_QC_ATLAS	1	0.33519001387611524	1.1771378468325708	3.431725929813144e-4	0.159	0.00227690057339448	Arbeid_lump	Employed	Retired	516	positive	mags
Arbeid_lump	1	0.3995153080488407	1.4330620763742727	0.00197354980273457	0.025	0.00655043715736572	Arbeid_lump	Employed	Other	219	positive	mags
kjonn	1	0.466452572721721	1.6731661564091866	0.00306439866182784	0.006	0.00764793789611603	Arbeid_lump	Employed	Other	219	positive	mags
age_invitation	2	0.41690516330606897	0.7477197580943659	-0.00230924949705361	0.994	0.00683556053497666	Arbeid_lump	Employed	Other	219	positive	mags
senter	1	0.3187408859583769	1.1433240896017085	6.540198757919135e-4	0.19	0.00522606293398444	Arbeid_lump	Employed	Other	219	positive	mags
Total_Reads_QC_ATLAS	1	0.2754414461736232	0.9880089268690798	-5.475675672691575e-5	0.484	0.00451612703529668	Arbeid_lump	Employed	Other	219	positive	mags
Nasj_cat2	1	0.6503977161423791	2.2198503592173258	0.00123189851099713	0.001	0.0022313142316771	Nasj_cat2	Native	Non-native	989	all	mags
kjonn	1	0.7583687630706777	2.5883626730834246	0.00160345379870732	0.001	0.00260172963696037	Nasj_cat2	Native	Non-native	989	all	mags
age_invitation	2	0.9546035153285856	1.6290624212065914	0.0012705019134414	0.001	0.00327495062866331	Nasj_cat2	Native	Non-native	989	all	mags
senter	1	0.81448672547657	2.7798969849566753	0.00179646053616255	0.001	0.00279425308078743	Nasj_cat2	Native	Non-native	989	all	mags
Total_Reads_QC_ATLAS	1	0.5550625655955628	1.8944651942099813	9.035965202962256e-4	0.001	0.00190424869483007	Nasj_cat2	Native	Non-native	989	all	mags
Nasj_cat2	1	0.24594626009803733	0.8440436457286126	-1.650604195689502e-4	0.823	8.893772172998302e-4	Nasj_cat2	Native	Missing	945	all	mags
kjonn	1	0.7402589886709166	2.540436660155428	0.00162743882933392	0.001	0.00267688347512538	Nasj_cat2	Native	Missing	945	all	mags
age_invitation	2	0.9191207311643552	1.577129110415168	0.00121994718176381	0.001	0.00332367338263121	Nasj_cat2	Native	Missing	945	all	mags
senter	1	0.821846868160776	2.820431693316077	0.00192267892873876	0.001	0.00297191703732373	Nasj_cat2	Native	Missing	945	all	mags
Total_Reads_QC_ATLAS	1	0.4748481825322983	1.6295941682236017	6.657936385518827e-4	0.007	0.00171711964659318	Nasj_cat2	Native	Missing	945	all	mags
Nasj_cat2	1	0.600570501943622	1.9993822362300928	0.00228691910527656	0.001	0.00455619166893273	Nasj_cat2	Native	Non-native	436	negative	mags
kjonn	1	0.5594974698904025	1.862644433741376	0.00197463537963867	0.003	0.00424459360367135	Nasj_cat2	Native	Non-native	436	negative	mags
age_invitation	2	0.714740126723143	1.1897343511430465	8.695842254324292e-4	0.082	0.00542233259923513	Nasj_cat2	Native	Non-native	436	negative	mags
senter	1	0.5787389689376994	1.9267020444117304	0.0021209553915465	0.002	0.00439056806857323	Nasj_cat2	Native	Non-native	436	negative	mags
Total_Reads_QC_ATLAS	1	0.47145249922050425	1.569530553227612	0.00130455864042067	0.006	0.00357664577646475	Nasj_cat2	Native	Non-native	436	negative	mags
Nasj_cat2	1	0.2684358080515068	0.8984111237308107	-2.490543564249719e-4	0.703	0.0021939542878385	Nasj_cat2	Native	Missing	408	negative	mags
kjonn	1	0.5946525324032734	1.9902056053687445	0.00242109857839526	0.001	0.00486015812387391	Nasj_cat2	Native	Missing	408	negative	mags
age_invitation	2	0.6960806411911591	1.1648345196551024	8.073599944031192e-4	0.121	0.00568914079871822	Nasj_cat2	Native	Missing	408	negative	mags
senter	1	0.5444730000631637	1.8222628470415307	0.00201129664836568	0.002	0.00445003549180617	Nasj_cat2	Native	Missing	408	negative	mags
Total_Reads_QC_ATLAS	1	0.4050987939779844	1.355799978257462	8.712989463512119e-4	0.04	0.00331091534507822	Nasj_cat2	Native	Missing	408	negative	mags
Nasj_cat2	1	0.3385994795535794	1.181447776164257	3.280077032476273e-4	0.141	0.00212882571681104	Nasj_cat2	Native	Non-native	553	positive	mags
kjonn	1	0.419461866326742	1.4635943617244092	8.376239493386083e-4	0.014	0.00263721967155778	Nasj_cat2	Native	Non-native	553	positive	mags
age_invitation	2	0.9200484107614386	1.6051252504739264	0.00218373893274964	0.002	0.005784482362827	Nasj_cat2	Native	Non-native	553	positive	mags
senter	1	0.5281142302716262	1.842706266819232	0.00152156245317285	0.001	0.00332033338119235	Nasj_cat2	Native	Non-native	553	positive	mags
Total_Reads_QC_ATLAS	1	0.35670749434538607	1.244630607498598	4.421743907934139e-4	0.094	0.00224267352195243	Nasj_cat2	Native	Non-native	553	positive	mags
Nasj_cat2	1	0.24162715145703828	0.8474148285844307	-2.8422446900352446e-4	0.796	0.00157372938482303	Nasj_cat2	Native	Missing	537	positive	mags
kjonn	1	0.4155639480082698	1.4574316240694127	8.511029844487635e-4	0.018	0.00270658819718762	Nasj_cat2	Native	Missing	537	positive	mags
age_invitation	2	0.9140632668618878	1.6028636722574925	0.00224027222910464	0.001	0.00595333849682725	Nasj_cat2	Native	Missing	537	positive	mags
senter	1	0.5361296379206237	1.8802696736600728	0.00163655319462479	0.005	0.00349183839722679	Nasj_cat2	Native	Missing	537	positive	mags
Total_Reads_QC_ATLAS	1	0.31953468864480783	1.120645721194392	2.246156839352183e-4	0.232	0.00208114496222095	Nasj_cat2	Native	Missing	537	positive	mags
wcrf_index_main	1	0.5107806908152952	1.777720324127616	0.00115255779896532	0.002	0.0026252582781251	wcrf_index_main	low	mid	674	all	mags
kjonn	1	0.5257803905990954	1.8299252559916452	0.00122982876859946	0.001	0.00270235219873505	wcrf_index_main	low	mid	674	all	mags
age_invitation	2	0.8491218167760906	1.4776411270888044	0.00141532673244249	0.002	0.00436422934287104	wcrf_index_main	low	mid	674	all	mags
senter	1	0.5609351376490679	1.9522777831017597	0.00141088164963238	0.001	0.00288303696691026	wcrf_index_main	low	mid	674	all	mags
Total_Reads_QC_ATLAS	1	0.3771485698544837	1.3126272975898927	4.636236738481289e-4	0.065	0.00193842959003233	wcrf_index_main	low	mid	674	all	mags
wcrf_index_main	1	1.2604006327754007	4.294472245825108	0.00532832233459669	0.001	0.00692203446335999	wcrf_index_main	low	high	615	all	mags
kjonn	1	0.6430681314078015	2.191079701716979	0.00193297134761112	0.001	0.00353168639569108	wcrf_index_main	low	high	615	all	mags
age_invitation	2	0.7417847290694226	1.2637148254800945	8.56874325258376e-4	0.031	0.00407383122912767	wcrf_index_main	low	high	615	all	mags
senter	1	0.39306232438073607	1.339252931994816	5.513266549766312e-4	0.05	0.00215867152464106	wcrf_index_main	low	high	615	all	mags
Total_Reads_QC_ATLAS	1	0.4753495685530425	1.6196243290681898	0.00100650516094818	0.007	0.00261058746727383	wcrf_index_main	low	high	615	all	mags
wcrf_index_main	1	0.3488205549091674	1.190230720836957	6.862821981216989e-4	0.154	0.00427999135853975	wcrf_index_main	low	mid	277	negative	mags
kjonn	1	0.3810023813384191	1.3000401857026738	0.00108200556156336	0.059	0.00467485896906543	wcrf_index_main	low	mid	277	negative	mags
age_invitation	2	0.6015023988124142	1.026210502288326	1.8920969680241717e-4	0.384	0.00738037088934866	wcrf_index_main	low	mid	277	negative	mags
senter	1	0.4943266657204078	1.6867205082640255	0.00247300449588329	0.004	0.00606533596659762	wcrf_index_main	low	mid	277	negative	mags
Total_Reads_QC_ATLAS	1	0.49911997542859865	1.7030760365976712	0.00253175458706483	0.003	0.006124149370341	wcrf_index_main	low	mid	277	negative	mags
wcrf_index_main	1	0.6589804756173123	2.1821689098180825	0.00434330035120621	0.001	0.0079896240515936	wcrf_index_main	low	high	271	negative	mags
kjonn	1	0.5262374080303118	1.7425992931145209	0.00273273051426698	0.002	0.00638021793909548	wcrf_index_main	low	high	271	negative	mags
age_invitation	2	0.7765484233996318	1.2857435760319869	0.00210437096345086	0.026	0.00941504367790072	wcrf_index_main	low	high	271	negative	mags
senter	1	0.35034640124644056	1.160148217973317	5.906038148518091e-4	0.167	0.00424767673301045	wcrf_index_main	low	high	271	negative	mags
Total_Reads_QC_ATLAS	1	0.34611174035238434	1.1461254271797423	5.389176295605465e-4	0.189	0.00419633477405818	wcrf_index_main	low	high	271	negative	mags
wcrf_index_main	1	0.4298280777805843	1.520318847675456	0.00130891132605182	0.005	0.00381839976443573	wcrf_index_main	low	mid	397	positive	mags
kjonn	1	0.3692532835140412	1.3060634135190592	7.703466966737584e-4	0.052	0.00328028047415478	wcrf_index_main	low	mid	397	positive	mags
age_invitation	2	0.7922799369183338	1.4011626775891295	0.00201689458316238	0.003	0.0070382594364634	wcrf_index_main	low	mid	397	positive	mags
senter	1	0.3666905812351615	1.2969990345802072	7.475491516470194e-4	0.068	0.00325751457708142	wcrf_index_main	low	mid	397	positive	mags
Total_Reads_QC_ATLAS	1	0.28680048060978436	1.0144246007493607	3.633268681324745e-5	0.412	0.00254780677254752	wcrf_index_main	low	mid	397	positive	mags
wcrf_index_main	1	0.8249624310197419	2.8824034063561133	0.00544232197942892	0.001	0.00832787976760304	wcrf_index_main	low	high	344	positive	mags
kjonn	1	0.3854734052251132	1.3468369158424955	0.00100723131058486	0.048	0.00389129983574542	wcrf_index_main	low	high	344	positive	mags
age_invitation	2	0.6351686256696212	1.109633688395705	6.369991385502372e-4	0.186	0.00641193798388097	wcrf_index_main	low	high	344	positive	mags
senter	1	0.32109008838003206	1.1218828030141432	3.5418498242935825e-4	0.234	0.00324135930322619	wcrf_index_main	low	high	344	positive	mags
Total_Reads_QC_ATLAS	1	0.3445124954397869	1.203720258097575	5.918595474355057e-4	0.136	0.00347780520976327	wcrf_index_main	low	high	344	positive	mags
first_round	1	0.41101368445396247	1.406107990976425	3.926001478908201e-4	0.033	0.00135311758242628	first_round	No	Yes	1034	all	mags
kjonn	1	0.7919430227625526	2.709295225008936	0.00165036196246321	0.001	0.00260719306658475	first_round	No	Yes	1034	all	mags
age_invitation	2	0.998856541603402	1.7085807822354115	0.00136868657105272	0.001	0.00328838284438303	first_round	No	Yes	1034	all	mags
senter	1	0.7826496342553924	2.677501860609094	0.00161971449374485	0.001	0.00257659786290908	first_round	No	Yes	1034	all	mags
Total_Reads_QC_ATLAS	1	0.5493688942145809	1.8794313215513605	8.497910915364487e-4	0.002	0.00180860330961339	first_round	No	Yes	1034	all	mags
first_round	1	0.41319099644280755	1.374731070298113	8.320428399870017e-4	0.032	0.00303881446651742	first_round	No	Yes	450	negative	mags
kjonn	1	0.5857538205701474	1.9488662231657992	0.00210415480387575	0.001	0.0043079282924617	first_round	No	Yes	450	negative	mags
age_invitation	2	0.7689662223732228	1.2792168355640348	0.00123942563138365	0.031	0.00565536447049481	first_round	No	Yes	450	negative	mags
senter	1	0.576660797818846	1.918612754414643	0.00203720300832857	0.002	0.00424105362839856	first_round	No	Yes	450	negative	mags
Total_Reads_QC_ATLAS	1	0.4856194489495351	1.6157083541494366	0.00136637126210774	0.004	0.00357148974540719	first_round	No	Yes	450	negative	mags
first_round	1	0.4372405519035283	1.534191665855562	9.138758236420304e-4	0.01	0.00261598187644922	first_round	No	Yes	584	positive	mags
kjonn	1	0.4305814671611472	1.5108262385878712	8.739380275898605e-4	0.013	0.00257614100413312	first_round	No	Yes	584	positive	mags
age_invitation	2	0.9296767110060388	1.6310269664559505	0.00215639118311362	0.002	0.00556219549252904	first_round	No	Yes	584	positive	mags
senter	1	0.5094944703245687	1.7877165481757773	0.00134701281488166	0.003	0.00304827238625899	first_round	No	Yes	584	positive	mags
Total_Reads_QC_ATLAS	1	0.3650979079317267	1.2810572238362334	4.810308675274428e-4	0.074	0.0021843571144555	first_round	No	Yes	584	positive	mags
Tarmkreft_Familie	1	0.2002396121507104	0.6840175638678518	-3.4246007313145635e-4	0.994	7.38215102267068e-4	Tarmkreft_Familie	No	Yes	923	all	mags
kjonn	1	0.7410899686802281	2.5315598124611824	0.00165657926568981	0.001	0.00273214575848563	Tarmkreft_Familie	No	Yes	923	all	mags
age_invitation	2	0.8901596390005011	1.5203905490596237	0.00112633675851664	0.003	0.00328171475104627	Tarmkreft_Familie	No	Yes	923	all	mags
senter	1	0.6859926834582666	2.343347747882807	0.00145329952463638	0.001	0.00252902087421371	Tarmkreft_Familie	No	Yes	923	all	mags
Total_Reads_QC_ATLAS	1	0.5497181337116217	1.8778345333209912	9.501629982977264e-4	0.001	0.002026623123853	Tarmkreft_Familie	No	Yes	923	all	mags
Tarmkreft_Familie	1	0.29952722417448285	1.0223963491831674	2.6982825140233288e-5	0.404	0.00122638271304418	Tarmkreft_Familie	No	Unknown	830	all	mags
kjonn	1	0.7099597512437583	2.4233532018304107	0.00171194758524528	0.001	0.0029068555230068	Tarmkreft_Familie	No	Unknown	830	all	mags
age_invitation	2	0.9532417771539484	1.6268820230566845	0.00150828074451139	0.001	0.00390294818801552	Tarmkreft_Familie	No	Unknown	830	all	mags
senter	1	0.6204141164685097	2.1177010851260794	0.00134481684563664	0.001	0.00254022034044669	Tarmkreft_Familie	No	Unknown	830	all	mags
Total_Reads_QC_ATLAS	1	0.4983300064905052	1.7009832102190623	8.438454081396821e-4	0.001	0.00204035979379003	Tarmkreft_Familie	No	Unknown	830	all	mags
Tarmkreft_Familie	1	0.24401633642023057	0.8104065043444283	-4.765925992775687e-4	0.872	0.00202734665130284	Tarmkreft_Familie	No	Yes	398	negative	mags
kjonn	1	0.5835900814315238	1.9381702258185003	0.00235166824294464	0.001	0.00484860732965935	Tarmkreft_Familie	No	Yes	398	negative	mags
age_invitation	2	0.7501999609609129	1.245750462531851	0.00123340378382656	0.05	0.00623284244396817	Tarmkreft_Familie	No	Yes	398	negative	mags
senter	1	0.563878067278381	1.8727043446492757	0.00218792696302228	0.001	0.00468483515575462	Tarmkreft_Familie	No	Yes	398	negative	mags
Total_Reads_QC_ATLAS	1	0.4784514589558029	1.5889926881088838	0.00147769431397661	0.007	0.00397509026385246	Tarmkreft_Familie	No	Yes	398	negative	mags
Tarmkreft_Familie	1	0.2697060972442955	0.8967118246312301	-2.7551101973144514e-4	0.703	0.00238230941350167	Tarmkreft_Familie	No	Unknown	375	negative	mags
kjonn	1	0.5814072898932352	1.933047851349933	0.00248195218984545	0.004	0.00513556079726502	Tarmkreft_Familie	No	Unknown	375	negative	mags
age_invitation	2	0.6946112146655565	1.1547126595878996	8.244538993729066e-4	0.098	0.00613548915775054	Tarmkreft_Familie	No	Unknown	375	negative	mags
senter	1	0.5249311592436925	1.745277479525555	0.0019834646612855	0.004	0.00463670808663205	Tarmkreft_Familie	No	Unknown	375	negative	mags
Total_Reads_QC_ATLAS	1	0.4337334709854872	1.4420657750971897	0.001177454034578	0.023	0.00383116044255961	Tarmkreft_Familie	No	Unknown	375	negative	mags
Tarmkreft_Familie	1	0.21351613167365713	0.7472945897282348	-4.8157544188835114e-4	0.946	0.0014208066590668	Tarmkreft_Familie	No	Yes	525	positive	mags
kjonn	1	0.3982279593219573	1.3937757168374665	7.494868326146537e-4	0.024	0.00264993999280584	Tarmkreft_Familie	No	Yes	525	positive	mags
age_invitation	2	0.8645776282102702	1.5129868148536645	0.00195042389756509	0.002	0.00575318427611291	Tarmkreft_Familie	No	Yes	525	positive	mags
senter	1	0.4349362188260102	1.5222525841855796	9.937782493842503e-4	0.007	0.00289420884095932	Tarmkreft_Familie	No	Yes	525	positive	mags
Total_Reads_QC_ATLAS	1	0.35799795572211224	1.2529729409569927	4.816211501680144e-4	0.1	0.00238223629959588	Tarmkreft_Familie	No	Yes	525	positive	mags
Tarmkreft_Familie	1	0.3508135827835872	1.2272106528605156	4.99114832205797e-4	0.092	0.00268835639036013	Tarmkreft_Familie	No	Unknown	455	positive	mags
kjonn	1	0.3668938616532955	1.2834624358538995	6.226064841831088e-4	0.062	0.00281158286327814	Tarmkreft_Familie	No	Unknown	455	positive	mags
age_invitation	2	0.9837205833264022	1.7206180697414	0.00315755025043875	0.001	0.00753845246107744	Tarmkreft_Familie	No	Unknown	455	positive	mags
senter	1	0.3909760127826303	1.3677062447030794	8.074930208280591e-4	0.043	0.00299612932344785	Tarmkreft_Familie	No	Unknown	455	positive	mags
Total_Reads_QC_ATLAS	1	0.31603020903904167	1.1055319924647808	2.3188466200961975e-4	0.256	0.00242180426788396	Tarmkreft_Familie	No	Unknown	455	positive	mags
Energi_kcal	1	0.27222192158106395	0.9236764745003588	-1.2116313190004516e-4	0.641	0.0014637905887664	Energi_kcal	low	mid	630	all	mags
kjonn	1	0.44523393905839725	1.5107237241175036	8.100159202700138e-4	0.014	0.00239411009226529	Energi_kcal	low	mid	630	all	mags
age_invitation	2	0.7282627583077215	1.2355345469546772	7.471700399930454e-4	0.036	0.00391601148639478	Energi_kcal	low	mid	630	all	mags
senter	1	0.43380070681863	1.4719296123647243	7.485339000816145e-4	0.025	0.00233263136323954	Energi_kcal	low	mid	630	all	mags
Total_Reads_QC_ATLAS	1	0.4357427125120523	1.4785190338262353	7.58977537505226e-4	0.017	0.00234307390820745	Energi_kcal	low	mid	630	all	mags
Energi_kcal	1	0.4732906270928368	1.6133772761960414	9.726677205063388e-4	0.01	0.00254696403463034	Energi_kcal	low	high	630	all	mags
kjonn	1	0.4615846310860832	1.573473278796927	9.094471986191144e-4	0.011	0.00248396944079723	Energi_kcal	low	high	630	all	mags
age_invitation	2	0.9893289608099564	1.6862375596340915	0.00217379625079303	0.001	0.0053239703838608	Energi_kcal	low	high	630	all	mags
senter	1	0.505775284344196	1.7241126358973011	0.00114806556684683	0.001	0.00272177682187	Energi_kcal	low	high	630	all	mags
Total_Reads_QC_ATLAS	1	0.4638264666939165	1.5811153625813918	9.215552899126276e-4	0.005	0.00249603364477224	Energi_kcal	low	high	630	all	mags
Energi_kcal	1	0.21617656450939648	0.7147557976526997	-0.00104212212277722	0.966	0.00260203377759524	Energi_kcal	low	mid	274	negative	mags
kjonn	1	0.44464217377888815	1.4701435019592295	0.00171291309124073	0.02	0.00535198603855022	Energi_kcal	low	mid	274	negative	mags
age_invitation	2	0.779212965684593	1.2881761399372416	0.00209906015244535	0.017	0.00937908538445362	Energi_kcal	low	mid	274	negative	mags
senter	1	0.39651799589867665	1.3110280343542486	0.0011338517324039	0.066	0.00477273390431682	Energi_kcal	low	mid	274	negative	mags
Total_Reads_QC_ATLAS	1	0.4618276559908878	1.5269647539499849	0.00191953731912013	0.011	0.00555884104756273	Energi_kcal	low	mid	274	negative	mags
Energi_kcal	1	0.3961261078845269	1.327701942493257	0.00115255017451495	0.057	0.00466287128743796	Energi_kcal	low	high	284	negative	mags
kjonn	1	0.37196255388217025	1.2467125884771828	8.679523018243835e-4	0.085	0.00437843777013773	Energi_kcal	low	high	284	negative	mags
age_invitation	2	0.6554791396541191	1.0984897355418377	6.931089536921614e-4	0.203	0.00771576222564632	Energi_kcal	low	high	284	negative	mags
senter	1	0.4110388580043036	1.377685235459435	0.00132811136410621	0.032	0.00483841193716084	Energi_kcal	low	high	284	negative	mags
Total_Reads_QC_ATLAS	1	0.4069812868859657	1.3640854122001405	0.00128034949164688	0.04	0.00479064954158061	Energi_kcal	low	high	284	negative	mags
Energi_kcal	1	0.27226323294759425	0.9460927248745976	-1.514478631096242e-4	0.606	0.00266248364147479	Energi_kcal	low	mid	356	positive	mags
kjonn	1	0.28725227095979733	0.9981784202609582	-5.1168232015260325e-6	0.453	0.0028090626271016	Energi_kcal	low	mid	356	positive	mags
age_invitation	2	0.6537538893077937	1.1358709581099202	7.627377763901991e-4	0.12	0.00639311087651545	Energi_kcal	low	mid	356	positive	mags
senter	1	0.3203868211721499	1.11331830366906	3.1820855285291444e-4	0.245	0.0031330880085419	Energi_kcal	low	mid	356	positive	mags
Total_Reads_QC_ATLAS	1	0.2886308345900801	1.0029688174338232	8.339305269517819e-6	0.448	0.00282254370963568	Energi_kcal	low	mid	356	positive	mags
Energi_kcal	1	0.3336484390032126	1.1526572044751382	4.4101121657709046e-4	0.175	0.0033216577752751	Energi_kcal	low	high	346	positive	mags
kjonn	1	0.3442058725781436	1.189130031703905	5.463199600940229e-4	0.144	0.00342676296151811	Energi_kcal	low	high	346	positive	mags
age_invitation	2	0.8798369973001599	1.51978899816168	0.00299556034019374	0.002	0.00875927192043191	Energi_kcal	low	high	346	positive	mags
senter	1	0.35823986893942106	1.2376133606286015	6.862725234335302e-4	0.1	0.00356647928469614	Energi_kcal	low	high	346	positive	mags
Total_Reads_QC_ATLAS	1	0.3498030907275904	1.208466773827601	6.021423328268544e-4	0.123	0.003482486414748	Energi_kcal	low	high	346	positive	mags
ROKJOT_nonproc	1	0.4298931272131199	1.444383624681946	7.048736355251562e-4	0.02	0.00228274749268304	ROKJOT_nonproc	low	mid	630	all	mags
kjonn	1	0.5412688485827459	1.8185912077998676	0.00129766500101486	0.001	0.00287415645600019	ROKJOT_nonproc	low	mid	630	all	mags
age_invitation	2	0.9004071736828223	1.5126240626881209	0.00162473392058718	0.002	0.00478119348276838	ROKJOT_nonproc	low	mid	630	all	mags
senter	1	0.5697402596749441	1.9142513552875755	0.0014490897191237	0.002	0.00302534064148646	ROKJOT_nonproc	low	mid	630	all	mags
Total_Reads_QC_ATLAS	1	0.4460409113038679	1.4986380275536004	7.90862973334146e-4	0.013	0.00236849278915824	ROKJOT_nonproc	low	mid	630	all	mags
ROKJOT_nonproc	1	0.5405256091521835	1.8348343361680384	0.00132338021099697	0.001	0.00290004560394604	ROKJOT_nonproc	low	high	630	all	mags
kjonn	1	0.5097235952161725	1.730275751272189	0.00115782574477235	0.003	0.00273478563550916	ROKJOT_nonproc	low	high	630	all	mags
age_invitation	2	0.7387217456860355	1.2538092561282452	8.050949700723131e-4	0.033	0.00396341397122031	ROKJOT_nonproc	low	high	630	all	mags
senter	1	0.5098012936750251	1.7305395015880969	0.00115824342700351	0.002	0.00273520250581135	ROKJOT_nonproc	low	high	630	all	mags
Total_Reads_QC_ATLAS	1	0.47199029442390383	1.60218865467892	9.549422211229936e-4	0.005	0.00253233770106877	ROKJOT_nonproc	low	high	630	all	mags
ROKJOT_nonproc	1	0.4063659746765466	1.337116951893078	0.00120254126730898	0.04	0.00475427079899529	ROKJOT_nonproc	low	mid	280	negative	mags
kjonn	1	0.4559141681105814	1.5001515893994763	0.00178307065634533	0.012	0.00533395892218007	ROKJOT_nonproc	low	mid	280	negative	mags
age_invitation	2	0.7088885504910678	1.1662724698087583	0.00118625163442633	0.098	0.00829362777733639	ROKJOT_nonproc	low	mid	280	negative	mags
senter	1	0.3907301994401422	1.2856685988629613	0.0010192051569779	0.071	0.00457134035142211	ROKJOT_nonproc	low	mid	280	negative	mags
Total_Reads_QC_ATLAS	1	0.5082796793591768	1.672456401190811	0.00239587599657305	0.006	0.00594660820021527	ROKJOT_nonproc	low	mid	280	negative	mags
ROKJOT_nonproc	1	0.4805753647940491	1.582401410675818	0.00212104420270094	0.008	0.0057479763740978	ROKJOT_nonproc	low	high	274	negative	mags
kjonn	1	0.4180569061301327	1.3765454629298168	0.0013723675334366	0.035	0.00500021723022407	ROKJOT_nonproc	low	high	274	negative	mags
age_invitation	2	0.7050901641017333	1.1608331929440203	0.00117258833443929	0.105	0.00843331119688657	ROKJOT_nonproc	low	high	274	negative	mags
senter	1	0.490548850935312	1.6152413348489043	0.00224037577760921	0.01	0.00586726539077875	ROKJOT_nonproc	low	high	274	negative	mags
Total_Reads_QC_ATLAS	1	0.38127326750890234	1.2554271412094165	9.313476268161556e-4	0.086	0.00456026233191423	ROKJOT_nonproc	low	high	274	negative	mags
ROKJOT_nonproc	1	0.32752289891323016	1.1242843370780942	3.549720560326539e-4	0.202	0.00320435236640961	ROKJOT_nonproc	low	mid	350	positive	mags
kjonn	1	0.3354792918950693	1.1515961618048582	4.3294436885789816e-4	0.179	0.00328219451657389	ROKJOT_nonproc	low	mid	350	positive	mags
age_invitation	2	0.8836375189777783	1.516626509990158	0.00294346194011854	0.004	0.00864515423007081	ROKJOT_nonproc	low	mid	350	positive	mags
senter	1	0.468084222624384	1.6067876831701813	0.00173067865337082	0.004	0.00457954784664634	ROKJOT_nonproc	low	mid	350	positive	mags
Total_Reads_QC_ATLAS	1	0.3073542706755461	1.0550517035638602	1.5726584517477402e-4	0.351	0.0030070306162813	ROKJOT_nonproc	low	mid	350	positive	mags
ROKJOT_nonproc	1	0.3997656810204688	1.3939846151816166	0.00110547492996275	0.024	0.00391344177375205	ROKJOT_nonproc	low	high	356	positive	mags
kjonn	1	0.3333589142376212	1.1624239394304048	4.560389544575504e-4	0.186	0.00326336342154227	ROKJOT_nonproc	low	high	356	positive	mags
age_invitation	2	0.6152689706870689	1.0727227474192418	4.0838791195658096e-4	0.268	0.00602307653281752	ROKJOT_nonproc	low	high	356	positive	mags
senter	1	0.3276244140312059	1.142427713033248	3.9991784732823607e-4	0.194	0.00320722645500205	ROKJOT_nonproc	low	high	356	positive	mags
Total_Reads_QC_ATLAS	1	0.3794137923433283	1.323017493558262	9.065299677534904e-4	0.054	0.00371421023611589	ROKJOT_nonproc	low	high	356	positive	mags
GRSAK_modified	1	0.34016648577579645	1.1632814671721343	2.591097767422686e-4	0.164	0.00184077974813577	GRSAK_modified	low	mid	630	all	mags
kjonn	1	0.5601739696538459	1.9156502022955315	0.00145130367585895	0.001	0.00303133007480124	GRSAK_modified	low	mid	630	all	mags
age_invitation	2	0.9075660379157852	1.5518206470788587	0.00174874810085798	0.002	0.0049112104000519	GRSAK_modified	low	mid	630	all	mags
senter	1	0.40097511404164266	1.3712312601815535	5.889089504281811e-4	0.04	0.00216984006449351	GRSAK_modified	low	mid	630	all	mags
Total_Reads_QC_ATLAS	1	0.3805805248082095	1.3014870358740538	4.7832194921808014e-4	0.066	0.00205947661482318	GRSAK_modified	low	mid	630	all	mags
GRSAK_modified	1	0.5144650990561104	1.7669975978322277	0.00121597610647545	0.003	0.00279106103317924	GRSAK_modified	low	high	630	all	mags
kjonn	1	0.5629112194500863	1.9333921278353403	0.00147938298952201	0.002	0.00305388951092908	GRSAK_modified	low	high	630	all	mags
age_invitation	2	0.8399022569497276	1.4423770175731303	0.00140240199099338	0.006	0.00455661319952048	GRSAK_modified	low	high	630	all	mags
senter	1	0.486763008089838	1.6718511471164434	0.00106529432999812	0.001	0.00264077245816141	GRSAK_modified	low	high	630	all	mags
Total_Reads_QC_ATLAS	1	0.44803049833234354	1.5388192819324429	8.54537842009567e-4	0.007	0.00243064197720222	GRSAK_modified	low	high	630	all	mags
GRSAK_modified	1	0.2930466230455835	0.9795797757363308	-7.372465609270851e-5	0.49	0.0035251448123064	GRSAK_modified	low	mid	277	negative	mags
kjonn	1	0.48231652299682537	1.6122605560879115	0.00220545214703949	0.005	0.00580192861894009	GRSAK_modified	low	mid	277	negative	mags
age_invitation	2	0.731067298222257	1.2218853310746534	0.00159949766069787	0.054	0.00879422552968364	GRSAK_modified	low	mid	277	negative	mags
senter	1	0.3828439496285796	1.2797492304179865	0.00100890610004669	0.065	0.0046053435079037	GRSAK_modified	low	mid	277	negative	mags
Total_Reads_QC_ATLAS	1	0.4448765472171061	1.4871083100162477	0.00175542681237658	0.011	0.00535155203714879	GRSAK_modified	low	mid	277	negative	mags
GRSAK_modified	1	0.3928281542745822	1.3058728266000483	0.0010912109101234	0.058	0.00465212160019872	GRSAK_modified	low	high	280	negative	mags
kjonn	1	0.3999667595461034	1.3296035865836808	0.00117577160016879	0.058	0.00473666151776207	GRSAK_modified	low	high	280	negative	mags
age_invitation	2	0.6023426517207611	1.001179386743429	8.424120058097669e-6	0.462	0.00713332593476089	GRSAK_modified	low	high	280	negative	mags
senter	1	0.4252068715877044	1.413508917952645	0.00147463979017371	0.029	0.00503557102601003	GRSAK_modified	low	high	280	negative	mags
Total_Reads_QC_ATLAS	1	0.43535706869191415	1.4472510681493365	0.00159477786445	0.018	0.00515577613524404	GRSAK_modified	low	high	280	negative	mags
GRSAK_modified	1	0.3911516911018822	1.3674481316268754	0.00103984714373012	0.043	0.00386979175912022	GRSAK_modified	low	mid	353	positive	mags
kjonn	1	0.3233466822664326	1.1304049722689655	3.692827647599652e-4	0.202	0.00319897460458016	GRSAK_modified	low	mid	353	positive	mags
age_invitation	2	0.8188227401274588	1.4312831205799996	0.00243757414162919	0.004	0.00810088148410981	GRSAK_modified	low	mid	353	positive	mags
senter	1	0.30787646874834707	1.0763218248547703	2.1616239928043136e-4	0.316	0.00304592271666559	GRSAK_modified	low	mid	353	positive	mags
Total_Reads_QC_ATLAS	1	0.2667677494639946	0.9326076529420646	-1.9094961926614028e-4	0.622	0.00263922069611077	GRSAK_modified	low	mid	353	positive	mags
GRSAK_modified	1	0.40147703654413647	1.4183988906271412	0.00119399806617383	0.024	0.00403782267530854	GRSAK_modified	low	high	350	positive	mags
kjonn	1	0.4258055661575497	1.5043504053421335	0.00143892766169343	0.016	0.00428250488521908	GRSAK_modified	low	high	350	positive	mags
age_invitation	2	0.8319329812512422	1.4695894288753015	0.00267618697008261	0.003	0.00836709836494971	GRSAK_modified	low	high	350	positive	mags
senter	1	0.3390264036447235	1.1977638346698318	5.647204382584158e-4	0.121	0.00340973050899382	GRSAK_modified	low	high	350	positive	mags
Total_Reads_QC_ATLAS	1	0.3164430350549168	1.117977889176822	3.369660989364151e-4	0.234	0.00318260011428506	GRSAK_modified	low	high	350	positive	mags
FRUKTB_modified	1	0.3858435672577514	1.3372582886673965	5.350441913953097e-4	0.044	0.00211437860234003	FRUKTB_modified	low	mid	630	all	mags
kjonn	1	0.5639287070485182	1.9544665292148111	0.00151273440453665	0.001	0.00309026479280953	FRUKTB_modified	low	mid	630	all	mags
age_invitation	2	0.7951885138823513	1.377983879321654	0.0011985106717731	0.007	0.00435754207470368	FRUKTB_modified	low	mid	630	all	mags
senter	1	0.4860551401951909	1.684571987541292	0.00108544273626978	0.004	0.00266352655634548	FRUKTB_modified	low	mid	630	all	mags
Total_Reads_QC_ATLAS	1	0.4415157560825378	1.5302071992409636	8.408910361267177e-4	0.013	0.00241945582737493	FRUKTB_modified	low	mid	630	all	mags
FRUKTB_modified	1	0.7513571147004541	2.5599912201143193	0.00247006023465888	0.001	0.00403460215807726	FRUKTB_modified	low	high	630	all	mags
kjonn	1	0.6793978879327938	2.314814878362545	0.00208266121335339	0.001	0.0036481988806875	FRUKTB_modified	low	high	630	all	mags
age_invitation	2	0.944649101939234	1.6092836280770593	0.00193049970226812	0.003	0.00507253239603546	FRUKTB_modified	low	high	630	all	mags
senter	1	0.5742047789560445	1.9564055013456427	0.0015158028241043	0.001	0.00308333786295207	FRUKTB_modified	low	high	630	all	mags
Total_Reads_QC_ATLAS	1	0.3318758439937426	1.1307529138533852	2.07501242002167e-4	0.205	0.00178209132540747	FRUKTB_modified	low	high	630	all	mags
FRUKTB_modified	1	0.4305432316684801	1.4619498395783153	0.00162394246344311	0.017	0.00512863856990576	FRUKTB_modified	low	mid	284	negative	mags
kjonn	1	0.44359222340644067	1.5062589123374932	0.00177942978925283	0.011	0.00528407838965705	FRUKTB_modified	low	mid	284	negative	mags
age_invitation	2	0.6843983540030081	1.161969333445233	0.00113932955631283	0.105	0.00815256526485727	FRUKTB_modified	low	mid	284	negative	mags
senter	1	0.3611231184142838	1.2262273476878205	7.959411409668447e-4	0.114	0.00430170495633349	FRUKTB_modified	low	mid	284	negative	mags
Total_Reads_QC_ATLAS	1	0.39853382094680967	1.3532588895703597	0.0012423240407016	0.041	0.00474734190478127	FRUKTB_modified	low	mid	284	negative	mags
FRUKTB_modified	1	0.5013972702026877	1.6450199668824572	0.00247470666028613	0.006	0.00630833457213692	FRUKTB_modified	low	high	260	negative	mags
kjonn	1	0.45385279434050574	1.489032655510312	0.00187736370520076	0.019	0.00571015329230209	FRUKTB_modified	low	high	260	negative	mags
age_invitation	2	0.7056225257919948	1.157528384169931	0.0012102902238968	0.113	0.00887779658739026	FRUKTB_modified	low	high	260	negative	mags
senter	1	0.42244773363255206	1.3859966898281386	0.0014824018754278	0.031	0.00531503021928664	FRUKTB_modified	low	high	260	negative	mags
Total_Reads_QC_ATLAS	1	0.31615501176541727	1.037263937982409	1.433022999015089e-4	0.351	0.00397770731792756	FRUKTB_modified	low	high	260	negative	mags
FRUKTB_modified	1	0.29870479614686474	1.0568911422094232	1.6439823527757537e-4	0.329	0.00304604878922092	FRUKTB_modified	low	mid	346	positive	mags
kjonn	1	0.3776252313176798	1.3361310805943996	9.705342597252148e-4	0.044	0.00385084167871525	FRUKTB_modified	low	mid	346	positive	mags
age_invitation	2	0.8051856459769624	1.4244725696483536	0.00244759325693138	0.006	0.00821089849799499	FRUKTB_modified	low	mid	346	positive	mags
senter	1	0.42280998703212447	1.4960058756881256	0.00143149088958352	0.019	0.00431161422810396	FRUKTB_modified	low	mid	346	positive	mags
Total_Reads_QC_ATLAS	1	0.32755729160652436	1.1589783777520315	4.59264059817463e-4	0.186	0.00334027275212537	FRUKTB_modified	low	mid	346	positive	mags
FRUKTB_modified	1	0.4987205530140102	1.7485922927201252	0.00201913724902044	0.002	0.00470168135349686	FRUKTB_modified	low	high	370	positive	mags
kjonn	1	0.4131413405426798	1.4485381833796134	0.00121079755255392	0.023	0.00389488447077024	FRUKTB_modified	low	high	370	positive	mags
age_invitation	2	0.8608095149419199	1.5090664243040592	0.00274415927003643	0.001	0.00811527020664297	FRUKTB_modified	low	high	370	positive	mags
senter	1	0.36068462157581394	1.2646167188790909	7.14669203943944e-4	0.078	0.00340034945323065	FRUKTB_modified	low	high	370	positive	mags
Total_Reads_QC_ATLAS	1	0.3066561248596287	1.07518435565639	2.031596789914319e-4	0.299	0.00289099652194927	FRUKTB_modified	low	high	370	positive	mags
PROKJOT_red	1	0.3826156895333383	1.292356915441682	4.6384334544755367e-4	0.064	0.00204240845225922	PROKJOT_red	low	mid	630	all	mags
kjonn	1	0.5462568694510139	1.845085975704689	0.0013396093502062	0.001	0.00291592759468951	PROKJOT_red	low	mid	630	all	mags
age_invitation	2	0.8690417550909331	1.4676765129118994	0.00148248631391164	0.005	0.00463895829292505	PROKJOT_red	low	mid	630	all	mags
senter	1	0.5712733671556691	1.9295839319912544	0.00147335606962354	0.001	0.00304946604529573	PROKJOT_red	low	mid	630	all	mags
Total_Reads_QC_ATLAS	1	0.4742661677242097	1.6019237537435107	9.545225459517756e-4	0.01	0.00253164011847485	PROKJOT_red	low	mid	630	all	mags
PROKJOT_red	1	0.4653539775670197	1.5853931474480778	9.28332869440883e-4	0.009	0.00250641696378557	PROKJOT_red	low	high	630	all	mags
kjonn	1	0.37686251700350226	1.2839156444114408	4.504567503061874e-4	0.086	0.0020297980702152	PROKJOT_red	low	high	630	all	mags
age_invitation	2	0.8714016970095031	1.4843692605104342	0.00153531936192524	0.004	0.00469340781629314	PROKJOT_red	low	high	630	all	mags
senter	1	0.5514455347750982	1.8786945296870745	0.00139281059466135	0.002	0.00297010987246812	PROKJOT_red	low	high	630	all	mags
Total_Reads_QC_ATLAS	1	0.3853377624087386	1.3127895697158989	4.962449991367381e-4	0.061	0.0020754461142418	PROKJOT_red	low	high	630	all	mags
PROKJOT_red	1	0.35118907086982176	1.158294069409842	5.732004897526495e-4	0.191	0.00418327449198354	PROKJOT_red	low	mid	276	negative	mags
kjonn	1	0.42424034936058774	1.3992322695340305	0.00144440440827532	0.036	0.00505344265855067	PROKJOT_red	low	mid	276	negative	mags
age_invitation	2	0.704035410857017	1.1610270772812363	0.00116550289678408	0.091	0.00838628995030152	PROKJOT_red	low	mid	276	negative	mags
senter	1	0.4485225961995382	1.4793201334184052	0.00173365636600633	0.015	0.00534268657937611	PROKJOT_red	low	mid	276	negative	mags
Total_Reads_QC_ATLAS	1	0.3933359347339547	1.297303128937623	0.00107602617025502	0.057	0.00468531716684026	PROKJOT_red	low	mid	276	negative	mags
PROKJOT_red	1	0.35364091906778583	1.1841929973147198	6.527403089388233e-4	0.137	0.00418094484931667	PROKJOT_red	low	high	282	negative	mags
kjonn	1	0.3696333818610782	1.2377449519345496	8.423570418444136e-4	0.11	0.00437001687503066	PROKJOT_red	low	high	282	negative	mags
age_invitation	2	0.7384074016287911	1.2363061328977094	0.0016731259784956	0.044	0.00872987388075823	PROKJOT_red	low	high	282	negative	mags
senter	1	0.4701345243111064	1.574280524303199	0.00203231703620601	0.007	0.00555819876016015	PROKJOT_red	low	high	282	negative	mags
Total_Reads_QC_ATLAS	1	0.4222539859024153	1.4139489697967411	0.00146575256394652	0.022	0.00499212769867206	PROKJOT_red	low	high	282	negative	mags
PROKJOT_red	1	0.30342616748012574	1.046637509731142	1.317270234768439e-4	0.337	0.00295290205998424	PROKJOT_red	low	mid	354	positive	mags
kjonn	1	0.3596253384599919	1.2404907981663738	6.788913306451941e-4	0.086	0.00349982472368866	PROKJOT_red	low	mid	354	positive	mags
age_invitation	2	0.7650791277845883	1.31953107357523	0.00180200721060246	0.008	0.00744564567798536	PROKJOT_red	low	mid	354	positive	mags
senter	1	0.34613874275200374	1.193970166594662	5.476382517280812e-4	0.138	0.00336857501447925	PROKJOT_red	low	mid	354	positive	mags
Total_Reads_QC_ATLAS	1	0.39786265384326214	1.3723865040770105	0.00105083386363888	0.034	0.00387194505958857	PROKJOT_red	low	mid	354	positive	mags
PROKJOT_red	1	0.43721742224244053	1.5146255634477097	0.00147662544323845	0.01	0.00434549698581712	PROKJOT_red	low	high	348	positive	mags
kjonn	1	0.2619270720616669	0.90737792896923	-2.66226234068771e-4	0.66	0.00260328899134475	PROKJOT_red	low	high	348	positive	mags
age_invitation	2	0.733336011947614	1.2702255374406637	0.00155061219785136	0.021	0.00728861492564779	PROKJOT_red	low	high	348	positive	mags
senter	1	0.37819099348257623	1.310143917999599	8.904245926085177e-4	0.034	0.00375883425187577	PROKJOT_red	low	high	348	positive	mags
Total_Reads_QC_ATLAS	1	0.28598874186931766	0.9907332994002304	-2.6629159092569233e-5	0.478	0.00284243754376656	PROKJOT_red	low	high	348	positive	mags
FISK_modified	1	0.2879429546646861	0.9724571704207052	-4.37206885250285e-5	0.518	0.0015387744422106	FISK_modified	low	mid	630	all	mags
kjonn	1	0.594306159849765	2.0071242487739087	0.00159605844382963	0.001	0.00317598716971596	FISK_modified	low	mid	630	all	mags
age_invitation	2	0.7431694233044084	1.2549368248502342	8.086687790455518e-4	0.035	0.00397151621974888	FISK_modified	low	mid	630	all	mags
senter	1	0.40534558308263513	1.3689559420757496	5.853015739399018e-4	0.047	0.00216617706183109	FISK_modified	low	mid	630	all	mags
Total_Reads_QC_ATLAS	1	0.5774097783905745	1.950060837296148	0.00150576233566786	0.001	0.00308569247927799	FISK_modified	low	mid	630	all	mags
FISK_modified	1	0.3701732035120529	1.271611505007981	4.309435805928296e-4	0.072	0.00200856219668903	FISK_modified	low	high	630	all	mags
kjonn	1	0.4775560002674979	1.6404907174918515	0.0010156194010999	0.004	0.0025912219464802	FISK_modified	low	high	630	all	mags
age_invitation	2	0.9634466740942288	1.6548062685472122	0.0020744378211372	0.002	0.0052276678856049	FISK_modified	low	high	630	all	mags
senter	1	0.6427659284910305	2.2080165229186255	0.00191381682630255	0.001	0.0034876520856669	FISK_modified	low	high	630	all	mags
Total_Reads_QC_ATLAS	1	0.38142324796581306	1.3102574302762775	4.922297021488621e-4	0.062	0.00206960501066505	FISK_modified	low	high	630	all	mags
FISK_modified	1	0.24161338628599083	0.7965927936242386	-7.06774199101177e-4	0.886	0.00276161199470758	FISK_modified	low	mid	288	negative	mags
kjonn	1	0.471270921547287	1.5537674700890105	0.00191911363675545	0.009	0.00538657004774302	FISK_modified	low	mid	288	negative	mags
age_invitation	2	0.6880365217544977	1.134218892845546	9.312076887538358e-4	0.145	0.00786417483104608	FISK_modified	low	mid	288	negative	mags
senter	1	0.361770420608849	1.1927472828939374	6.688137876861072e-4	0.144	0.00413499246975179	FISK_modified	low	mid	288	negative	mags
Total_Reads_QC_ATLAS	1	0.45128825772738423	1.4878851684457206	0.00169118078619089	0.012	0.00515817059960179	FISK_modified	low	mid	288	negative	mags
FISK_modified	1	0.2550315717609948	0.8550828100860096	-5.291747314928898e-4	0.761	0.00311011197426852	FISK_modified	low	high	274	negative	mags
kjonn	1	0.4398301034183021	1.4746847152861502	0.00172942985899972	0.015	0.00536373148563342	FISK_modified	low	high	274	negative	mags
age_invitation	2	0.6770004801773979	1.134940801686665	9.84000145388222e-4	0.123	0.00825602604981983	FISK_modified	low	high	274	negative	mags
senter	1	0.4999177656921887	1.6761496819719426	0.00246162501824351	0.004	0.00609650098806566	FISK_modified	low	high	274	negative	mags
Total_Reads_QC_ATLAS	1	0.4453824384831506	1.4933008663650416	0.00179713262512443	0.015	0.00543144225434765	FISK_modified	low	high	274	negative	mags
FISK_modified	1	0.2948069758277825	1.0183292007586815	5.359128208571213e-5	0.422	0.0029745792846566	FISK_modified	low	mid	342	positive	mags
kjonn	1	0.45549563243453406	1.5733837437995144	0.00167375450343898	0.008	0.00459591523805333	FISK_modified	low	mid	342	positive	mags
age_invitation	2	0.6372569992281854	1.100614069391974	5.880403757707648e-4	0.214	0.00642987318595178	FISK_modified	low	mid	342	positive	mags
senter	1	0.3143669404808378	1.085893691443087	2.510880835108682e-4	0.254	0.00317193779526248	FISK_modified	low	mid	342	positive	mags
Total_Reads_QC_ATLAS	1	0.39353378446712384	1.3593536688970689	0.00104963882261738	0.031	0.00397072504747056	FISK_modified	low	mid	342	positive	mags
FISK_modified	1	0.4238468315371051	1.4898376285056645	0.00137405776210686	0.006	0.00416629381560731	FISK_modified	low	high	356	positive	mags
kjonn	1	0.3727337269384208	1.3101731344602503	8.705143940507155e-4	0.052	0.00366386653353065	FISK_modified	low	high	356	positive	mags
age_invitation	2	0.9294898500672986	1.6335959725383955	0.00354690263658914	0.001	0.00913662088722288	FISK_modified	low	high	356	positive	mags
senter	1	0.4370218784194435	1.5361484161348873	0.0015037701464961	0.011	0.0042958007795904	FISK_modified	low	high	356	positive	mags
Total_Reads_QC_ATLAS	1	0.275786749561604	0.9694008457019122	-8.596006911097181e-5	0.527	0.00271090531680514	FISK_modified	low	high	356	positive	mags
MILK	1	0.2989240806072644	1.0225456328761482	3.4953247803186745e-5	0.394	0.00158149286479102	MILK	low	mid	645	all	mags
kjonn	1	0.4875480810597139	1.6677818665260165	0.0010342499428972	0.002	0.00257943023483453	MILK	low	mid	645	all	mags
age_invitation	2	0.7475071693676796	1.2785189303379876	8.628793863388953e-4	0.024	0.0039547742434585	MILK	low	mid	645	all	mags
senter	1	0.4782896631813003	1.6361110999899724	9.852470905107992e-4	0.003	0.00253044749050621	MILK	low	mid	645	all	mags
Total_Reads_QC_ATLAS	1	0.46933410251145347	1.605476333348537	9.378426230014012e-4	0.009	0.00248306704771688	MILK	low	mid	645	all	mags
MILK	1	0.33040726425127787	1.138866092247264	2.257475505155925e-4	0.19	0.00184457690158277	MILK	low	high	615	all	mags
kjonn	1	0.5806254658527621	2.001332073776961	0.00162553556565529	0.002	0.0032414793458301	MILK	low	high	615	all	mags
age_invitation	2	0.7943007951504057	1.3689200276690623	0.00119830227629312	0.009	0.00443437254009346	MILK	low	high	615	all	mags
senter	1	0.6027005506793159	2.077421701071973	0.00174884140064258	0.001	0.00336471874150081	MILK	low	high	615	all	mags
Total_Reads_QC_ATLAS	1	0.4024331753183219	1.3871289991278173	6.290820540193097e-4	0.027	0.00224667862949359	MILK	low	high	615	all	mags
MILK	1	0.22547467245532005	0.7552751989223245	-8.747817209297013e-4	0.941	0.00269032668990806	MILK	low	mid	280	negative	mags
kjonn	1	0.4203564940579128	1.408073160548858	0.00145528320903661	0.028	0.00501562451749111	MILK	low	mid	280	negative	mags
age_invitation	2	0.6380275859366265	1.0686043062812445	4.897907466203522e-4	0.272	0.0076128401680373	MILK	low	mid	280	negative	mags
senter	1	0.45376764618524135	1.5199908952300896	0.00185366787433091	0.014	0.00541428088687354	MILK	low	mid	280	negative	mags
Total_Reads_QC_ATLAS	1	0.544782339468	1.8248638985941887	0.00293728940928837	0.002	0.00650025323066716	MILK	low	mid	280	negative	mags
MILK	1	0.3363028441044378	1.1316235431804065	5.159044627728374e-4	0.219	0.00442376161124489	MILK	low	high	255	negative	mags
kjonn	1	0.43274817091840134	1.4561518793681212	0.00178563669738329	0.022	0.00569241319068584	MILK	low	high	255	negative	mags
age_invitation	2	0.7009517140436401	1.1793142344019445	0.00140441100797853	0.093	0.0092203897120763	MILK	low	high	255	negative	mags
senter	1	0.43690881765401457	1.470152016100282	0.00184034029960044	0.016	0.00574714275848349	MILK	low	high	255	negative	mags
Total_Reads_QC_ATLAS	1	0.38844558630405857	1.3070783622920557	0.00120278044879076	0.063	0.00510965251371994	MILK	low	high	255	negative	mags
MILK	1	0.3107272516433284	1.084097509875089	2.3035106280632736e-4	0.257	0.00297035532225171	MILK	low	mid	365	positive	mags
kjonn	1	0.3259161443843652	1.1370900964964217	3.75448291106752e-4	0.21	0.00311555149720529	MILK	low	mid	365	positive	mags
age_invitation	2	0.7432556055017727	1.2965736781434205	0.00162242471057257	0.015	0.00710505188045038	MILK	low	mid	365	positive	mags
senter	1	0.3157622348121265	1.1016640821235455	2.7845417352214e-4	0.258	0.00301848656588673	MILK	low	mid	365	positive	mags
Total_Reads_QC_ATLAS	1	0.29781322433063906	1.0390417100438736	1.0695214917555325e-4	0.36	0.0028469054170468	MILK	low	mid	365	positive	mags
MILK	1	0.27983412118140905	0.9832852277231496	-4.643207882909526e-5	0.493	0.0027280919243034	MILK	low	high	360	positive	mags
kjonn	1	0.4035755658561584	1.4180897258026564	0.0011600131561674	0.015	0.00393444243829228	MILK	low	high	360	positive	mags
age_invitation	2	0.6616008693395372	1.1623714054667251	9.012503787558288e-4	0.111	0.0064499210501468	MILK	low	high	360	positive	mags
senter	1	0.440054770711427	1.5462708893499677	0.00151512006490178	0.003	0.00429007678249062	MILK	low	high	360	positive	mags
Total_Reads_QC_ATLAS	1	0.31919753553904684	1.1216009688029118	3.376664117780763e-4	0.201	0.00311184431435759	MILK	low	high	360	positive	mags
OST	1	0.47950240723594106	1.643815197670324	0.0010208856126949	0.005	0.00259549218433257	OST	low	mid	630	all	mags
kjonn	1	0.6844739904552739	2.3464923865685576	0.0021327312384023	0.001	0.00370498013314756	OST	low	mid	630	all	mags
age_invitation	2	0.8080366819459357	1.3850430759195898	0.00122086663389075	0.008	0.00437381097778878	OST	low	mid	630	all	mags
senter	1	0.6123325950601668	2.099179504835161	0.00174169059401659	0.001	0.00331448693626416	OST	low	mid	630	all	mags
Total_Reads_QC_ATLAS	1	0.4106717505673032	1.4078520871830358	6.469654301301933e-4	0.023	0.00222291964094173	OST	low	mid	630	all	mags
OST	1	0.3930253406823283	1.3385683337193004	5.354225579051182e-4	0.032	0.00210973031814544	OST	low	high	632	all	mags
kjonn	1	0.492428873806432	1.6771175516113097	0.0010702418861483	0.005	0.0026433209695742	OST	low	high	632	all	mags
age_invitation	2	0.8017500814121945	1.365302894556449	0.00115468697488043	0.009	0.00430373382895444	OST	low	high	632	all	mags
senter	1	0.5090663673693143	1.7337816384538258	0.00115970042970316	0.002	0.00273262977731323	OST	low	high	632	all	mags
Total_Reads_QC_ATLAS	1	0.534216501156294	1.819438132301294	0.00129490038220029	0.001	0.00286763379426462	OST	low	high	632	all	mags
OST	1	0.436349373406145	1.478215623300252	0.00171724607696832	0.015	0.00527577190594796	OST	low	mid	278	negative	mags
kjonn	1	0.586733488731781	1.9876701162338988	0.00354019271110586	0.001	0.00709402200343889	OST	low	mid	278	negative	mags
age_invitation	2	0.7238200188620283	1.2260382683573088	0.00162353444203893	0.051	0.00875149491029665	OST	low	mid	278	negative	mags
senter	1	0.5035076620095964	1.7057269651243334	0.00253215810385067	0.004	0.00608776301641954	OST	low	mid	278	negative	mags
Total_Reads_QC_ATLAS	1	0.4818834232281546	1.6324707865736887	0.00226991055560838	0.009	0.00582631070686287	OST	low	mid	278	negative	mags
OST	1	0.33692666443013763	1.1178909204313945	4.238883016163904e-4	0.224	0.00401051105696217	OST	low	high	278	negative	mags
kjonn	1	0.39509478918354546	1.310887276568231	0.00111705035908023	0.049	0.00470289884372539	OST	low	high	278	negative	mags
age_invitation	2	0.6684515610493662	1.10892964216583	7.830528381321951e-4	0.183	0.00795672370177749	OST	low	high	278	negative	mags
senter	1	0.41703721366826585	1.3836901731427955	0.0013782782062561	0.029	0.00496408427457091	OST	low	high	278	negative	mags
Total_Reads_QC_ATLAS	1	0.4853488454661772	1.6103417297238034	0.00219066430174328	0.006	0.00577721242252567	OST	low	high	278	negative	mags
OST	1	0.32604987152184606	1.1325594891165305	3.764476914854207e-4	0.202	0.00321132784011411	OST	low	mid	352	positive	mags
kjonn	1	0.3887797577221477	1.35045660876803	9.946251017837024e-4	0.048	0.00382916654381291	OST	low	mid	352	positive	mags
age_invitation	2	0.7508991033609789	1.304153105338043	0.00172516131912285	0.024	0.00739574956580918	OST	low	mid	352	positive	mags
senter	1	0.4113471541421063	1.428846208619064	0.00121683061200163	0.02	0.00405143716782525	OST	low	mid	352	positive	mags
Total_Reads_QC_ATLAS	1	0.3236662614247763	1.1242798347765672	3.529430996206271e-4	0.221	0.00318785120622074	OST	low	mid	352	positive	mags
OST	1	0.34014904011721114	1.1858366614799936	5.246868797230042e-4	0.136	0.00334179557632909	OST	low	high	354	positive	mags
kjonn	1	0.35569901120800296	1.240047385690948	6.77640451616099e-4	0.072	0.00349456632818935	OST	low	high	354	positive	mags
age_invitation	2	0.8133866408958568	1.4178251074881754	0.00235503454759992	0.003	0.00799112023792365	OST	low	high	354	positive	mags
senter	1	0.3638985965095856	1.268632998798069	7.582748619999338e-4	0.071	0.00357512318608646	OST	low	high	354	positive	mags
Total_Reads_QC_ATLAS	1	0.35273619649343857	1.2297183419620807	6.485010434396079e-4	0.089	0.00346545814342657	OST	low	high	354	positive	mags
SABR_S	1	0.28891246930362513	0.9801972890132852	-2.4754001478814816e-5	0.493	0.00122123128920987	SABR_S	low	mid	800	all	mags
kjonn	1	0.6301027898952896	2.1377583596296543	0.00142017817504853	0.001	0.00266344074485022	SABR_S	low	mid	800	all	mags
age_invitation	2	0.8447682672126859	1.433028431348386	0.00108140038558938	0.001	0.0035708304405773	SABR_S	low	mid	800	all	mags
senter	1	0.6123252934184507	2.077444404008279	0.00134499405960666	0.001	0.00258829537298841	SABR_S	low	mid	800	all	mags
Total_Reads_QC_ATLAS	1	0.448641762080797	1.5221130468674535	6.522156457118204e-4	0.012	0.00189640605966205	SABR_S	low	mid	800	all	mags
SABR_S	1	0.36112404513130514	1.2348515209897135	2.960680819046176e-4	0.107	0.00155111341939091	SABR_S	low	high	793	all	mags
kjonn	1	0.6210002338364973	2.123489403784069	0.0014147540260112	0.001	0.00266734328310497	SABR_S	low	high	793	all	mags
age_invitation	2	0.9094217469900628	1.5548685315089956	0.00139746059168384	0.002	0.00390618208524251	SABR_S	low	high	793	all	mags
senter	1	0.5619835998743383	1.921684009780557	0.00116092560304626	0.001	0.00241385284362814	SABR_S	low	high	793	all	mags
Total_Reads_QC_ATLAS	1	0.4451741907216445	1.5222581656619047	6.581518795316187e-4	0.011	0.0019121287283536	SABR_S	low	high	793	all	mags
SABR_S	1	0.27112279043431897	0.8943794808260588	-2.992978219979837e-4	0.679	0.00252776499685757	SABR_S	low	mid	353	negative	mags
kjonn	1	0.473833730846934	1.563082046750401	0.00159259287901542	0.004	0.00441770430750812	SABR_S	low	mid	353	negative	mags
age_invitation	2	0.6835903653604447	1.1275134692464794	7.219343506677485e-4	0.15	0.00637333289089845	SABR_S	low	mid	353	negative	mags
senter	1	0.4781438331346237	1.577300206131971	0.00163274114541688	0.009	0.004457888777719	SABR_S	low	mid	353	negative	mags
Total_Reads_QC_ATLAS	1	0.4228464893835735	1.3948854061223583	0.00111740554951313	0.027	0.00394233385247944	SABR_S	low	mid	353	negative	mags
SABR_S	1	0.3434297481246489	1.1572766366841212	4.543502254589145e-4	0.175	0.00333651124721723	SABR_S	low	high	346	negative	mags
kjonn	1	0.4280340647312926	1.4423730778228143	0.00127690234278427	0.02	0.00415846466116185	SABR_S	low	high	346	negative	mags
age_invitation	2	0.6586906809992854	1.1098155300823735	6.343691704950733e-4	0.201	0.00639935497024452	SABR_S	low	high	346	negative	mags
senter	1	0.40301733770516535	1.358072652854581	0.0010338221659221	0.047	0.00391542051152999	SABR_S	low	high	346	negative	mags
Total_Reads_QC_ATLAS	1	0.4368421439056078	1.4720542114408588	0.00136245970115898	0.013	0.00424403749051621	SABR_S	low	high	346	negative	mags
SABR_S	1	0.33001962711531974	1.1497020358669254	3.3479176031054903e-4	0.174	0.00256694441042011	SABR_S	low	mid	447	positive	mags
kjonn	1	0.392238337241281	1.3664557432936528	8.19139965880525e-4	0.033	0.00305089129435976	SABR_S	low	mid	447	positive	mags
age_invitation	2	0.8259265028230516	1.438655921879915	0.00195882180356096	0.002	0.00642418585334207	SABR_S	low	mid	447	positive	mags
senter	1	0.4108282945905159	1.431218290897	9.637644251649956e-4	0.026	0.00319548689773244	SABR_S	low	mid	447	positive	mags
Total_Reads_QC_ATLAS	1	0.3147655755322205	1.0965609111598786	2.1597328094649716e-4	0.281	0.00244829600520325	SABR_S	low	mid	447	positive	mags
SABR_S	1	0.3333032649357506	1.1554126825878208	3.4755854045345096e-4	0.171	0.00257675655752419	SABR_S	low	high	447	positive	mags
kjonn	1	0.41696897069218153	1.4454440975134306	9.955271718362908e-4	0.018	0.00322357337160289	SABR_S	low	high	447	positive	mags
age_invitation	2	0.9134680568055984	1.5832916880899612	0.00260301285158675	0.001	0.00706199144468757	SABR_S	low	high	447	positive	mags
senter	1	0.4052642248910132	1.4048690021937271	9.049275728640812e-4	0.038	0.0031330843675329	SABR_S	low	high	447	positive	mags
Total_Reads_QC_ATLAS	1	0.343823813386507	1.191882697695914	4.290835883209173e-4	0.147	0.00265809057090226	SABR_S	low	high	447	positive	mags
Ca	1	0.35579217491667237	1.2182872737472892	3.458189950263945e-4	0.13	0.0019253933944872	Ca	low	mid	631	all	mags
kjonn	1	0.4591176573677842	1.5720896595177745	9.058184629820952e-4	0.012	0.00248454622419788	Ca	low	mid	631	all	mags
age_invitation	2	0.765822827773178	1.3111477300473715	9.852335241608955e-4	0.023	0.0041443019770947	Ca	low	mid	631	all	mags
senter	1	0.4476834325664072	1.5329371105221543	8.438785678551031e-4	0.017	0.00242266914410524	Ca	low	mid	631	all	mags
Total_Reads_QC_ATLAS	1	0.4870428405459109	1.667709793071699	0.00105705861281152	0.003	0.00263566523979625	Ca	low	mid	631	all	mags
Ca	1	0.35138683056979403	1.200837845995134	3.191951343909236e-4	0.15	0.00190058501461418	Ca	low	high	629	all	mags
kjonn	1	0.6254775955873129	2.1375222497250026	0.0018051968174563	0.001	0.00338309020637595	Ca	low	high	629	all	mags
age_invitation	2	0.9021587238229074	1.5415295116560157	0.00171891468561442	0.001	0.00487960618364923	Ca	low	high	629	all	mags
senter	1	0.5599153851953815	1.9134683676314077	0.00145014897045872	0.002	0.00302847659039657	Ca	low	high	629	all	mags
Total_Reads_QC_ATLAS	1	0.3804264394098027	1.30007850698243	4.768448586473526e-4	0.062	0.00205765477531659	Ca	low	high	629	all	mags
Ca	1	0.2509925649211482	0.839740022271908	-5.917151512363486e-4	0.816	0.00309133992426631	Ca	low	mid	271	negative	mags
kjonn	1	0.4324556128440378	1.4468567468337208	0.00164620343071603	0.024	0.00532632232304499	Ca	low	mid	271	negative	mags
age_invitation	2	0.6472377139389494	1.0827241286789944	6.101376794913963e-4	0.236	0.00797167751251483	Ca	low	mid	271	negative	mags
senter	1	0.3756134240130251	1.2566811496803378	9.462666452764728e-4	0.095	0.0046262277693629	Ca	low	mid	271	negative	mags
Total_Reads_QC_ATLAS	1	0.5530215658923083	1.8502314688291528	0.00312757309138668	0.002	0.00681126807943593	Ca	low	mid	271	negative	mags
Ca	1	0.2759538991947892	0.91874829797323	-2.944769158601132e-4	0.645	0.00331723187319057	Ca	low	high	276	negative	mags
kjonn	1	0.4391641905944397	1.4621331817262162	0.00167159667187564	0.025	0.00527917690184724	Ca	low	high	276	negative	mags
age_invitation	2	0.72962575435632	1.2145913174778598	0.00155259524651015	0.071	0.00877080488775062	Ca	low	high	276	negative	mags
senter	1	0.4731840035439774	1.5753971918958742	0.00208043520044788	0.006	0.00568812784678942	Ca	low	high	276	negative	mags
Total_Reads_QC_ATLAS	1	0.40574661793196753	1.3508742428395764	0.00126966937883196	0.034	0.00487746546568317	Ca	low	high	276	negative	mags
Ca	1	0.33914451703576276	1.1859828840840594	5.163523649500622e-4	0.134	0.00329264700072674	Ca	low	mid	360	positive	mags
kjonn	1	0.30271609325721727	1.0585932760398875	1.6273261389700288e-4	0.318	0.00293897493978942	Ca	low	mid	360	positive	mags
age_invitation	2	0.7813933405837616	1.3662599292028137	0.0020306454729758	0.015	0.00758630114898678	Ca	low	mid	360	positive	mags
senter	1	0.31952461416409506	1.117372401459816	3.259281846835456e-4	0.228	0.00310216356048249	Ca	low	mid	360	positive	mags
Total_Reads_QC_ATLAS	1	0.30009688504719634	1.0494339473440042	1.3729766716209774e-4	0.35	0.00291354587452726	Ca	low	mid	360	positive	mags
Ca	1	0.3218475707551818	1.1248623688370036	3.5359268673239286e-4	0.198	0.00318035136682371	Ca	low	high	353	positive	mags
kjonn	1	0.41986052940281127	1.4674192151801435	0.00132238274242637	0.019	0.00414887086277645	Ca	low	high	353	positive	mags
age_invitation	2	0.7456543777987008	1.303036943507557	0.00171398041994258	0.016	0.0073682175510781	Ca	low	high	353	positive	mags
senter	1	0.3858378162175739	1.3485092925170354	9.86304691690448e-4	0.037	0.00381267387944105	Ca	low	high	353	positive	mags
Total_Reads_QC_ATLAS	1	0.30831189923075897	1.077554981992243	2.196542399762525e-4	0.301	0.00304659801478638	Ca	low	high	353	positive	mags
Alko	1	0.5890966137466194	1.9962762836300525	0.0015788940776288	0.001	0.00315411906635803	Alko	low	mid	630	all	mags
kjonn	1	0.567731253053978	1.9238753194305425	0.00146432137944184	0.002	0.00303972545086653	Alko	low	mid	630	all	mags
age_invitation	2	0.8045640776056189	1.3632162783706063	0.00115173951691942	0.007	0.00430776690625173	Alko	low	mid	630	all	mags
senter	1	0.49232944284833025	1.6683606178623347	0.00105976557505999	0.006	0.00263601189750729	Alko	low	mid	630	all	mags
Total_Reads_QC_ATLAS	1	0.4215459834037176	1.428496157491583	6.796903377675647e-4	0.033	0.00225702574513897	Alko	low	mid	630	all	mags
Alko	1	0.5492088177545611	1.853204344332344	0.00134393957294981	0.002	0.00291039686915432	Alko	low	high	634	all	mags
kjonn	1	0.462445960658755	1.5604390090013838	8.831924818329777e-4	0.005	0.00245061847615087	Alko	low	high	634	all	mags
age_invitation	2	0.7866868632161754	1.327265208980062	0.00103131764856239	0.013	0.00416885328438479	Alko	low	high	634	all	mags
senter	1	0.5322889263599109	1.7961112765873717	0.00125412122482347	0.002	0.00282073407178199	Alko	low	high	634	all	mags
Total_Reads_QC_ATLAS	1	0.4060249851751223	1.3700567837027653	5.833452883620913e-4	0.038	0.00215162941207582	Alko	low	high	634	all	mags
Alko	1	0.4590586247342259	1.524592829320149	0.00171702324995228	0.012	0.00497395847820536	Alko	low	mid	305	negative	mags
kjonn	1	0.4934726252169383	1.6388861581831886	0.00209033008271249	0.005	0.00534683854242167	Alko	low	mid	305	negative	mags
age_invitation	2	0.71236549471476	1.182928787936407	0.00119809588006056	0.089	0.00771857057269936	Alko	low	mid	305	negative	mags
senter	1	0.41106940123376035	1.3652144360358265	0.00119599227014223	0.049	0.00445398914916633	Alko	low	mid	305	negative	mags
Total_Reads_QC_ATLAS	1	0.4236628392668109	1.4070388660479896	0.0013327749994214	0.038	0.00459044064903852	Alko	low	mid	305	negative	mags
Alko	1	0.3932772451758666	1.2906776688954888	0.00108344304550984	0.062	0.00479968396493478	Alko	low	high	268	negative	mags
kjonn	1	0.36037239743039606	1.182688832255593	6.812103833065163e-4	0.147	0.00439810245461391	Alko	low	high	268	negative	mags
age_invitation	2	0.6559838652282082	1.0764209427209337	5.699804796667541e-4	0.245	0.00800584136970297	Alko	low	high	268	negative	mags
senter	1	0.5076706182427415	1.66609977606831	0.00247928479485688	0.004	0.00619577805666988	Alko	low	high	268	negative	mags
Total_Reads_QC_ATLAS	1	0.42609480054952087	1.398380024900285	0.00148428624965368	0.035	0.00520020013063577	Alko	low	high	268	negative	mags
Alko	1	0.3980663955458823	1.3779444025482082	0.00116155507479826	0.032	0.00423664196447916	Alko	low	mid	325	positive	mags
kjonn	1	0.3445137710471755	1.1925669378954464	5.921627905235068e-4	0.128	0.00366667851416559	Alko	low	mid	325	positive	mags
age_invitation	2	0.7065669622814141	1.222924117176508	0.00136996135231678	0.053	0.00752003001662814	Alko	low	mid	325	positive	mags
senter	1	0.34006372023294773	1.1771626669518735	5.44818908864533e-4	0.148	0.00361931638504699	Alko	low	mid	325	positive	mags
Total_Reads_QC_ATLAS	1	0.29864381268752993	1.0337837472668678	1.0393918711273624e-4	0.347	0.00317848209098124	Alko	low	mid	325	positive	mags
Alko	1	0.4123932017246688	1.4231679053935042	0.00115486121637036	0.024	0.0038835379229024	Alko	low	high	366	positive	mags
kjonn	1	0.3066551132383353	1.0582660270839848	1.5917145572577702e-4	0.331	0.00288779435871522	Alko	low	high	366	positive	mags
age_invitation	2	0.7780732240359356	1.3425643728643386	0.00186843886489808	0.009	0.00732717430767905	Alko	low	high	366	positive	mags
senter	1	0.35370104204586994	1.220621409467355	6.02427598473983e-4	0.101	0.00333082942301342	Alko	low	high	366	positive	mags
Total_Reads_QC_ATLAS	1	0.2778387549465009	0.9588208468536884	-1.12524007622006e-4	0.533	0.00261642853658657	Alko	low	high	366	positive	mags
Fiber_resid	1	0.27034962448149713	0.934936678327839	-1.0328578061607846e-4	0.593	0.00148107255164512	Fiber_resid	low	mid	630	all	mags
kjonn	1	0.5297559222901498	1.8320285935679237	0.00131893841126443	0.001	0.00290219362087216	Fiber_resid	low	mid	630	all	mags
age_invitation	2	0.7367209456876083	1.273882727110756	8.687136553833055e-4	0.024	0.00403602251333858	Fiber_resid	low	mid	630	all	mags
senter	1	0.4289731991107999	1.4834967077816927	7.668665560738463e-4	0.01	0.00235006958790093	Fiber_resid	low	mid	630	all	mags
Total_Reads_QC_ATLAS	1	0.3991130496650612	1.3802328360795797	6.031801383887195e-4	0.039	0.00218648494147531	Fiber_resid	low	mid	630	all	mags
Fiber_resid	1	0.6839063419587603	2.3328732359342643	0.00211120518578819	0.001	0.00367857691069697	Fiber_resid	low	high	630	all	mags
kjonn	1	0.5381456855322426	1.835668994114063	0.00132470155888071	0.001	0.00289456343937438	Fiber_resid	low	high	630	all	mags
age_invitation	2	1.0286067704563775	1.754340512639346	0.00238901074618529	0.001	0.0055326422403838	Fiber_resid	low	high	630	all	mags
senter	1	0.4820951064728547	1.6444748382421344	0.00102193052338631	0.007	0.00259308010268163	Fiber_resid	low	high	630	all	mags
Total_Reads_QC_ATLAS	1	0.4314789331271527	1.4718179861863336	7.483569807979446e-4	0.015	0.00232082720026804	Fiber_resid	low	high	630	all	mags
Fiber_resid	1	0.2844709025034291	0.9711198537175136	-1.0777335370413002e-4	0.524	0.00362077850420296	Fiber_resid	low	mid	268	negative	mags
kjonn	1	0.40474708028772	1.3817157464702854	0.00142228670611405	0.032	0.00515166758725709	Fiber_resid	low	mid	268	negative	mags
age_invitation	2	0.6705047336249663	1.1444763824780435	0.00107702073446622	0.122	0.00853426169464325	Fiber_resid	low	mid	268	negative	mags
senter	1	0.3679207071566566	1.2559987688347476	9.5430771356338e-4	0.092	0.00468293725650171	Fiber_resid	low	mid	268	negative	mags
Total_Reads_QC_ATLAS	1	0.36846413259387134	1.257853901385916	9.612165967774628e-4	0.092	0.00468985403823365	Fiber_resid	low	mid	268	negative	mags
Fiber_resid	1	0.3720641829494156	1.2193138933568268	8.056514808598193e-4	0.118	0.00446731670867168	Fiber_resid	low	high	272	negative	mags
kjonn	1	0.46872887705902144	1.536099571544385	0.00196707728769579	0.011	0.00562795463869567	Fiber_resid	low	high	272	negative	mags
age_invitation	2	0.6968387746260731	1.1418261126291145	0.00104175268305702	0.116	0.00836683465863358	Fiber_resid	low	high	272	negative	mags
senter	1	0.4243487700944826	1.3906588559625754	0.00143418595044095	0.042	0.00509508960502412	Fiber_resid	low	high	272	negative	mags
Total_Reads_QC_ATLAS	1	0.4255127311588893	1.3944733427156593	0.00144816940621019	0.037	0.00510906510427816	Fiber_resid	low	high	272	negative	mags
Fiber_resid	1	0.2673784826972678	0.934977310285188	-1.7965295920838384e-4	0.622	0.00258161828463247	Fiber_resid	low	mid	362	positive	mags
kjonn	1	0.3652723999559129	1.2772957740914157	7.654241028240736e-4	0.074	0.00352681299214885	Fiber_resid	low	mid	362	positive	mags
age_invitation	2	0.7261061557373978	1.2695351802888497	0.00148693038805871	0.025	0.00701076956277834	Fiber_resid	low	mid	362	positive	mags
senter	1	0.3761470392657458	1.3153225476360206	8.702986818741652e-4	0.056	0.00363181084911116	Fiber_resid	low	mid	362	positive	mags
Total_Reads_QC_ATLAS	1	0.29840767028542814	1.0434811287632078	1.2009918982008492e-4	0.336	0.00288121426268873	Fiber_resid	low	mid	362	positive	mags
Fiber_resid	1	0.576091980914029	2.034835868443253	0.00288227148193061	0.001	0.00564983260977648	Fiber_resid	low	high	358	positive	mags
kjonn	1	0.34488442852635615	1.2181790909839292	6.090676121953986e-4	0.113	0.00338234059047441	Fiber_resid	low	high	358	positive	mags
age_invitation	2	0.9244291562152682	1.6326052672327271	0.00352166170663518	0.001	0.00906603487853894	Fiber_resid	low	high	358	positive	mags
senter	1	0.3320508431622642	1.1728491077785568	4.8258573537645336e-4	0.171	0.00325647942334732	Fiber_resid	low	high	358	positive	mags
Total_Reads_QC_ATLAS	1	0.347389507473693	1.227027373314184	6.337527767763742e-4	0.1	0.0034069083282587	Fiber_resid	low	high	358	positive	mags
antibiotics_reg_quest_comb	1	0.4804356550297939	1.6439858272282797	6.2242262657468e-4	0.002	0.00158166493387914	antibiotics_reg_quest_comb	No	Yes	1034	all	mags
kjonn	1	0.7706009747823259	2.6368923033239016	0.00158056584840594	0.001	0.00253693190142332	antibiotics_reg_quest_comb	No	Yes	1034	all	mags
age_invitation	2	1.008360952759574	1.7252373941358925	0.00140081522350779	0.001	0.0033196727656982	antibiotics_reg_quest_comb	No	Yes	1034	all	mags
senter	1	0.7697736821011176	2.634061419669374	0.00157783669014262	0.001	0.00253420833207491	antibiotics_reg_quest_comb	No	Yes	1034	all	mags
Total_Reads_QC_ATLAS	1	0.5488753412943197	1.8781771763941797	8.485802442855985e-4	0.002	0.00180697846071049	antibiotics_reg_quest_comb	No	Yes	1034	all	mags
antibiotics_reg_quest_comb	1	0.28671116396370167	0.9530137262372388	-1.0442484510471352e-4	0.557	0.00210861814576238	antibiotics_reg_quest_comb	No	Yes	450	negative	mags
kjonn	1	0.578238332290141	1.9220356127423088	0.00204477834286671	0.001	0.00425265561056679	antibiotics_reg_quest_comb	No	Yes	450	negative	mags
age_invitation	2	0.7482917724669278	1.2436424179172512	0.00108168388373509	0.032	0.00550331416445375	antibiotics_reg_quest_comb	No	Yes	450	negative	mags
senter	1	0.5659494672629535	1.8811880332868076	0.00195436859348798	0.002	0.00416227711456085	antibiotics_reg_quest_comb	No	Yes	450	negative	mags
Total_Reads_QC_ATLAS	1	0.45940021119716334	1.5270235768099056	0.00116979348458562	0.014	0.00337866027993263	antibiotics_reg_quest_comb	No	Yes	450	negative	mags
antibiotics_reg_quest_comb	1	0.4770991555538444	1.674453580405378	0.00115355404409272	0.002	0.002854453318121	antibiotics_reg_quest_comb	No	Yes	584	positive	mags
kjonn	1	0.4186679197880778	1.4693800840544573	8.030875526566578e-4	0.02	0.00250486302253583	antibiotics_reg_quest_comb	No	Yes	584	positive	mags
age_invitation	2	0.9844280484027196	1.727501559278467	0.00248525183115104	0.001	0.00588976919473376	antibiotics_reg_quest_comb	No	Yes	584	positive	mags
senter	1	0.5059984279068317	1.7758800648148825	0.00132679902038518	0.002	0.00302735579111638	antibiotics_reg_quest_comb	No	Yes	584	positive	mags
Total_Reads_QC_ATLAS	1	0.36122128574544377	1.2677622003605296	4.58286795342145e-4	0.065	0.00216116353523004	antibiotics_reg_quest_comb	No	Yes	584	positive	mags
PPI_antacids_reg_quest_comb	1	0.8253982019317618	2.827651053534582	0.00176443547502877	0.001	0.002717332443616	PPI_antacids_reg_quest_comb	No	Yes	1034	all	mags
kjonn	1	0.7507289851392329	2.5718490793652076	0.00151785613017831	0.001	0.00247151038481473	PPI_antacids_reg_quest_comb	No	Yes	1034	all	mags
age_invitation	2	1.0030418367833818	1.7181115126503954	0.00138707048619999	0.001	0.00330216145251671	PPI_antacids_reg_quest_comb	No	Yes	1034	all	mags
senter	1	0.7151697572426201	2.45003019486872	0.00140038645283136	0.001	0.00235444416949313	PPI_antacids_reg_quest_comb	No	Yes	1034	all	mags
Total_Reads_QC_ATLAS	1	0.5497772785017219	1.88342826180919	8.536500224890031e-4	0.001	0.00180994777083261	PPI_antacids_reg_quest_comb	No	Yes	1034	all	mags
PPI_antacids_reg_quest_comb	1	0.5185539456643653	1.7266513120943028	0.00161217738063408	0.003	0.00381370660377562	PPI_antacids_reg_quest_comb	No	Yes	450	negative	mags
kjonn	1	0.5380950640033575	1.7917182118873085	0.00175628384440544	0.002	0.00395742181928535	PPI_antacids_reg_quest_comb	No	Yes	450	negative	mags
age_invitation	2	0.7484387131022743	1.246054240648524	0.00109237980429013	0.045	0.00550439483981274	PPI_antacids_reg_quest_comb	No	Yes	450	negative	mags
senter	1	0.5436521129338985	1.810221756036409	0.00179725684320191	0.002	0.00399829115290262	PPI_antacids_reg_quest_comb	No	Yes	450	negative	mags
Total_Reads_QC_ATLAS	1	0.4627473714072323	1.5408297684145735	0.00120040123487269	0.009	0.0034032769800923	PPI_antacids_reg_quest_comb	No	Yes	450	negative	mags
PPI_antacids_reg_quest_comb	1	0.5937568178093215	2.0853614958452904	0.00185504811309998	0.001	0.00355240854867014	PPI_antacids_reg_quest_comb	No	Yes	584	positive	mags
kjonn	1	0.4207233457408108	1.477642427497729	8.172124865443054e-4	0.015	0.00251716050276113	PPI_antacids_reg_quest_comb	No	Yes	584	positive	mags
age_invitation	2	0.9864736029324774	1.732320376390016	0.00250167243387546	0.001	0.00590200761487535	PPI_antacids_reg_quest_comb	No	Yes	584	positive	mags
senter	1	0.477327689749643	1.6764452301823578	0.00115695652818037	0.008	0.00285582062339896	PPI_antacids_reg_quest_comb	No	Yes	584	positive	mags
Total_Reads_QC_ATLAS	1	0.3678096577537815	1.2918017529629258	4.99410999927565e-4	0.058	0.00220058133784255	PPI_antacids_reg_quest_comb	No	Yes	584	positive	mags
Blindtarm	1	0.3798452792385092	1.2965471065104943	2.9439901026399293e-4	0.047	0.00128110463195012	Blindtarm	No	Yes	1007	all	mags
kjonn	1	0.7897578757366546	2.695724666324677	0.0016811062294188	0.001	0.00266361734112804	Blindtarm	No	Yes	1007	all	mags
age_invitation	2	1.0262513110565123	1.7514804587941633	0.00149028904805678	0.001	0.00346123903599667	Blindtarm	No	Yes	1007	all	mags
senter	1	0.7597794426697533	2.593397606400356	0.00157982157148937	0.001	0.00256250904372441	Blindtarm	No	Yes	1007	all	mags
Total_Reads_QC_ATLAS	1	0.5476336622873532	1.8692685655850292	8.62481467286115e-4	0.001	0.00184700471406309	Blindtarm	No	Yes	1007	all	mags
Blindtarm	1	0.3359073617780268	1.1471336841008863	1.68124511225328e-4	0.186	0.00130501965277465	Blindtarm	No	Unknown	875	all	mags
kjonn	1	0.7047827141379912	2.4068540417818904	0.0016052522128208	0.001	0.00273812186793848	Blindtarm	No	Unknown	875	all	mags
age_invitation	2	0.9708819720673034	1.6577954819886795	0.00150127531398838	0.001	0.0037719329739183	Blindtarm	No	Unknown	875	all	mags
senter	1	0.6995615079241304	2.3890234664475085	0.00158493936968014	0.001	0.00271783717788522	Blindtarm	No	Unknown	875	all	mags
Total_Reads_QC_ATLAS	1	0.4929093879909203	1.683300297977944	7.803052744587343e-4	0.003	0.00191498166327879	Blindtarm	No	Unknown	875	all	mags
Blindtarm	1	0.30392572114865857	1.008702358361444	1.9868003340089127e-5	0.45	0.00229212874870648	Blindtarm	No	Yes	438	negative	mags
kjonn	1	0.5978874901471158	1.98433524831948	0.00224230153397768	0.001	0.0045091119615633	Blindtarm	No	Yes	438	negative	mags
age_invitation	2	0.7474023981327207	1.2402809456076236	0.00109597079775333	0.043	0.00563671451411719	Blindtarm	No	Yes	438	negative	mags
senter	1	0.5994805389729834	1.9896224352728065	0.00225431851847186	0.001	0.00452112632151304	Blindtarm	No	Yes	438	negative	mags
Total_Reads_QC_ATLAS	1	0.4595996298784826	1.525370175345287	0.00119803826888103	0.008	0.00346618088313773	Blindtarm	No	Yes	438	negative	mags
Blindtarm	1	0.31253017764363733	1.037507071518495	9.792010136357758e-5	0.37	0.00270021326294823	Blindtarm	No	Unknown	383	negative	mags
kjonn	1	0.48216264899284056	1.6006363344616568	0.0015657855529154	0.002	0.00416581204901518	Blindtarm	No	Unknown	383	negative	mags
age_invitation	2	0.710851606079288	1.1799077670964804	9.385843784685042e-4	0.094	0.00614164990144407	Blindtarm	No	Unknown	383	negative	mags
senter	1	0.5466980648845237	1.814874686917191	0.00212309303432258	0.007	0.00472338823968724	Blindtarm	No	Unknown	383	negative	mags
Total_Reads_QC_ATLAS	1	0.3861684452138263	1.2819641793551584	7.356573116057566e-4	0.06	0.00333643670944139	Blindtarm	No	Unknown	383	negative	mags
Blindtarm	1	0.2898973295312999	1.0134790120111814	2.3688387900028796e-5	0.413	0.00177555571229424	Blindtarm	No	Yes	569	positive	mags
kjonn	1	0.4305427881521098	1.5051745397945373	8.870411760573703e-4	0.012	0.00263697740205651	Blindtarm	No	Yes	569	positive	mags
age_invitation	2	0.9577039243723108	1.674063070262406	0.00236368996186138	0.001	0.00586572037884976	Blindtarm	No	Yes	569	positive	mags
senter	1	0.481309424092899	1.6826543396933056	0.00119830634563475	0.004	0.00294791158894387	Blindtarm	No	Yes	569	positive	mags
Total_Reads_QC_ATLAS	1	0.3565877439937708	1.2466282289057224	4.332537369137443e-4	0.106	0.002184019448561	Blindtarm	No	Yes	569	positive	mags
Blindtarm	1	0.2704691969344992	0.9461893184139462	-1.0938326742729304e-4	0.483	0.00191734261398252	Blindtarm	No	Unknown	492	positive	mags
kjonn	1	0.4561273091970008	1.5956818472885692	0.00120927135425689	0.006	0.0032334636891623	Blindtarm	No	Unknown	492	positive	mags
age_invitation	2	0.8846506956534199	1.5473980923554935	0.00222025499596	0.001	0.00627124455017462	Blindtarm	No	Unknown	492	positive	mags
senter	1	0.454605121180208	1.5903567379658397	0.00119847400561249	0.003	0.00322267297441856	Blindtarm	No	Unknown	492	positive	mags
Total_Reads_QC_ATLAS	1	0.36155727599614806	1.264845078181848	5.380133902102745e-4	0.086	0.00256306145217245	Blindtarm	No	Unknown	492	positive	mags
Bowel_disorder_merged	1	0.403566033338393	1.3842054147212943	4.211004667125459e-4	0.042	0.00151040157155577	Bowel_disorder_merged	No bowel disease	IBS	912	all	mags
kjonn	1	0.6713942429576036	2.302838865864994	0.00142651354011211	0.001	0.0025127856061324	Bowel_disorder_merged	No bowel disease	IBS	912	all	mags
age_invitation	2	0.9077211465760228	1.5567124365667209	0.00121937192336005	0.003	0.00339727165584626	Bowel_disorder_merged	No bowel disease	IBS	912	all	mags
senter	1	0.6971111759930864	2.391046284272507	0.00152294714288186	0.001	0.00260903477693369	Bowel_disorder_merged	No bowel disease	IBS	912	all	mags
Total_Reads_QC_ATLAS	1	0.5743088850492768	1.9698423621820955	0.0010622939742158	0.001	0.00214943025645946	Bowel_disorder_merged	No bowel disease	IBS	912	all	mags
Bowel_disorder_merged	1	0.277337189393819	0.9488123315649168	-5.890757626762426e-5	0.548	0.00108775936753459	Bowel_disorder_merged	No bowel disease	Celiac disease	869	all	mags
kjonn	1	0.6096845050800255	2.085822597569289	0.0012479488452388	0.001	0.00239127696177724	Bowel_disorder_merged	No bowel disease	Celiac disease	869	all	mags
age_invitation	2	0.8464076393957782	1.4478440622131794	0.00102965003350866	0.001	0.00331974172132473	Bowel_disorder_merged	No bowel disease	Celiac disease	869	all	mags
senter	1	0.6181080104198031	2.1146406791213983	0.00128102738077298	0.001	0.00242431525303867	Bowel_disorder_merged	No bowel disease	Celiac disease	869	all	mags
Total_Reads_QC_ATLAS	1	0.599659425975176	2.0515252907407837	0.00120857818206732	0.001	0.00235195705040722	Bowel_disorder_merged	No bowel disease	Celiac disease	869	all	mags
Bowel_disorder_merged	1	0.3957438303316394	1.3534724963808722	4.0242625258401154e-4	0.058	0.00153542624255246	Bowel_disorder_merged	No bowel disease	IBD	878	all	mags
kjonn	1	0.6025604616230851	2.0608003200706	0.00120674283244612	0.001	0.0023378435103468	Bowel_disorder_merged	No bowel disease	IBD	878	all	mags
age_invitation	2	0.8398468811915336	1.4361685107148918	9.925639762268603e-4	0.002	0.00325847895095844	Bowel_disorder_merged	No bowel disease	IBD	878	all	mags
senter	1	0.5859338929257092	2.0039362536814234	0.00114212941748611	0.001	0.00227333493700995	Bowel_disorder_merged	No bowel disease	IBD	878	all	mags
Total_Reads_QC_ATLAS	1	0.593272410374766	2.0290345136421304	0.00117064906076906	0.002	0.00230180727544987	Bowel_disorder_merged	No bowel disease	IBD	878	all	mags
Bowel_disorder_merged	1	0.29802597831741195	1.0196245815910523	2.1400394348164913e-5	0.405	0.00110760118266539	Bowel_disorder_merged	No bowel disease	Other	917	all	mags
kjonn	1	0.6594488393720326	2.256146429655491	0.00136796953065831	0.001	0.00245081424954795	Bowel_disorder_merged	No bowel disease	Other	917	all	mags
age_invitation	2	0.8604332983044856	1.4718833350096974	0.00102813124756329	0.001	0.00319776465188455	Bowel_disorder_merged	No bowel disease	Other	917	all	mags
senter	1	0.627029401336074	2.1452310788211233	0.00124733107579884	0.001	0.00233032875324088	Bowel_disorder_merged	No bowel disease	Other	917	all	mags
Total_Reads_QC_ATLAS	1	0.5764684574663761	1.9722489061627293	0.00105912668636905	0.002	0.00214242110323356	Bowel_disorder_merged	No bowel disease	Other	917	all	mags
Bowel_disorder_merged	1	0.2625130674926197	0.898730926322964	-1.1628111292494612e-4	0.685	0.00102803102175169	Bowel_disorder_merged	No bowel disease	Missing	871	all	mags
kjonn	1	0.6391106995516793	2.188037938519562	0.00136213509798595	0.001	0.0025028301705058	Bowel_disorder_merged	No bowel disease	Missing	871	all	mags
age_invitation	2	0.7985623227966983	1.3669655818445523	8.419210695508557e-4	0.007	0.00312726085782445	Bowel_disorder_merged	No bowel disease	Missing	871	all	mags
senter	1	0.6223782388230745	2.1307532476128728	0.00129654096407242	0.001	0.00243730395170249	Bowel_disorder_merged	No bowel disease	Missing	871	all	mags
Total_Reads_QC_ATLAS	1	0.6104951208462523	2.0900706037775723	0.00124995185763653	0.001	0.00239076831051712	Bowel_disorder_merged	No bowel disease	Missing	871	all	mags
Bowel_disorder_merged	1	0.4361423096989654	1.4536872125826577	0.00116793128117323	0.021	0.00372791054659853	Bowel_disorder_merged	No bowel disease	IBS	388	negative	mags
kjonn	1	0.4966514167398514	1.6553675201199938	0.0016862433273511	0.005	0.00424510994066482	Bowel_disorder_merged	No bowel disease	IBS	388	negative	mags
age_invitation	2	0.6428738690572118	1.071367649927204	3.6773920229149666e-4	0.237	0.00549494103941704	Bowel_disorder_merged	No bowel disease	IBS	388	negative	mags
senter	1	0.5701021434961859	1.900182984857373	0.0023146890236676	0.001	0.00487292735906493	Bowel_disorder_merged	No bowel disease	IBS	388	negative	mags
Total_Reads_QC_ATLAS	1	0.4720239821629235	1.5732828749776628	0.00147535329947559	0.008	0.00403460783836165	Bowel_disorder_merged	No bowel disease	IBS	388	negative	mags
Bowel_disorder_merged	1	0.31295741652286324	1.0391974215045208	1.0767362905466418e-4	0.366	0.00284647075257398	Bowel_disorder_merged	No bowel disease	Celiac disease	364	negative	mags
kjonn	1	0.45807797011492823	1.521080569620185	0.00142949364905293	0.007	0.00416639924631837	Bowel_disorder_merged	No bowel disease	Celiac disease	364	negative	mags
age_invitation	2	0.64316662850959	1.0678403301173938	3.726101764836044e-4	0.261	0.00584985336799141	Bowel_disorder_merged	No bowel disease	Celiac disease	364	negative	mags
senter	1	0.5135199471334033	1.7051796083994852	0.00193356071651263	0.002	0.0046706658261022	Bowel_disorder_merged	No bowel disease	Celiac disease	364	negative	mags
Total_Reads_QC_ATLAS	1	0.4745601398938959	1.5758107898699794	0.00157939932608929	0.009	0.00431631106095454	Bowel_disorder_merged	No bowel disease	Celiac disease	364	negative	mags
Bowel_disorder_merged	1	0.3543363454164421	1.17676411970219	4.6989643317241734e-4	0.172	0.00312144410756758	Bowel_disorder_merged	No bowel disease	IBD	376	negative	mags
kjonn	1	0.4674493986298529	1.552416756563556	0.00146703813859913	0.006	0.004117887396576	Bowel_disorder_merged	No bowel disease	IBD	376	negative	mags
age_invitation	2	0.6383270895802013	1.0599539468200585	3.1880230512558845e-4	0.254	0.00562319490575868	Bowel_disorder_merged	No bowel disease	IBD	376	negative	mags
senter	1	0.44891956641765773	1.49087849786253	0.00130382573894234	0.013	0.00395465312405169	Bowel_disorder_merged	No bowel disease	IBD	376	negative	mags
Total_Reads_QC_ATLAS	1	0.46592688420446393	1.5473604297974686	0.00145362970855167	0.009	0.00410447515777156	Bowel_disorder_merged	No bowel disease	IBD	376	negative	mags
Bowel_disorder_merged	1	0.2881484124935696	0.9573433213131602	-1.1080884525752614e-4	0.549	0.00247876947755789	Bowel_disorder_merged	No bowel disease	Other	385	negative	mags
kjonn	1	0.4822889795369037	1.6023552915215102	0.00156211517708733	0.004	0.00414884535192536	Bowel_disorder_merged	No bowel disease	Other	385	negative	mags
age_invitation	2	0.6911755752313127	1.148179708984594	7.691726400344661e-4	0.131	0.00594577254370655	Bowel_disorder_merged	No bowel disease	Other	385	negative	mags
senter	1	0.5163967328288095	1.7156747769090333	0.00185544644334966	0.002	0.0044422540751469	Bowel_disorder_merged	No bowel disease	Other	385	negative	mags
Total_Reads_QC_ATLAS	1	0.4517246105532848	1.500808334301083	0.00129911098361897	0.012	0.00388591825723209	Bowel_disorder_merged	No bowel disease	Other	385	negative	mags
Bowel_disorder_merged	1	0.21634328570240768	0.7194208217629917	-7.630251826514422e-4	0.966	0.00195194329425718	Bowel_disorder_merged	No bowel disease	Missing	368	negative	mags
kjonn	1	0.4537741394006361	1.5089655461341958	0.00138114834025789	0.011	0.00409414780604183	Bowel_disorder_merged	No bowel disease	Missing	368	negative	mags
age_invitation	2	0.6254950431345776	1.0400002858409665	2.173456084483823e-4	0.325	0.0056434885467955	Bowel_disorder_merged	No bowel disease	Missing	368	negative	mags
senter	1	0.5007603160439942	1.665211827143182	0.0018043791651681	0.005	0.00451807754402291	Bowel_disorder_merged	No bowel disease	Missing	368	negative	mags
Total_Reads_QC_ATLAS	1	0.4705432897604851	1.5647291252671511	0.0015322386561716	0.003	0.00424544637992188	Bowel_disorder_merged	No bowel disease	Missing	368	negative	mags
Bowel_disorder_merged	1	0.2497828954965939	0.8774005499086817	-2.3402317023530123e-4	0.767	0.00166972547986227	Bowel_disorder_merged	No bowel disease	IBS	524	positive	mags
kjonn	1	0.4074149089316847	1.4311070597006916	8.220470790105415e-4	0.023	0.00272344930971576	Bowel_disorder_merged	No bowel disease	IBS	524	positive	mags
age_invitation	2	0.9404210395273652	1.651686228527717	0.00248118044808857	0.001	0.00628643914298296	Bowel_disorder_merged	No bowel disease	IBS	524	positive	mags
senter	1	0.4544970295891346	1.5964901956179254	0.00113704572326722	0.005	0.00303817949310722	Bowel_disorder_merged	No bowel disease	IBS	524	positive	mags
Total_Reads_QC_ATLAS	1	0.366425624111514	1.287125939736167	5.476501816090188e-4	0.07	0.00244944794893602	Bowel_disorder_merged	No bowel disease	IBS	524	positive	mags
Bowel_disorder_merged	1	0.2716259970856072	0.9519797828345355	-9.509858182181306e-5	0.544	0.00187978559999596	Bowel_disorder_merged	No bowel disease	Celiac disease	505	positive	mags
kjonn	1	0.39987095928037775	1.4014456387162293	7.943104282356977e-4	0.035	0.00276730386331513	Bowel_disorder_merged	No bowel disease	Celiac disease	505	positive	mags
age_invitation	2	0.8820291405920386	1.5456434927506306	0.00215630463033939	0.001	0.00610407580662897	Bowel_disorder_merged	No bowel disease	Celiac disease	505	positive	mags
senter	1	0.4602242081653003	1.6129683699101782	0.00121232723101699	0.01	0.00318497805276723	Bowel_disorder_merged	No bowel disease	Celiac disease	505	positive	mags
Total_Reads_QC_ATLAS	1	0.3781963862320197	1.3254817929687837	6.44103265511026e-4	0.046	0.00261730514912901	Bowel_disorder_merged	No bowel disease	Celiac disease	505	positive	mags
Bowel_disorder_merged	1	0.3308170523887952	1.1594045888145252	3.1743822252029957e-4	0.192	0.00230266692923827	Bowel_disorder_merged	No bowel disease	IBD	502	positive	mags
kjonn	1	0.3948029900398069	1.3836541829527256	7.636677263647802e-4	0.03	0.00274804391782266	Bowel_disorder_merged	No bowel disease	IBD	502	positive	mags
age_invitation	2	0.8563487493728985	1.5006098725552672	0.00199049168433008	0.001	0.00596065387451084	Bowel_disorder_merged	No bowel disease	IBD	502	positive	mags
senter	1	0.45106783403431905	1.5808438920234185	0.00115572230633646	0.01	0.00313967788774465	Bowel_disorder_merged	No bowel disease	IBD	502	positive	mags
Total_Reads_QC_ATLAS	1	0.3764283243980629	1.3192570440835556	6.355660062929614e-4	0.049	0.00262014623357835	Bowel_disorder_merged	No bowel disease	IBD	502	positive	mags
Bowel_disorder_merged	1	0.2895699055102625	1.0142277670083146	2.674320772967279e-5	0.436	0.00190159640173195	Bowel_disorder_merged	No bowel disease	Other	532	positive	mags
kjonn	1	0.41226954671577687	1.4439871471942496	8.338663932953934e-4	0.016	0.00270736106087032	Bowel_disorder_merged	No bowel disease	Other	532	positive	mags
age_invitation	2	0.8419132269367253	1.4744138736829766	0.00178033555562247	0.003	0.0055288175064058	Bowel_disorder_merged	No bowel disease	Other	532	positive	mags
senter	1	0.4416641336929103	1.5469426192396456	0.00102703175151021	0.006	0.0029003943829195	Bowel_disorder_merged	No bowel disease	Other	532	positive	mags
Total_Reads_QC_ATLAS	1	0.37693792042011864	1.3202370068629448	6.015871360885648e-4	0.056	0.00247533938958245	Bowel_disorder_merged	No bowel disease	Other	532	positive	mags
Bowel_disorder_merged	1	0.386725848991631	1.35563995953877	7.06538143820853e-4	0.042	0.00268566270774756	Bowel_disorder_merged	No bowel disease	Missing	503	positive	mags
kjonn	1	0.4217537352037368	1.478427723457637	9.50244731677799e-4	0.023	0.00292891794392163	Bowel_disorder_merged	No bowel disease	Missing	503	positive	mags
age_invitation	2	0.8443872365242839	1.4799697022342124	0.00190479307859824	0.002	0.0058639455261248	Bowel_disorder_merged	No bowel disease	Missing	503	positive	mags
senter	1	0.451148416088472	1.5814686867372854	0.00115466656915248	0.011	0.00313305272949161	Bowel_disorder_merged	No bowel disease	Missing	503	positive	mags
Total_Reads_QC_ATLAS	1	0.3776153216963962	1.323703654049772	6.431321467670507e-4	0.047	0.00262239358966681	Bowel_disorder_merged	No bowel disease	Missing	503	positive	mags
bowel_disorder_merged_2	1	0.2625130674926197	0.898730926322964	-1.1628111292494612e-4	0.654	0.00102803102175169	bowel_disorder_merged_2	No	Missing	871	all	mags
kjonn	1	0.6391106995516793	2.188037938519562	0.00136213509798595	0.001	0.0025028301705058	bowel_disorder_merged_2	No	Missing	871	all	mags
age_invitation	2	0.7985623227966983	1.3669655818445523	8.419210695508557e-4	0.006	0.00312726085782445	bowel_disorder_merged_2	No	Missing	871	all	mags
senter	1	0.6223782388230745	2.1307532476128728	0.00129654096407242	0.001	0.00243730395170249	bowel_disorder_merged_2	No	Missing	871	all	mags
Total_Reads_QC_ATLAS	1	0.6104951208462808	2.0900706037776695	0.00124995185763665	0.001	0.00239076831051723	bowel_disorder_merged_2	No	Missing	871	all	mags
bowel_disorder_merged_2	1	0.4072095378543281	1.390819651230891	3.898875005328477e-4	0.034	0.00138132999451091	bowel_disorder_merged_2	No	Yes	1002	all	mags
kjonn	1	0.6967046375385735	2.379586947049806	0.00137494021703932	0.001	0.00236335086407323	bowel_disorder_merged_2	No	Yes	1002	all	mags
age_invitation	2	1.008799995955428	1.722772587706887	0.00144058158647869	0.001	0.00342203598721751	bowel_disorder_merged_2	No	Yes	1002	all	mags
senter	1	0.6965765641704706	2.3791495138843275	0.00137450485646676	0.001	0.00236291641554388	bowel_disorder_merged_2	No	Yes	1002	all	mags
Total_Reads_QC_ATLAS	1	0.5386349098095593	1.839701548616738	8.37323798928228e-4	0.001	0.00182714914029541	bowel_disorder_merged_2	No	Yes	1002	all	mags
bowel_disorder_merged_2	1	0.21634328570240768	0.7194208217629917	-7.630251826514422e-4	0.97	0.00195194329425718	bowel_disorder_merged_2	No	Missing	368	negative	mags
kjonn	1	0.4537741394006361	1.5089655461341958	0.00138114834025789	0.013	0.00409414780604183	bowel_disorder_merged_2	No	Missing	368	negative	mags
age_invitation	2	0.6254950431345776	1.0400002858409665	2.173456084483823e-4	0.335	0.0056434885467955	bowel_disorder_merged_2	No	Missing	368	negative	mags
senter	1	0.50076031604398	1.6652118271431346	0.00180437916516797	0.003	0.00451807754402278	bowel_disorder_merged_2	No	Missing	368	negative	mags
Total_Reads_QC_ATLAS	1	0.4705432897604851	1.5647291252671511	0.0015322386561716	0.009	0.00424544637992188	bowel_disorder_merged_2	No	Missing	368	negative	mags
bowel_disorder_merged_2	1	0.3904018112158667	1.2962932016110054	6.791100594432262e-4	0.078	0.0029577914449394	bowel_disorder_merged_2	No	Yes	436	negative	mags
kjonn	1	0.5283169293647916	1.7542276294740389	0.00172689256740039	0.002	0.00400267429350575	bowel_disorder_merged_2	No	Yes	436	negative	mags
age_invitation	2	0.7543577659723724	1.2523876881705276	0.00115640287304039	0.048	0.0057152218112609	bowel_disorder_merged_2	No	Yes	436	negative	mags
senter	1	0.5637010010471499	1.871717175499212	0.00199536189052272	0.001	0.0042707537478076	bowel_disorder_merged_2	No	Yes	436	negative	mags
Total_Reads_QC_ATLAS	1	0.465074626480515	1.5442373965194536	0.00124669472162821	0.015	0.00352353322126838	bowel_disorder_merged_2	No	Yes	436	negative	mags
bowel_disorder_merged_2	1	0.386725848991631	1.35563995953877	7.06538143820853e-4	0.051	0.00268566270774756	bowel_disorder_merged_2	No	Missing	503	positive	mags
kjonn	1	0.4217537352037368	1.478427723457637	9.50244731677799e-4	0.015	0.00292891794392163	bowel_disorder_merged_2	No	Missing	503	positive	mags
age_invitation	2	0.8443872365242839	1.4799697022342124	0.00190479307859824	0.003	0.0058639455261248	bowel_disorder_merged_2	No	Missing	503	positive	mags
senter	1	0.451148416088472	1.5814686867372854	0.00115466656915248	0.009	0.00313305272949161	bowel_disorder_merged_2	No	Missing	503	positive	mags
Total_Reads_QC_ATLAS	1	0.3776153216963962	1.323703654049772	6.431321467670507e-4	0.057	0.00262239358966681	bowel_disorder_merged_2	No	Missing	503	positive	mags
bowel_disorder_merged_2	1	0.29342370199842094	1.0272496057344909	4.8141861992459784e-5	0.395	0.00180944719092447	bowel_disorder_merged_2	No	Yes	566	positive	mags
kjonn	1	0.40284808599733424	1.4103343891213085	7.244472146926095e-4	0.023	0.00248423127583981	bowel_disorder_merged_2	No	Yes	566	positive	mags
age_invitation	2	0.97067628859989	1.6991245560071042	0.00246431693118984	0.001	0.00598584051575193	bowel_disorder_merged_2	No	Yes	566	positive	mags
senter	1	0.45368875686958177	1.58832293862531	0.00103836050763269	0.007	0.00279774892444135	bowel_disorder_merged_2	No	Yes	566	positive	mags
Total_Reads_QC_ATLAS	1	0.36060930035796446	1.262460254894143	4.634957697460657e-4	0.097	0.00222375861632838	bowel_disorder_merged_2	No	Yes	566	positive	mags
symtomduration_smerter_cat	1	0.34272054833036236	1.1722054891041669	1.6651529425191166e-4	0.154	0.00112828652024244	symtomduration_smerter_cat	No	Yes	1034	all	mags
kjonn	1	0.7709363107526315	2.636829859243925	0.00158050564836168	0.001	0.00253803587682512	symtomduration_smerter_cat	No	Yes	1034	all	mags
age_invitation	2	0.9938429841097332	1.6996182559764617	0.00135139805266484	0.001	0.003271877474728	symtomduration_smerter_cat	No	Yes	1034	all	mags
senter	1	0.761171549865935	2.603431493237164	0.00154830646990535	0.001	0.00250588884585331	symtomduration_smerter_cat	No	Yes	1034	all	mags
Total_Reads_QC_ATLAS	1	0.5644302006743942	1.9305179764386953	8.991115444717027e-4	0.001	0.00185818734867564	symtomduration_smerter_cat	No	Yes	1034	all	mags
symtomduration_smerter_cat	1	0.3151116349936558	1.047638735225542	1.058526500870474e-4	0.352	0.00231748949815082	symtomduration_smerter_cat	No	Yes	450	negative	mags
kjonn	1	0.5900628178297893	1.9617576614943637	0.00213268119780633	0.001	0.00433961882618948	symtomduration_smerter_cat	No	Yes	450	negative	mags
age_invitation	2	0.7301274062245966	1.2137123283722002	9.489312447396525e-4	0.058	0.00536972427651447	symtomduration_smerter_cat	No	Yes	450	negative	mags
senter	1	0.5777949632707475	1.9209712283484592	0.00204242270178664	0.003	0.00424939485173676	symtomduration_smerter_cat	No	Yes	450	negative	mags
Total_Reads_QC_ATLAS	1	0.469001798222763	1.5592710523636886	0.00124128186521921	0.002	0.00344927518153046	symtomduration_smerter_cat	No	Yes	450	negative	mags
symtomduration_smerter_cat	1	0.3329787820467516	1.1676171847049428	2.869333728438164e-4	0.17	0.00199219046651607	symtomduration_smerter_cat	No	Yes	584	positive	mags
kjonn	1	0.41365163030008034	1.4505030892682411	7.708147856610402e-4	0.027	0.00247485088772698	symtomduration_smerter_cat	No	Yes	584	positive	mags
age_invitation	2	0.972647139722028	1.7053331566845833	0.00240970381057942	0.001	0.00581928478183422	symtomduration_smerter_cat	No	Yes	584	positive	mags
senter	1	0.4914181855798177	1.7231978411133582	0.00123682084751129	0.003	0.00294012314648711	symtomduration_smerter_cat	No	Yes	584	positive	mags
Total_Reads_QC_ATLAS	1	0.37398477740254066	1.31140804296638	5.329487644428824e-4	0.062	0.00223752667837817	symtomduration_smerter_cat	No	Yes	584	positive	mags
symtomduration_synlig_blod_i_avforingen_cat	1	0.3173185118796482	1.0852312138671525	8.24218461829331e-5	0.291	0.00104465927508987	symtomduration_synlig_blod_i_avforingen_cat	No	Yes	1034	all	mags
kjonn	1	0.7795380802928094	2.66602491017825	0.00160865073306111	0.001	0.00256635416900134	symtomduration_synlig_blod_i_avforingen_cat	No	Yes	1034	all	mags
age_invitation	2	0.995775427774845	1.7027789677663727	0.00135749506534932	0.002	0.00327823936387965	symtomduration_synlig_blod_i_avforingen_cat	No	Yes	1034	all	mags
senter	1	0.777265153490589	2.658251486881911	0.00160115702694511	0.001	0.0025588713592167	symtomduration_synlig_blod_i_avforingen_cat	No	Yes	1034	all	mags
Total_Reads_QC_ATLAS	1	0.5525161313683498	1.8896084832059057	8.596167899586576e-4	0.001	0.00181896447784186	symtomduration_synlig_blod_i_avforingen_cat	No	Yes	1034	all	mags
symtomduration_synlig_blod_i_avforingen_cat	1	0.3272717771966427	1.0881663679388962	1.9588688289756497e-4	0.28	0.00240692130174642	symtomduration_synlig_blod_i_avforingen_cat	No	Yes	450	negative	mags
kjonn	1	0.5831098026615678	1.9388181941840656	0.0020819192234184402	0.001	0.00428848285454197	symtomduration_synlig_blod_i_avforingen_cat	No	Yes	450	negative	mags
age_invitation	2	0.7465036758774772	1.2410483430481438	0.00107017945805784	0.043	0.00549016360253365	symtomduration_synlig_blod_i_avforingen_cat	No	Yes	450	negative	mags
senter	1	0.5608929093747292	1.8649478583979795	0.00191841894675216	0.002	0.00412508864386859	symtomduration_synlig_blod_i_avforingen_cat	No	Yes	450	negative	mags
Total_Reads_QC_ATLAS	1	0.4699285499411872	1.5624947796003827	0.0012484278787464	0.009	0.00345609097992167	symtomduration_synlig_blod_i_avforingen_cat	No	Yes	450	negative	mags
symtomduration_synlig_blod_i_avforingen_cat	1	0.2399023776254694	0.8407616247818194	-2.727428190779846e-4	0.835	0.00143532037285455	symtomduration_synlig_blod_i_avforingen_cat	No	Yes	584	positive	mags
kjonn	1	0.4204055196190666	1.4733527497338403	8.098790945847034e-4	0.02	0.00251525896967888	symtomduration_synlig_blod_i_avforingen_cat	No	Yes	584	positive	mags
age_invitation	2	0.9723505892177116	1.7038494352159572	0.00240464700609186	0.001	0.00581751053939178	symtomduration_synlig_blod_i_avforingen_cat	No	Yes	584	positive	mags
senter	1	0.5055148039032247	1.7716266595092542	0.00131953505322607	0.004	0.00302446230005535	symtomduration_synlig_blod_i_avforingen_cat	No	Yes	584	positive	mags
Total_Reads_QC_ATLAS	1	0.3609810612209401	1.2650938542234849	4.5372187558688373e-4	0.083	0.0021597262874733	symtomduration_synlig_blod_i_avforingen_cat	No	Yes	584	positive	mags
symtomduration_annet_se_fritekst_cat	1	0.2829551351712212	0.9675975340800492	-3.133798969835012e-5	0.51	9.315299780021544e-4	symtomduration_annet_se_fritekst_cat	No	Yes	1034	all	mags
kjonn	1	0.7829538084181422	2.677400337214414	0.0016196166264401	0.001	0.00257759924905096	symtomduration_annet_se_fritekst_cat	No	Yes	1034	all	mags
age_invitation	2	0.9966278409407324	1.704041597807087	0.00135993065774449	0.001	0.00328104563356332	symtomduration_annet_se_fritekst_cat	No	Yes	1034	all	mags
senter	1	0.7739867133439589	2.6467363272596525	0.00159005601958397	0.001	0.00254807825141244	symtomduration_annet_se_fritekst_cat	No	Yes	1034	all	mags
Total_Reads_QC_ATLAS	1	0.5478148496238191	1.8733157018256237	8.43886578748397e-4	0.002	0.00180348716594429	symtomduration_annet_se_fritekst_cat	No	Yes	1034	all	mags
symtomduration_annet_se_fritekst_cat	1	0.2973189359720436	0.9883521015890104	-2.5884888701207583e-5	0.471	0.00218663303794053	symtomduration_annet_se_fritekst_cat	No	Yes	450	negative	mags
kjonn	1	0.5831575318064495	1.938541082941852	0.00208130598171519	0.001	0.00428883387868622	symtomduration_annet_se_fritekst_cat	No	Yes	450	negative	mags
age_invitation	2	0.7434528339831843	1.2356985748271971	0.00104645301041785	0.039	0.00546772617634757	symtomduration_annet_se_fritekst_cat	No	Yes	450	negative	mags
senter	1	0.5614220453812209	1.866287650387344	0.00192138484095108	0.001	0.00412898017627158	symtomduration_annet_se_fritekst_cat	No	Yes	450	negative	mags
Total_Reads_QC_ATLAS	1	0.46273372976978067	1.538226459740483	0.00119462995175744	0.007	0.0034031766526273	symtomduration_annet_se_fritekst_cat	No	Yes	450	negative	mags
symtomduration_annet_se_fritekst_cat	1	0.3783203001456173	1.3269765576733965	5.595780629531206e-4	0.045	0.00226346582988515	symtomduration_annet_se_fritekst_cat	No	Yes	584	positive	mags
kjonn	1	0.4255476686811335	1.492628812926711	8.428315236878408e-4	0.015	0.00254602411416012	symtomduration_annet_se_fritekst_cat	No	Yes	584	positive	mags
age_invitation	2	0.975412253447672	1.710652579169346	0.00242783299107003	0.001	0.00583582827799695	symtomduration_annet_se_fritekst_cat	No	Yes	584	positive	mags
senter	1	0.5080565198972238	1.7820325571142992	0.00133730606204615	0.002	0.00303966922207216	symtomduration_annet_se_fritekst_cat	No	Yes	584	positive	mags
Total_Reads_QC_ATLAS	1	0.3644964043202492	1.2784885815089615	4.766367185365091e-4	0.072	0.00218075835734253	symtomduration_annet_se_fritekst_cat	No	Yes	584	positive	mags
symtomduration_vekslende_avforing_cat	1	0.3134234561417202	1.0718961964233105	6.952727048067226e-5	0.294	0.00103183617794525	symtomduration_vekslende_avforing_cat	No	Yes	1034	all	mags
kjonn	1	0.7671214500994665	2.623525930951849	0.00156767965414112	0.001	0.0025254767937105	symtomduration_vekslende_avforing_cat	No	Yes	1034	all	mags
age_invitation	2	0.989864385102976	1.6926491118887634	0.00133795431145683	0.001	0.00325877934083832	symtomduration_vekslende_avforing_cat	No	Yes	1034	all	mags
senter	1	0.7819228097302471	2.6741460130779084	0.00161647948780288	0.001	0.00257420504952716	symtomduration_vekslende_avforing_cat	No	Yes	1034	all	mags
Total_Reads_QC_ATLAS	1	0.5490875033277121	1.877858197232105	8.482722770408315e-4	0.002	0.00180767692937118	symtomduration_vekslende_avforing_cat	No	Yes	1034	all	mags
symtomduration_vekslende_avforing_cat	1	0.3431256964632894	1.1410158264279775	3.132703341175929e-4	0.187	0.00252351900022786	symtomduration_vekslende_avforing_cat	No	Yes	450	negative	mags
kjonn	1	0.5810618125754843	1.9322386260059323	0.0020673585655496	0.001	0.00427342090509376	symtomduration_vekslende_avforing_cat	No	Yes	450	negative	mags
age_invitation	2	0.7350568499113024	1.2221636381622958	9.864199622876355e-4	0.044	0.0054059778854169	symtomduration_vekslende_avforing_cat	No	Yes	450	negative	mags
senter	1	0.5826032206631169	1.9373643599311416	0.00207870190854921	0.002	0.00428475719566115	symtomduration_vekslende_avforing_cat	No	Yes	450	negative	mags
Total_Reads_QC_ATLAS	1	0.47107127961572814	1.5664807123378226	0.00125726332647343	0.005	0.00346449518886187	symtomduration_vekslende_avforing_cat	No	Yes	450	negative	mags
symtomduration_vekslende_avforing_cat	1	0.26431676001234905	0.926461627925904	-1.2593772830414067e-4	0.655	0.00158139003993079	symtomduration_vekslende_avforing_cat	No	Yes	584	positive	mags
kjonn	1	0.42079329795578246	1.474930472915188	8.125762939582512e-4	0.016	0.00251757902232842	symtomduration_vekslende_avforing_cat	No	Yes	584	positive	mags
age_invitation	2	0.9712661398185674	1.7022015724685364	0.00239903071687242	0.001	0.00581102234893978	symtomduration_vekslende_avforing_cat	No	Yes	584	positive	mags
senter	1	0.4995500303818971	1.7509821713781006	0.00128427688755553	0.006	0.00298877544676376	symtomduration_vekslende_avforing_cat	No	Yes	584	positive	mags
Total_Reads_QC_ATLAS	1	0.3635969526916085	1.2744504914626953	4.6972872291752823e-4	0.087	0.00217537699655835	symtomduration_vekslende_avforing_cat	No	Yes	584	positive	mags
symtomduration_endrede_avforingsvaner_cat	1	0.3033054580631074	1.037258082346702	3.603166332303962e-5	0.379	9.985262381136534e-4	symtomduration_endrede_avforingsvaner_cat	No	Yes	1034	all	mags
kjonn	1	0.781009957121853	2.6709340992120807	0.00161338321294629	0.001	0.00257119980429738	symtomduration_endrede_avforingsvaner_cat	No	Yes	1034	all	mags
age_invitation	2	1.0026761736480694	1.714499257175468	0.00138010285244211	0.001	0.00330095763562119	symtomduration_endrede_avforingsvaner_cat	No	Yes	1034	all	mags
senter	1	0.778797401766667	2.663367499720394	0.00160608895894045	0.001	0.00256391574620775	symtomduration_endrede_avforingsvaner_cat	No	Yes	1034	all	mags
Total_Reads_QC_ATLAS	1	0.5484588545065776	1.8756450454419271	8.461355232719552e-4	0.001	0.00180560732486597	symtomduration_endrede_avforingsvaner_cat	No	Yes	1034	all	mags
symtomduration_endrede_avforingsvaner_cat	1	0.27292529930937803	0.9070963648195758	-2.064951540686319e-4	0.672	0.00200722996134968	symtomduration_endrede_avforingsvaner_cat	No	Yes	450	negative	mags
kjonn	1	0.5819373185295831	1.9341307952278135	0.00207154600069961	0.001	0.0042798598163521	symtomduration_endrede_avforingsvaner_cat	No	Yes	450	negative	mags
age_invitation	2	0.7572289738846791	1.2583656613823633	0.00114697476661421	0.049	0.00556904284003539	symtomduration_endrede_avforingsvaner_cat	No	Yes	450	negative	mags
senter	1	0.5686082408498692	1.889830182788215	0.00197349801042858	0.001	0.00418183107316273	symtomduration_endrede_avforingsvaner_cat	No	Yes	450	negative	mags
Total_Reads_QC_ATLAS	1	0.4621964364719986	1.536159192340238	0.00119004697270334	0.011	0.00339922512740018	symtomduration_endrede_avforingsvaner_cat	No	Yes	450	negative	mags
symtomduration_endrede_avforingsvaner_cat	1	0.3378348999937941	1.1846805194828796	3.161337940574777e-4	0.148	0.00202124430537905	symtomduration_endrede_avforingsvaner_cat	No	Yes	584	positive	mags
kjonn	1	0.4220110578911545	1.4798597755862295	8.210030979860861e-4	0.011	0.00252486480107636	symtomduration_endrede_avforingsvaner_cat	No	Yes	584	positive	mags
age_invitation	2	0.9775499683011616	1.7139798231159158	0.00243917227167409	0.002	0.00584861808738082	symtomduration_endrede_avforingsvaner_cat	No	Yes	584	positive	mags
senter	1	0.5022059607227618	1.7610780249387177	0.0013015196351804	0.001	0.00300466570581353	symtomduration_endrede_avforingsvaner_cat	No	Yes	584	positive	mags
Total_Reads_QC_ATLAS	1	0.3623336532755843	1.2705899260157372	4.63124330885799e-4	0.098	0.00216781875804991	symtomduration_endrede_avforingsvaner_cat	No	Yes	584	positive	mags
symtomduration_diare_cat	1	0.39947299234847833	1.366573899979742	3.543945727070531e-4	0.043	0.00131512392432692	symtomduration_diare_cat	No	Yes	1034	all	mags
kjonn	1	0.7816427236993491	2.673954349296265	0.00161629472505948	0.001	0.00257328296506298	symtomduration_diare_cat	No	Yes	1034	all	mags
age_invitation	2	0.9949174311127535	1.7017773667256042	0.00135556298511311	0.001	0.00327541471250416	symtomduration_diare_cat	No	Yes	1034	all	mags
senter	1	0.7610775108165626	2.6036019507325423	0.00154847081229911	0.001	0.00250557925545291	symtomduration_diare_cat	No	Yes	1034	all	mags
Total_Reads_QC_ATLAS	1	0.5465770763377691	1.8698084254938627	8.405003396680745e-4	0.002	0.00179941223399005	symtomduration_diare_cat	No	Yes	1034	all	mags
symtomduration_diare_cat	1	0.3688561934714016	1.226815897030192	5.037814031096411e-4	0.111	0.00271275402038097	symtomduration_diare_cat	No	Yes	450	negative	mags
kjonn	1	0.5836483570594737	1.9412147481580289	0.00208722271856139	0.001	0.00429244365453387	symtomduration_diare_cat	No	Yes	450	negative	mags
age_invitation	2	0.7414356826242852	1.233007738745519	0.00103451861290149	0.05	0.00545289103041422	symtomduration_diare_cat	No	Yes	450	negative	mags
senter	1	0.5664769117238393	1.884102511775384	0.00196081987998743	0.001	0.00416615620648643	symtomduration_diare_cat	No	Yes	450	negative	mags
Total_Reads_QC_ATLAS	1	0.46818723257237593	1.5571909862776794	0.00123667094305603	0.011	0.00344328445592503	symtomduration_diare_cat	No	Yes	450	negative	mags
symtomduration_diare_cat	1	0.24628826736210385	0.8631750871534675	-2.34344138635064e-4	0.78	0.00147352673716205	symtomduration_diare_cat	No	Yes	584	positive	mags
kjonn	1	0.4225689637106882	1.480992196607769	8.229389886574326e-4	0.011	0.00252820271542651	symtomduration_diare_cat	No	Yes	584	positive	mags
age_invitation	2	0.9743802138574154	1.707472172802337	0.00241699389342775	0.001	0.00582965365203388	symtomduration_diare_cat	No	Yes	584	positive	mags
senter	1	0.49845823824318813	1.746963985926887	0.00127741404732605	0.002	0.00298224332517696	symtomduration_diare_cat	No	Yes	584	positive	mags
Total_Reads_QC_ATLAS	1	0.3602438019363774	1.2625590267186846	4.493853365446915e-4	0.075	0.00215531531296908	symtomduration_diare_cat	No	Yes	584	positive	mags
symtomduration_luftplager_cat	1	0.2480419636654574	0.8481093468568905	-1.469177645825244e-4	0.785	8.165906754690177e-4	symtomduration_luftplager_cat	No	Yes	1034	all	mags
kjonn	1	0.7799813503305586	2.6669256436044257	0.00160951904741819	0.001	0.00256781347924946	symtomduration_luftplager_cat	No	Yes	1034	all	mags
age_invitation	2	1.0033651301074542	1.7153616520754027	0.00138176632385915	0.001	0.0033032257817535	symtomduration_luftplager_cat	No	Yes	1034	all	mags
senter	1	0.8005038130237949	2.7370964008966503	0.00167715958705439	0.001	0.00263537644893938	symtomduration_luftplager_cat	No	Yes	1034	all	mags
Total_Reads_QC_ATLAS	1	0.5489373538965765	1.876936038558743	8.473819524045022e-4	0.001	0.0018071826153302	symtomduration_luftplager_cat	No	Yes	1034	all	mags
symtomduration_luftplager_cat	1	0.30051457783429214	0.998999058260598	-2.224319924037058e-6	0.454	0.00221013539594062	symtomduration_luftplager_cat	No	Yes	450	negative	mags
kjonn	1	0.5829886807245259	1.938026258884306	0.00208016668424805	0.002	0.00428759206287984	symtomduration_luftplager_cat	No	Yes	450	negative	mags
age_invitation	2	0.7553067185236273	1.255431110764743	0.00113396205145943	0.034	0.00555490560701291	symtomduration_luftplager_cat	No	Yes	450	negative	mags
senter	1	0.5831952437739858	1.9387129353622627	0.0020816862878145	0.001	0.00428911123146859	symtomduration_luftplager_cat	No	Yes	450	negative	mags
Total_Reads_QC_ATLAS	1	0.4734552967616992	1.5739049965630547	0.00127372000508425	0.005	0.00348202845036556	symtomduration_luftplager_cat	No	Yes	450	negative	mags
symtomduration_luftplager_cat	1	0.26229318535652624	0.919357457128798	-1.381056165399049e-4	0.65	0.00156928312395004	symtomduration_luftplager_cat	No	Yes	584	positive	mags
kjonn	1	0.42191696822985136	1.4788508916235812	8.192783894457313e-4	0.014	0.00252430186873247	symtomduration_luftplager_cat	No	Yes	584	positive	mags
age_invitation	2	0.9724102775700204	1.7041857928133144	0.00240579338114338	0.001	0.00581786765093414	symtomduration_luftplager_cat	No	Yes	584	positive	mags
senter	1	0.5077428505297235	1.779677101804351	0.00133328351229383	0.001	0.00303779255858108	symtomduration_luftplager_cat	No	Yes	584	positive	mags
Total_Reads_QC_ATLAS	1	0.3623763015470729	1.2701563506547509	4.6238259428163254e-4	0.078	0.00216807391989341	symtomduration_luftplager_cat	No	Yes	584	positive	mags
symtomduration_obstipasjon_cat	1	0.3342679374148929	1.143262880240995	1.3853291452287444e-4	0.199	0.00110045928022652	symtomduration_obstipasjon_cat	No	Yes	1034	all	mags
kjonn	1	0.7648472354072169	2.615929783928652	0.00156035624545269	0.001	0.0025179897440022	symtomduration_obstipasjon_cat	No	Yes	1034	all	mags
age_invitation	2	1.0066066993321101	1.7213976357533778	0.00139340896290502	0.001	0.00331389750505235	symtomduration_obstipasjon_cat	No	Yes	1034	all	mags
senter	1	0.7653259128538821	2.6175669560744854	0.00156193464430011	0.001	0.0025195656206552	symtomduration_obstipasjon_cat	No	Yes	1034	all	mags
Total_Reads_QC_ATLAS	1	0.5502596190219151	1.8819974233498795	8.522685925022151e-4	0.002	0.00181153570686315	symtomduration_obstipasjon_cat	No	Yes	1034	all	mags
symtomduration_obstipasjon_cat	1	0.2632091796565703	0.8747400397115672	-2.7843297064728684e-4	0.76	0.00193577272918937	symtomduration_obstipasjon_cat	No	Yes	450	negative	mags
kjonn	1	0.5567219403904176	1.850189924533881	0.00188574817873802	0.001	0.00409441323952038	symtomduration_obstipasjon_cat	No	Yes	450	negative	mags
age_invitation	2	0.7563861541229357	1.2568734406567272	0.00114035783562626	0.034	0.00556284431948024	symtomduration_obstipasjon_cat	No	Yes	450	negative	mags
senter	1	0.5686914746210903	1.8899690494942225	0.00197380538620172	0.001	0.00418244321619166	symtomduration_obstipasjon_cat	No	Yes	450	negative	mags
Total_Reads_QC_ATLAS	1	0.4677280168901916	1.5544306798211842	0.00123055205335486	0.01	0.00343990715276429	symtomduration_obstipasjon_cat	No	Yes	450	negative	mags
symtomduration_obstipasjon_cat	1	0.3643668194072802	1.277925659555556	4.7567372880264575e-4	0.081	0.00217998305920901	symtomduration_obstipasjon_cat	No	Yes	584	positive	mags
kjonn	1	0.42110058272729134	1.4769051715422212	8.159521228683123e-4	0.017	0.00251941748719559	symtomduration_obstipasjon_cat	No	Yes	584	positive	mags
age_invitation	2	0.97027091511913	1.701491509529054	0.00239661064216414	0.001	0.00580506798408183	symtomduration_obstipasjon_cat	No	Yes	584	positive	mags
senter	1	0.5012523372142823	1.7580174415451366	0.00129629251576856	0.004	0.00299896023818415	symtomduration_obstipasjon_cat	No	Yes	584	positive	mags
Total_Reads_QC_ATLAS	1	0.36300589988337606	1.2731525740616123	4.6750834409936e-4	0.091	0.00217184076592368	symtomduration_obstipasjon_cat	No	Yes	584	positive	mags
symptoms_overall_cat	1	0.2851071918475441	0.9748809751477928	-2.683728523359165e-5	0.546	0.00103743035161752	symptoms_overall_cat	No symptoms	1 symptom	936	all	mags
kjonn	1	0.7268675720380315	2.4854138643077825	0.00158446610724845	0.001	0.0026448806007041	symptoms_overall_cat	No symptoms	1 symptom	936	all	mags
age_invitation	2	0.8845867776495879	1.5123554316704315	0.00109357933836849	0.004	0.00321877945563698	symptoms_overall_cat	No symptoms	1 symptom	936	all	mags
senter	1	0.6748263441940026	2.307466746875527	0.0013949176692397	0.001	0.0024555162112933	symptoms_overall_cat	No symptoms	1 symptom	936	all	mags
Total_Reads_QC_ATLAS	1	0.5114677267926027	1.7488866310984732	7.994529182647351e-4	0.003	0.00186109701480698	symptoms_overall_cat	No symptoms	1 symptom	936	all	mags
symptoms_overall_cat	1	0.2665174995470636	0.9182320048086524	-1.041739022706846e-4	0.625	0.00116541248549713	symptoms_overall_cat	No symptoms	2+ symptoms	785	all	mags
kjonn	1	0.5215713618210316	1.7969683717940372	0.00101421665375649	0.004	0.00228069743329044	symptoms_overall_cat	No symptoms	2+ symptoms	785	all	mags
age_invitation	2	0.8969728288170984	1.5451690044056	0.00138703906674779	0.002	0.00392223150686785	symptoms_overall_cat	No symptoms	2+ symptoms	785	all	mags
senter	1	0.6177639504863919	2.128380431745209	0.00143536407008419	0.001	0.00270132288577824	symptoms_overall_cat	No symptoms	2+ symptoms	785	all	mags
Total_Reads_QC_ATLAS	1	0.5025791557085597	1.731534576549704	9.310235676667176e-4	0.004	0.00219764940016606	symptoms_overall_cat	No symptoms	2+ symptoms	785	all	mags
symptoms_overall_cat	1	0.3750427360680817	1.2396616910539895	5.973030932284152e-4	0.106	0.00308011287538404	symptoms_overall_cat	No symptoms	1 symptom	401	negative	mags
kjonn	1	0.5535904355939181	1.8298310820105927	0.00206513060460468	0.002	0.00454647128014968	symptoms_overall_cat	No symptoms	1 symptom	401	negative	mags
age_invitation	2	0.6652258649926637	1.0994147352049477	4.955883611932622e-4	0.205	0.00546329939164704	symptoms_overall_cat	No symptoms	1 symptom	401	negative	mags
senter	1	0.5166338208903056	1.707675137972273	0.00176166695776776	0.003	0.00424295775000483	symptoms_overall_cat	No symptoms	1 symptom	401	negative	mags
Total_Reads_QC_ATLAS	1	0.4010678208667571	1.325684689311694	8.11522166999664e-4	0.05	0.00329384904745807	symptoms_overall_cat	No symptoms	1 symptom	401	negative	mags
symptoms_overall_cat	1	0.31963333661845184	1.07297187329123	2.1584651646917145e-4	0.31	0.00316179680856682	symptoms_overall_cat	No symptoms	2+ symptoms	338	negative	mags
kjonn	1	0.43095578621384334	1.4466683673597414	0.00131975997729401	0.02	0.00426299285268505	symptoms_overall_cat	No symptoms	2+ symptoms	338	negative	mags
age_invitation	2	0.6722175168721094	1.1282779449229212	7.584653878205707e-4	0.15	0.0066495416967288	symptoms_overall_cat	No symptoms	2+ symptoms	338	negative	mags
senter	1	0.4550263258173573	1.527470364556745	0.0015581316458269	0.011	0.00450109741369246	symptoms_overall_cat	No symptoms	2+ symptoms	338	negative	mags
Total_Reads_QC_ATLAS	1	0.48639030563100505	1.6327555908430424	0.00186855990862141	0.006	0.00481134831657973	symptoms_overall_cat	No symptoms	2+ symptoms	338	negative	mags
symptoms_overall_cat	1	0.3445443076521144	1.2132676590019154	3.9847229485684e-4	0.122	0.00225994314681125	symptoms_overall_cat	No symptoms	1 symptom	535	positive	mags
kjonn	1	0.4278868353749488	1.506747456113185	9.462951839924575e-4	0.01	0.00280660541979625	symptoms_overall_cat	No symptoms	1 symptom	535	positive	mags
age_invitation	2	0.9142708476058772	1.609742529962927	0.00227422742720654	0.001	0.00599690690133954	symptoms_overall_cat	No symptoms	1 symptom	535	positive	mags
senter	1	0.4584279449991868	1.614293974091169	0.00114689615456917	0.009	0.00300693138617674	symptoms_overall_cat	No symptoms	1 symptom	535	positive	mags
Total_Reads_QC_ATLAS	1	0.3496767244531327	1.2313407926421929	4.322257966052445e-4	0.107	0.00229360781611048	symptoms_overall_cat	No symptoms	1 symptom	535	positive	mags
symptoms_overall_cat	1	0.2548144764831477	0.8985857755435634	-2.2692894469657636e-4	0.685	0.00200524529602189	symptoms_overall_cat	No symptoms	2+ symptoms	447	positive	mags
kjonn	1	0.3198120039490675	1.1277950984692973	2.8581336224278676e-4	0.207	0.00251673894427507	symptoms_overall_cat	No symptoms	2+ symptoms	447	positive	mags
age_invitation	2	0.9632468431810964	1.6984119653755605	0.00311515125933818	0.001	0.00758020591237709	symptoms_overall_cat	No symptoms	2+ symptoms	447	positive	mags
senter	1	0.4567583810752325	1.6107271053010788	0.00136441570391007	0.01	0.00359442920084746	symptoms_overall_cat	No symptoms	2+ symptoms	447	positive	mags
Total_Reads_QC_ATLAS	1	0.3214880844857646	1.133705681532427	2.9902841104011385e-4	0.213	0.00252992874674764	symptoms_overall_cat	No symptoms	2+ symptoms	447	positive	mags
symptoms_GI_related_cat	1	0.2369968030714631	0.8093756518554254	-1.9435412515085703e-4	0.888	8.214687218101992e-4	symptoms_GI_related_cat	No symptoms	1 symptom	981	all	mags
kjonn	1	0.7454772780213261	2.5459042063954795	0.00157336588527546	0.001	0.00258394315357101	symptoms_GI_related_cat	No symptoms	1 symptom	981	all	mags
age_invitation	2	0.940953842531826	1.6067413564127666	0.00123545719355628	0.002	0.00326149610581007	symptoms_GI_related_cat	No symptoms	1 symptom	981	all	mags
senter	1	0.7757356736989891	2.6492406582307524	0.00167836150478883	0.001	0.00268882357937938	symptoms_GI_related_cat	No symptoms	1 symptom	981	all	mags
Total_Reads_QC_ATLAS	1	0.5355460031444181	1.8289609386118089	8.443027977289813e-4	0.001	0.00185628786959185	symptoms_GI_related_cat	No symptoms	1 symptom	981	all	mags
symptoms_GI_related_cat	1	0.2734885649106502	0.938095069985944	-7.24086695528388e-5	0.601	0.00109314008795687	symptoms_GI_related_cat	No symptoms	2+ symptoms	855	all	mags
kjonn	1	0.5266712201370467	1.8065386948644784	9.424310967458592e-4	0.002	0.00210511698758979	symptoms_GI_related_cat	No symptoms	2+ symptoms	855	all	mags
age_invitation	2	0.9101609038959282	1.560974692155166	0.00131050183343295	0.001	0.00363793407912593	symptoms_GI_related_cat	No symptoms	2+ symptoms	855	all	mags
senter	1	0.6194382146333908	2.1247394219144917	0.0013137564774427	0.001	0.00247590879951201	symptoms_GI_related_cat	No symptoms	2+ symptoms	855	all	mags
Total_Reads_QC_ATLAS	1	0.597855767984754	2.050709318294125	0.00122739144639088	0.001	0.00238964326356347	symptoms_GI_related_cat	No symptoms	2+ symptoms	855	all	mags
symptoms_GI_related_cat	1	0.3168611866670261	1.046760824144585	1.105334645595429e-4	0.341	0.00246365298532541	symptoms_GI_related_cat	No symptoms	1 symptom	423	negative	mags
kjonn	1	0.5712378839428567	1.8871021865072708	0.00209277937906436	0.001	0.00444147777425856	symptoms_GI_related_cat	No symptoms	1 symptom	423	negative	mags
age_invitation	2	0.7204903901821353	1.1900812506390024	8.979223283208434e-4	0.065	0.00560194298122031	symptoms_GI_related_cat	No symptoms	1 symptom	423	negative	mags
senter	1	0.5543523386975124	1.831320260538152	0.00196144131119692	0.001	0.00431018960864219	symptoms_GI_related_cat	No symptoms	1 symptom	423	negative	mags
Total_Reads_QC_ATLAS	1	0.44114572994267576	1.4573386936403654	0.00108001125934255	0.024	0.00342998776836282	symptoms_GI_related_cat	No symptoms	1 symptom	423	negative	mags
symptoms_GI_related_cat	1	0.2935519528070927	0.9819994404631645	-4.8784383964887784e-5	0.473	0.00265476858971803	symptoms_GI_related_cat	No symptoms	2+ symptoms	369	negative	mags
kjonn	1	0.46940454219816274	1.5702671822877623	0.00154305482049637	0.007	0.00424511035468249	symptoms_GI_related_cat	No symptoms	2+ symptoms	369	negative	mags
age_invitation	2	0.6348555310315334	1.061869577576266	3.352240509801537e-4	0.279	0.0057413841286855	symptoms_GI_related_cat	No symptoms	2+ symptoms	369	negative	mags
senter	1	0.4451782007489271	1.4892244451500107	0.00132405605572033	0.014	0.00402601683577315	symptoms_GI_related_cat	No symptoms	2+ symptoms	369	negative	mags
Total_Reads_QC_ATLAS	1	0.46204060044391326	1.545633087323903	0.0014764971859239	0.002	0.00417851375711688	symptoms_GI_related_cat	No symptoms	2+ symptoms	369	negative	mags
symptoms_GI_related_cat	1	0.3093047629399166	1.0874885502685878	1.5676493751159843e-4	0.261	0.00194206355979075	symptoms_GI_related_cat	No symptoms	1 symptom	558	positive	mags
kjonn	1	0.4221582840264091	1.484271680513806	8.671178492755084e-4	0.017	0.00265064854507508	symptoms_GI_related_cat	No symptoms	1 symptom	558	positive	mags
age_invitation	2	0.9311948033362968	1.6369998267607424	0.00227795258551398	0.001	0.00584678838255469	symptoms_GI_related_cat	No symptoms	1 symptom	558	positive	mags
senter	1	0.4952107724952554	1.7411178539234622	0.00132640650605781	0.003	0.00310933070198367	symptoms_GI_related_cat	No symptoms	1 symptom	558	positive	mags
Total_Reads_QC_ATLAS	1	0.362050421824506	1.2729376832472026	4.888964963622543e-4	0.071	0.00227324314164805	symptoms_GI_related_cat	No symptoms	1 symptom	558	positive	mags
symptoms_GI_related_cat	1	0.3353635932003556	1.1761692711442624	3.623568621398461e-4	0.163	0.00241205767763118	symptoms_GI_related_cat	No symptoms	2+ symptoms	486	positive	mags
kjonn	1	0.33156750971127735	1.1628558500064932	3.3498209097393124e-4	0.161	0.00238475485612518	symptoms_GI_related_cat	No symptoms	2+ symptoms	486	positive	mags
age_invitation	2	0.9575116213318609	1.67906679289012	0.00278672600739758	0.001	0.0068867739506679	symptoms_GI_related_cat	No symptoms	2+ symptoms	486	positive	mags
senter	1	0.4658007911135939	1.6336316406748106	0.00130207120814592	0.008	0.00335020973424801	symptoms_GI_related_cat	No symptoms	2+ symptoms	486	positive	mags
Total_Reads_QC_ATLAS	1	0.3658047703119962	1.2829309406340734	5.81823713381817e-4	0.06	0.00263100176237086	symptoms_GI_related_cat	No symptoms	2+ symptoms	486	positive	mags
final_result	1	0.270604664326072	0.8803818266624246	-2.7131661618049667e-4	0.724	0.00198785578337311	final_result	1. Negative	3. Non neoplastic findings	441	all	metaphlan
kjonn	1	0.596729121549032	1.941391052369177	0.00213012646343782	0.001	0.0043835587177797	final_result	1. Negative	3. Non neoplastic findings	441	all	metaphlan
age_invitation	2	0.717966342809973	1.1679113550007736	7.609232985880095e-4	0.082	0.00527416462083703	final_result	1. Negative	3. Non neoplastic findings	441	all	metaphlan
senter	1	0.6239637193838803	2.0299957519591616	0.00233014899861486	0.001	0.00458362346148496	final_result	1. Negative	3. Non neoplastic findings	441	all	metaphlan
Total_Reads_QC_ATLAS	1	0.49722979963399894	1.6176812042873394	0.00139867860952244	0.005	0.00365263893484436	final_result	1. Negative	3. Non neoplastic findings	441	all	metaphlan
final_result	1	0.29556397567703385	0.9428187276495632	-3.2134633338564545e-4	0.588	0.00530323157559906	final_result	1. Negative	4. Other lesions	178	all	metaphlan
kjonn	1	0.457810997203282	1.4603700633626142	0.00257967672710282	0.018	0.00821438989803652	final_result	1. Negative	4. Other lesions	178	all	metaphlan
age_invitation	2	0.5464672810016111	0.8715872517884955	-0.00144492466245358	0.841	0.00980512774941908	final_result	1. Negative	4. Other lesions	178	all	metaphlan
senter	1	0.44589983713841974	1.422374686045539	0.00236727420979995	0.031	0.00800067088842686	final_result	1. Negative	4. Other lesions	178	all	metaphlan
Total_Reads_QC_ATLAS	1	0.35668196795302265	1.1377788461218803	7.734397892144815e-4	0.193	0.0063998566488435	final_result	1. Negative	4. Other lesions	178	all	metaphlan
final_result	1	0.3592759048323586	1.1750211596172877	5.624524711689841e-4	0.149	0.00376903816964607	final_result	1. Negative	5b. >= 3 Non-advanced adenomas	311	all	metaphlan
kjonn	1	0.5457376719776761	1.7848492023790532	0.00251727819484136	0.003	0.00572514351402837	final_result	1. Negative	5b. >= 3 Non-advanced adenomas	311	all	metaphlan
age_invitation	2	0.528253268970289	0.8638330045633318	-8.764394698775792e-4	0.87	0.00554172074221998	final_result	1. Negative	5b. >= 3 Non-advanced adenomas	311	all	metaphlan
senter	1	0.5658513459123924	1.8506314943531343	0.00272768886270008	0.003	0.00593614904980771	final_result	1. Negative	5b. >= 3 Non-advanced adenomas	311	all	metaphlan
Total_Reads_QC_ATLAS	1	0.2904831087051889	0.9500325366914611	-1.6069290265355616e-4	0.531	0.003047356946629	final_result	1. Negative	5b. >= 3 Non-advanced adenomas	311	all	metaphlan
final_result	1	0.5240983131836288	1.7789820771977614	0.00166527806302593	0.001	0.00378152998706461	final_result	1. Negative	5c. Advanced adenoma	467	all	metaphlan
kjonn	1	0.4356503184473297	1.478757112831528	0.00102412592133245	0.013	0.00314335059213521	final_result	1. Negative	5c. Advanced adenoma	467	all	metaphlan
age_invitation	2	0.9545703803806588	1.6200811521464054	0.0026485602990349	0.001	0.00688751790908433	final_result	1. Negative	5c. Advanced adenoma	467	all	metaphlan
senter	1	0.6557319530126335	2.2257949749337196	0.00261795695172954	0.001	0.00473130704949419	final_result	1. Negative	5c. Advanced adenoma	467	all	metaphlan
Total_Reads_QC_ATLAS	1	0.44115943160551296	1.4974570653464077	0.00106408507218227	0.015	0.0031831005323387	final_result	1. Negative	5c. Advanced adenoma	467	all	metaphlan
final_result	1	0.37438091947596774	1.2174280031924114	8.795011134474052e-4	0.118	0.00492312845381511	final_result	1. Negative	5d. Advanced serrated	247	all	metaphlan
kjonn	1	0.4566835585893187	1.4850632708590492	0.00195996988443772	0.016	0.00600541241478771	final_result	1. Negative	5d. Advanced serrated	247	all	metaphlan
age_invitation	2	0.6218003830304042	1.0109986371054558	8.904985974383975e-5	0.421	0.00817670719590886	final_result	1. Negative	5d. Advanced serrated	247	all	metaphlan
senter	1	0.4291164438667039	1.3954193395457082	0.00159832926818666	0.028	0.00564290343043441	final_result	1. Negative	5d. Advanced serrated	247	all	metaphlan
Total_Reads_QC_ATLAS	1	0.298330965791493	0.9701254873842876	-1.209640743258176e-4	0.541	0.00392306762961653	final_result	1. Negative	5d. Advanced serrated	247	all	metaphlan
final_result	1	0.37388842691215984	1.2082493099410287	8.853826791874645e-4	0.115	0.00512530119812565	final_result	1. Negative	6. Cancer	235	all	metaphlan
kjonn	1	0.6314356684130189	2.040533099494473	0.00440828143298538	0.001	0.00865578540257103	final_result	1. Negative	6. Cancer	235	all	metaphlan
age_invitation	2	0.5617010920238812	0.907590216733858	-7.870852565456291e-4	0.759	0.00769985662223999	final_result	1. Negative	6. Cancer	235	all	metaphlan
senter	1	0.39713384104113914	1.2833686598834413	0.00120437182405811	0.058	0.00544395173745934	final_result	1. Negative	6. Cancer	235	all	metaphlan
Total_Reads_QC_ATLAS	1	0.3642691534159326	1.17716388517959	7.533209528204303e-4	0.122	0.00499343920287086	final_result	1. Negative	6. Cancer	235	all	metaphlan
detect_worthy_lesions	1	0.5950579374920153	1.9919894114440864	9.584512939159932e-4	0.001	0.00191635029149576	detect_worthy_lesions	negative	positive	1034	all	metaphlan
kjonn	1	0.7373886480812644	2.4684493501385454	0.00141814977661573	0.001	0.00237471826130402	detect_worthy_lesions	negative	positive	1034	all	metaphlan
age_invitation	2	0.9945315092870716	1.6646246617573566	0.00128389043812221	0.001	0.00320283224143964	detect_worthy_lesions	negative	positive	1034	all	metaphlan
senter	1	0.7503633059093318	2.5118827360027027	0.00146003417363791	0.001	0.0024165024099462	detect_worthy_lesions	negative	positive	1034	all	metaphlan
Total_Reads_QC_ATLAS	1	0.5437417142233585	1.8202055111783468	7.926067802021546e-4	0.001	0.00175108930895375	detect_worthy_lesions	negative	positive	1034	all	metaphlan
final_result_cat_neg	1	0.35080697539217454	1.1487530688690324	2.512089539969561e-4	0.165	0.00193257077336883	final_result_cat_neg	Negative	>= 3 Non-advanced adenomas	592	all	metaphlan
kjonn	1	0.6725635537342214	2.202377662239848	0.0020269265726451	0.001	0.00370510496755883	final_result_cat_neg	Negative	>= 3 Non-advanced adenomas	592	all	metaphlan
age_invitation	2	0.7693269537410856	1.2596196214253648	8.763246970920945e-4	0.032	0.00423816768267733	final_result_cat_neg	Negative	>= 3 Non-advanced adenomas	592	all	metaphlan
senter	1	0.6180832142154316	2.023976257463697	0.00172670296389354	0.001	0.00340497663698752	final_result_cat_neg	Negative	>= 3 Non-advanced adenomas	592	all	metaphlan
Total_Reads_QC_ATLAS	1	0.4217848333751704	1.381177273343775	6.434662139305072e-4	0.032	0.00232358276433884	final_result_cat_neg	Negative	>= 3 Non-advanced adenomas	592	all	metaphlan
final_result_cat_neg	1	0.3670321397871703	1.1994042797397009	3.775170477740526e-4	0.134	0.00226208958206918	final_result_cat_neg	Negative	Advanced serrated	528	all	metaphlan
kjonn	1	0.6069169949396382	1.9833108936984856	0.00185886940750024	0.001	0.00374054602474266	final_result_cat_neg	Negative	Advanced serrated	528	all	metaphlan
age_invitation	2	0.7600209503121675	1.2418154729240312	9.151294714322356e-4	0.057	0.00468415511200846	final_result_cat_neg	Negative	Advanced serrated	528	all	metaphlan
senter	1	0.5425082176751346	1.7728329689351592	0.00146155952187612	0.001	0.00334358235794134	final_result_cat_neg	Negative	Advanced serrated	528	all	metaphlan
Total_Reads_QC_ATLAS	1	0.476493954749742	1.5571085652835055	0.00105401773291011	0.006	0.00293672377460829	final_result_cat_neg	Negative	Advanced serrated	528	all	metaphlan
final_result_cat_neg	1	0.5493799650035953	1.838933875440524	0.00112031284364291	0.001	0.00244299433242646	final_result_cat_neg	Negative	Advanced adenoma	748	all	metaphlan
kjonn	1	0.5827505709462741	1.9506349596101429	0.00126928920977736	0.001	0.0025913874417148	final_result_cat_neg	Negative	Advanced adenoma	748	all	metaphlan
age_invitation	2	0.9102871715112144	1.5234974177297815	0.0013977692223297	0.001	0.00404788405574248	final_result_cat_neg	Negative	Advanced adenoma	748	all	metaphlan
senter	1	0.7307208708122346	2.4459344141157806	0.00192933785843557	0.001	0.00324938486966545	final_result_cat_neg	Negative	Advanced adenoma	748	all	metaphlan
Total_Reads_QC_ATLAS	1	0.5910993083476512	1.9785806019752576	0.00130655352144883	0.002	0.00262851278201429	final_result_cat_neg	Negative	Advanced adenoma	748	all	metaphlan
final_result_cat_neg	1	0.3911014355859379	1.2739510416215316	5.306311524507769e-4	0.094	0.00245695520010756	final_result_cat_neg	Negative	Cancer	516	all	metaphlan
kjonn	1	0.663937535255684	2.162671464867982	0.00224817359995203	0.002	0.00417095063164147	final_result_cat_neg	Negative	Cancer	516	all	metaphlan
age_invitation	2	0.7638350981807207	1.2440359845477915	9.44982073322281e-4	0.06	0.00479852142114528	final_result_cat_neg	Negative	Cancer	516	all	metaphlan
senter	1	0.5107355731253449	1.6636403146958874	0.00128447264895913	0.004	0.00320851397640677	final_result_cat_neg	Negative	Cancer	516	all	metaphlan
Total_Reads_QC_ATLAS	1	0.5122856202992239	1.6686893480975855	0.0012942323811828	0.003	0.00321825159462484	final_result_cat_neg	Negative	Cancer	516	all	metaphlan
kjonn	1	0.7954905913443326	2.660381634891594	0.00160321053535959	0.001	0.00256183226969442	kjonn	Female	Male	1034	all	metaphlan
age_invitation	2	0.9738292728022202	1.6284023601741373	0.00121400285863155	0.001	0.00313616186461958	kjonn	Female	Male	1034	all	metaphlan
senter	1	0.7845046248535823	2.623640957111691	0.00156779054948102	0.001	0.00252645258855674	kjonn	Female	Male	1034	all	metaphlan
Total_Reads_QC_ATLAS	1	0.5444650357550813	1.820869784915443	7.932481928839127e-4	0.001	0.00175341872486576	kjonn	Female	Male	1034	all	metaphlan
kjonn	1	0.5835957269061396	1.896579148566772	0.00198843635110249	0.001	0.0041973124086161304	kjonn	Female	Male	450	negative	metaphlan
age_invitation	2	0.7342015279658085	1.193010199173176	8.570878776497858e-4	0.076	0.00528049305654261	kjonn	Female	Male	450	negative	metaphlan
senter	1	0.5746619228452232	1.867545922793958	0.00192417025940145	0.003	0.00413305908236266	kjonn	Female	Male	450	negative	metaphlan
Total_Reads_QC_ATLAS	1	0.4967401615124629	1.6143144802904763	0.00136328221396825	0.004	0.00357263349892479	kjonn	Female	Male	450	negative	metaphlan
kjonn	1	0.4416122394245292	1.5145422043033712	8.802898254044207e-4	0.011	0.00258547446240307	kjonn	Female	Male	584	positive	metaphlan
age_invitation	2	0.9688980140199988	1.6614541025982932	0.00226013399894612	0.001	0.00567253542425849	kjonn	Female	Male	584	positive	metaphlan
senter	1	0.5117882607169406	1.7552161179520278	0.00129150813389186	0.002	0.00299632881544596	kjonn	Female	Male	584	positive	metaphlan
Total_Reads_QC_ATLAS	1	0.3455749855173167	1.1851752591810774	3.169804148126867e-4	0.15	0.00202321226663607	kjonn	Female	Male	584	positive	metaphlan
age_invitation	1	0.338952121031042	1.1401583987576749	2.0220787536168552e-4	0.202	0.00163946244857481	age_invitation	low	mid	693	all	metaphlan
kjonn	1	0.6836839551084211	2.299758447126939	0.00187204219980427	0.001	0.00330688053428853	age_invitation	low	mid	693	all	metaphlan
senter	1	0.7369840335214235	2.4790478755930376	0.00212972281902159	0.001	0.00356468531449879	age_invitation	low	mid	693	all	metaphlan
Total_Reads_QC_ATLAS	1	0.4445816770459885	1.4954723737260036	7.144565371567308e-4	0.01	0.00215037735307329	age_invitation	low	mid	693	all	metaphlan
age_invitation	1	0.6023102316965492	2.0081631107919806	0.00146533597251757	0.001	0.00291278346009506	age_invitation	low	high	687	all	metaphlan
kjonn	1	0.600532094269397	2.0022346211213544	0.00145673163645068	0.001	0.00290418435449296	age_invitation	low	high	687	all	metaphlan
senter	1	0.5433030370334393	1.811427167489131	0.00117972330124073	0.001	0.00262742357145895	age_invitation	low	high	687	all	metaphlan
Total_Reads_QC_ATLAS	1	0.456965444248965	1.5235689180684036	7.615286831436565e-4	0.012	0.00220989337022249	age_invitation	low	high	687	all	metaphlan
age_invitation	1	0.3788651909645324	1.2355756873766135	7.221029983632441e-4	0.094	0.00377334120217277	age_invitation	low	mid	326	negative	metaphlan
kjonn	1	0.5760532138531573	1.878655951105188	0.00268801873450133	0.001	0.00573725266483943	age_invitation	low	mid	326	negative	metaphlan
senter	1	0.5440600745973683	1.774318192002352	0.00236958092755437	0.003	0.00541861417964795	age_invitation	low	mid	326	negative	metaphlan
Total_Reads_QC_ATLAS	1	0.4639120704542705	1.5129351785382246	0.00157094902919466	0.009	0.00462037308092063	age_invitation	low	mid	326	negative	metaphlan
age_invitation	1	0.3711077802352918	1.1948248365233898	6.446994472151634e-4	0.146	0.00394849474949799	age_invitation	low	high	302	negative	metaphlan
kjonn	1	0.4468866786101131	1.4388038493191124	0.00145088475332594	0.017	0.00475476343555468	age_invitation	low	high	302	negative	metaphlan
senter	1	0.43502019033924455	1.4005983045596957	0.00132472722212089	0.048	0.00462850694316102	age_invitation	low	high	302	negative	metaphlan
Total_Reads_QC_ATLAS	1	0.46575996739626646	1.499568606593339	0.00165146882322677	0.014	0.00495557054779209	age_invitation	low	high	302	negative	metaphlan
age_invitation	1	0.3173137408921747	1.1031643869078922	2.810228756273055e-4	0.254	0.00300148030285257	age_invitation	low	mid	367	positive	metaphlan
kjonn	1	0.43311235287947625	1.5057467157997413	0.0013761600201339	0.014	0.00409682288713625	age_invitation	low	mid	367	positive	metaphlan
senter	1	0.502034357557875	1.7453590969772237	0.00202683481528496	0.004	0.00474875822058158	age_invitation	low	mid	367	positive	metaphlan
Total_Reads_QC_ATLAS	1	0.3431465361311439	1.192973985577615	5.255383388277861e-4	0.113	0.003245833496822	age_invitation	low	mid	367	positive	metaphlan
age_invitation	1	0.6690171643287641	2.301361184313971	0.00336877193578683	0.001	0.00596209604003904	age_invitation	low	high	385	positive	metaphlan
kjonn	1	0.38832635975074936	1.3358090925409378	8.714712845706251e-4	0.04	0.00346065717766096	age_invitation	low	high	385	positive	metaphlan
senter	1	0.3847819278408764	1.3236165533166122	8.398565242673984e-4	0.041	0.00342907018022533	age_invitation	low	high	385	positive	metaphlan
Total_Reads_QC_ATLAS	1	0.28787133454186176	0.990252493829505	-2.5318838872813357e-5	0.445	0.00256542976058738	age_invitation	low	high	385	positive	metaphlan
senter	1	0.7845046248535823	2.623640957111691	0.00156779054948102	0.001	0.00252645258855674	senter	Moss	Bærum	1034	all	metaphlan
kjonn	1	0.7954905913443326	2.660381634891594	0.00160321053535959	0.001	0.00256183226969442	senter	Moss	Bærum	1034	all	metaphlan
age_invitation	2	0.9738292728022202	1.6284023601741373	0.00121400285863155	0.001	0.00313616186461958	senter	Moss	Bærum	1034	all	metaphlan
Total_Reads_QC_ATLAS	1	0.5444650357550813	1.820869784915443	7.932481928839127e-4	0.001	0.00175341872486576	senter	Moss	Bærum	1034	all	metaphlan
senter	1	0.5746619228452232	1.867545922793958	0.00192417025940145	0.002	0.00413305908236266	senter	Moss	Bærum	450	negative	metaphlan
kjonn	1	0.5835957269061396	1.896579148566772	0.00198843635110249	0.001	0.0041973124086161304	senter	Moss	Bærum	450	negative	metaphlan
age_invitation	2	0.7342015279658369	1.193010199173222	8.570878776499907e-4	0.071	0.00528049305654282	senter	Moss	Bærum	450	negative	metaphlan
Total_Reads_QC_ATLAS	1	0.4967401615124629	1.6143144802904763	0.00136328221396825	0.005	0.00357263349892479	senter	Moss	Bærum	450	negative	metaphlan
senter	1	0.511788260716969	1.7552161179521253	0.00129150813389202	0.002	0.00299632881544613	senter	Moss	Bærum	584	positive	metaphlan
kjonn	1	0.4416122394245292	1.5145422043033712	8.802898254044207e-4	0.012	0.00258547446240307	senter	Moss	Bærum	584	positive	metaphlan
age_invitation	2	0.9688980140199988	1.6614541025982932	0.00226013399894612	0.001	0.00567253542425849	senter	Moss	Bærum	584	positive	metaphlan
Total_Reads_QC_ATLAS	1	0.3455749855173451	1.1851752591811748	3.169804148128535e-4	0.153	0.00202321226663624	senter	Moss	Bærum	584	positive	metaphlan
fobt_verdi	1	0.3172935273578048	1.062897776652731	9.114788935238292e-5	0.318	0.00153379665379471	fobt_verdi	low	mid	690	all	metaphlan
kjonn	1	0.6674225214966896	2.235790689126836	0.00178779904885251	0.001	0.00322631992736636	fobt_verdi	low	mid	690	all	metaphlan
age_invitation	2	0.9101630030775424	1.5244720565505987	0.00151790133251331	0.002	0.00439972721836785	fobt_verdi	low	mid	690	all	metaphlan
senter	1	0.6225887224613018	2.085602484184758	0.00157086543299764	0.001	0.00300959337920758	fobt_verdi	low	mid	690	all	metaphlan
Total_Reads_QC_ATLAS	1	0.44133211663302063	1.4784131571826806	6.928719972506556e-4	0.015	0.00213339909370582	fobt_verdi	low	mid	690	all	metaphlan
fobt_verdi	1	0.30632718053513486	1.023945202319166	3.455176763362132e-5	0.39	0.00147098168808974	fobt_verdi	low	high	693	all	metaphlan
kjonn	1	0.709688465649549	2.3722416609379446	0.00197623346471273	0.001	0.00340792069249387	fobt_verdi	low	high	693	all	metaphlan
age_invitation	2	0.7648784444499199	1.2783612805492006	8.027066034953717e-4	0.031	0.0036729427125431	fobt_verdi	low	high	693	all	metaphlan
senter	1	0.6070500955287628	2.0291572944921024	0.0014828732823042	0.001	0.00291505171926301	fobt_verdi	low	high	693	all	metaphlan
Total_Reads_QC_ATLAS	1	0.590748335144724	1.9746661804308787	0.00140446939626102	0.001	0.00283677074215006	fobt_verdi	low	high	693	all	metaphlan
fobt_verdi	1	0.26461223534215605	0.8642561934133216	-4.204361553895903e-4	0.79	0.00267182529920621	fobt_verdi	low	mid	323	negative	metaphlan
kjonn	1	0.4718063131539054	1.5409776033504765	0.00167205281803189	0.012	0.00476389174589685	fobt_verdi	low	mid	323	negative	metaphlan
age_invitation	2	0.673020853777814	1.0990845537087133	6.131504642019292e-4	0.225	0.00679558200206342	fobt_verdi	low	mid	323	negative	metaphlan
senter	1	0.3877175640765529	1.2663333787835005	8.238822026400974e-4	0.087	0.00391483634650096	fobt_verdi	low	mid	323	negative	metaphlan
Total_Reads_QC_ATLAS	1	0.46620630053882905	1.5226872715390454	0.00161561241947877	0.016	0.00470734766598502	fobt_verdi	low	mid	323	negative	metaphlan
fobt_verdi	1	0.3174320218762432	1.0288690307072728	9.433433779862132e-5	0.377	0.00335034309596925	fobt_verdi	low	high	306	negative	metaphlan
kjonn	1	0.5115814558114238	1.6581512900224118	0.00214620510576274	0.006	0.00539949746838058	fobt_verdi	low	high	306	negative	metaphlan
age_invitation	2	0.5998338096183176	0.9720985719078726	-1.823955371770735e-4	0.557	0.00633095883302903	fobt_verdi	low	high	306	negative	metaphlan
senter	1	0.6150482607989574	1.993510623742704	0.00323625936497521	0.002	0.00649154008494788	fobt_verdi	low	high	306	negative	metaphlan
Total_Reads_QC_ATLAS	1	0.42502806751889466	1.3776121680062867	0.0012325057478391	0.031	0.00448596787176138	fobt_verdi	low	high	306	negative	metaphlan
fobt_verdi	1	0.3196740661986581	1.096655127910871	2.6329612803797545e-4	0.274	0.00297788951828963	fobt_verdi	low	mid	367	positive	metaphlan
kjonn	1	0.4153954876850037	1.4250314299743734	0.00115678408822665	0.018	0.00386957216589868	fobt_verdi	low	mid	367	positive	metaphlan
age_invitation	2	0.8852174899907652	1.5183876365990268	0.00281704259697537	0.002	0.00824614869825565	fobt_verdi	low	mid	367	positive	metaphlan
senter	1	0.4909076324471613	1.6840789709829276	0.00186050745764521	0.004	0.00457299746112128	fobt_verdi	low	mid	367	positive	metaphlan
Total_Reads_QC_ATLAS	1	0.2851031764354133	0.9780582583363974	-5.9790336696796896e-5	0.524	0.00265584809813909	fobt_verdi	low	mid	367	positive	metaphlan
fobt_verdi	1	0.31779545281112576	1.0908187797151867	2.3461879049854083e-4	0.283	0.00281300175830967	fobt_verdi	low	high	387	positive	metaphlan
kjonn	1	0.4261712264071349	1.4628138100372483	0.00119447284627461	0.022	0.00377230195907413	fobt_verdi	low	high	387	positive	metaphlan
age_invitation	2	0.769921046907541	1.3213599021567255	0.00165802108869193	0.017	0.00681504168657102	fobt_verdi	low	high	387	positive	metaphlan
senter	1	0.3205008533052336	1.1001049467749069	2.586022207063753e-4	0.265	0.00283694891135902	fobt_verdi	low	high	387	positive	metaphlan
Total_Reads_QC_ATLAS	1	0.4074166973301203	1.3984397217960278	0.00102850110104253	0.02	0.00360629416128079	fobt_verdi	low	high	387	positive	metaphlan
runde	1	0.3065619587915478	1.0230428123631148	2.9617133548925134e-5	0.405	0.00130998685418844	runde	2nd round	3rd round	778	all	metaphlan
kjonn	1	0.6367264670439852	2.124850839675247	0.00144373631320189	0.001	0.00272083106732964	runde	2nd round	3rd round	778	all	metaphlan
age_invitation	2	0.7555053549497757	1.2606168197287135	6.695175634718997e-4	0.026	0.00322839169985258	runde	2nd round	3rd round	778	all	metaphlan
senter	1	0.7527090286524185	2.511901883062047	0.00193954945320238	0.001	0.00321644256335829	runde	2nd round	3rd round	778	all	metaphlan
Total_Reads_QC_ATLAS	1	0.4798332621925851	1.6012749003625053	7.722500845371085e-4	0.004	0.00205040203994148	runde	2nd round	3rd round	778	all	metaphlan
runde	1	0.3628331773235516	1.2207465717551989	4.171162472090814e-4	0.107	0.00229797389480154	runde	2nd round	4th round	529	all	metaphlan
kjonn	1	0.5718362109814166	1.923934021994232	0.00174352197112856	0.001	0.00362167730809722	runde	2nd round	4th round	529	all	metaphlan
age_invitation	2	0.9015392544561394	1.516607387309938	0.00194933967498474	0.001	0.00570982424253787	runde	2nd round	4th round	529	all	metaphlan
senter	1	0.40080241260224625	1.3484934722468822	6.583441278182336e-4	0.041	0.0025384489035084	runde	2nd round	4th round	529	all	metaphlan
Total_Reads_QC_ATLAS	1	0.4625217108663833	1.556147089600334	0.0010502136414748	0.012	0.00292934297020502	runde	2nd round	4th round	529	all	metaphlan
runde	1	0.34908300634367606	1.124328363793094	3.602422477213494e-4	0.225	0.00324208463190304	runde	2nd round	3rd round	345	negative	metaphlan
kjonn	1	0.5690562376475441	1.8328192921273891	0.00240815574945158	0.002	0.00528507102677268	runde	2nd round	3rd round	345	negative	metaphlan
age_invitation	2	0.7134328614912704	1.1489141368385554	8.625257655575435e-4	0.14	0.00662595908165829	runde	2nd round	3rd round	345	negative	metaphlan
senter	1	0.5180496975231677	1.6685371622080452	0.00193404111261166	0.003	0.00481135126139121	runde	2nd round	3rd round	345	negative	metaphlan
Total_Reads_QC_ATLAS	1	0.5334331966299715	1.7180844162016613	0.00207708086030344	0.004	0.00495422446098191	runde	2nd round	3rd round	345	negative	metaphlan
runde	1	0.3208185648730222	1.0504672596036593	2.21298645909852e-4	0.356	0.00459878501058519	runde	2nd round	4th round	228	negative	metaphlan
kjonn	1	0.4574010602090653	1.4976840210222804	0.00217807030804081	0.011	0.00655663159751298	runde	2nd round	4th round	228	negative	metaphlan
age_invitation	2	0.6470792265069463	1.05937688188999	5.205786978082083e-4	0.309	0.00927557994874455	runde	2nd round	4th round	228	negative	metaphlan
senter	1	0.4732160185470633	1.5494674829694972	0.00240415122826939	0.006	0.0067833316744758	runde	2nd round	4th round	228	negative	metaphlan
Total_Reads_QC_ATLAS	1	0.37991488646815696	1.243968377667909	0.00106889298938328	0.11	0.00544590331260738	runde	2nd round	4th round	228	negative	metaphlan
runde	1	0.26879105809312875	0.9270005771770664	-1.6861831838996144e-4	0.63	0.00213948684989564	runde	2nd round	3rd round	433	positive	metaphlan
kjonn	1	0.3361859682028552	1.1594306327515604	3.680645542419957e-4	0.187	0.00267592777524704	runde	2nd round	3rd round	433	positive	metaphlan
age_invitation	2	0.7223093885522474	1.2455422156498148	0.00113285935728963	0.04	0.00574934095399956	runde	2nd round	3rd round	433	positive	metaphlan
senter	1	0.4741305329475267	1.635170756116991	0.00146475839358108	0.003	0.00377392033638183	runde	2nd round	3rd round	433	positive	metaphlan
Total_Reads_QC_ATLAS	1	0.29334874354391616	1.0116945723884896	2.700752089395248e-5	0.398	0.0023349578058812	runde	2nd round	3rd round	433	positive	metaphlan
runde	1	0.38060383016211574	1.311058266041935	0.00103234931977599	0.069	0.00434375945421409	runde	2nd round	4th round	301	positive	metaphlan
kjonn	1	0.32918915377614155	1.1339511769120365	4.448225661321797e-4	0.194	0.00375697348692153	runde	2nd round	4th round	301	positive	metaphlan
age_invitation	2	0.8763310181561081	1.5093398096560602	0.00337290269792631	0.002	0.01000139999514791	runde	2nd round	4th round	301	positive	metaphlan
senter	1	0.2647455889957371	0.911963741150892	-2.925648344272481e-4	0.671	0.00302149128313259	runde	2nd round	4th round	301	positive	metaphlan
Total_Reads_QC_ATLAS	1	0.34690047564996007	1.19496100683232	6.472917281902913e-4	0.149	0.00395910945019667	runde	2nd round	4th round	301	positive	metaphlan
colo_hemorrhoids	1	0.30649661162044595	1.0250502459178892	2.4225956529710276e-5	0.388	9.870549303095165e-4	colo_hemorrhoids	No	Yes	1034	all	metaphlan
kjonn	1	0.7870788248858958	2.6323140694460796	0.00157615212201327	0.001	0.00253474265355962	colo_hemorrhoids	No	Yes	1034	all	metaphlan
age_invitation	2	0.9689124345911182	1.6202200802474915	0.0011982145522664	0.001	0.00312032746641157	colo_hemorrhoids	No	Yes	1034	all	metaphlan
senter	1	0.7672508665542068	2.5660012529470944	0.00151221771577317	0.001	0.00247088783987737	colo_hemorrhoids	No	Yes	1034	all	metaphlan
Total_Reads_QC_ATLAS	1	0.5470934287451428	1.8297045788217112	8.017788580580061e-4	0.001	0.0017618833152112	colo_hemorrhoids	No	Yes	1034	all	metaphlan
colo_hemorrhoids	1	0.3598120381567469	1.1697702849952722	3.771250230502891e-4	0.156	0.00258782486385077	colo_hemorrhoids	No	Yes	450	negative	metaphlan
kjonn	1	0.5810716401391289	1.8890983791712628	0.00197187818993038	0.002	0.00417915877893867	colo_hemorrhoids	No	Yes	450	negative	metaphlan
age_invitation	2	0.7380168947274512	1.1996683569833313	8.866281129100942e-4	0.066	0.005307933775372	colo_hemorrhoids	No	Yes	450	negative	metaphlan
senter	1	0.6133236903977206	1.9939517081925648	0.00220391360998934	0.001	0.00441112060544374	colo_hemorrhoids	No	Yes	450	negative	metaphlan
Total_Reads_QC_ATLAS	1	0.49838173501279925	1.6202685913148585	0.0013764773458901	0.005	0.00358443995415562	colo_hemorrhoids	No	Yes	450	negative	metaphlan
colo_hemorrhoids	1	0.36929170321226934	1.2670987831588814	4.571518466728016e-4	0.083	0.00216206477673006	colo_hemorrhoids	No	Yes	584	positive	metaphlan
kjonn	1	0.4458119047282594	1.5296518093563083	9.061162384437146e-4	0.009	0.00261006193173496	colo_hemorrhoids	No	Yes	584	positive	metaphlan
age_invitation	2	0.9864832814072884	1.692390804619932	0.00236559209044187	0.001	0.00577549058646961	colo_hemorrhoids	No	Yes	584	positive	metaphlan
senter	1	0.4776615797463819	1.6389331284556214	0.00109286790914972	0.002	0.00279652986455879	colo_hemorrhoids	No	Yes	584	positive	metaphlan
Total_Reads_QC_ATLAS	1	0.35590066860171987	1.2211520058208791	3.785415934729384e-4	0.106	0.00208366527843751	colo_hemorrhoids	No	Yes	584	positive	metaphlan
colo_diverticulitis	1	0.577436828305224	1.932890753101833	9.014021695870398e-4	0.002	0.00185960251014709	colo_diverticulitis	No	Yes	1034	all	metaphlan
kjonn	1	0.8053854939350913	2.695917713593826	0.00163746683228967	0.001	0.00259369824150893	colo_diverticulitis	No	Yes	1034	all	metaphlan
age_invitation	2	0.9533401357735444	1.5955878138270616	0.00115068178293916	0.002	0.00307017776249519	colo_diverticulitis	No	Yes	1034	all	metaphlan
senter	1	0.7456094615442339	2.495825626283574	0.00144455012687171	0.001	0.00240119292416205	colo_diverticulitis	No	Yes	1034	all	metaphlan
Total_Reads_QC_ATLAS	1	0.5397487297763632	1.80673500137704	7.795996818439399e-4	0.001	0.00173823012932296	colo_diverticulitis	No	Yes	1034	all	metaphlan
colo_diverticulitis	1	0.4353458389121556	1.4161201402021482	9.238571214383298e-4	0.026	0.00313107585861277	colo_diverticulitis	No	Yes	450	negative	metaphlan
kjonn	1	0.5861135556150998	1.9065467873221456	0.0020104981703664	0.002	0.00421542102935417	colo_diverticulitis	No	Yes	450	negative	metaphlan
age_invitation	2	0.7368869890240717	1.198496015050312	8.814269125360689e-4	0.076	0.00529980731554595	colo_diverticulitis	No	Yes	450	negative	metaphlan
senter	1	0.5671335284784504	1.8448073693987876	0.00187383187205391	0.003	0.00407891368404021	colo_diverticulitis	No	Yes	450	negative	metaphlan
Total_Reads_QC_ATLAS	1	0.4823069155107475	1.5688780637486752	0.00126257735819069	0.008	0.00346882731984125	colo_diverticulitis	No	Yes	450	negative	metaphlan
colo_diverticulitis	1	0.41319986793158137	1.4181249807363876	7.154551901520335e-4	0.021	0.00241913065588392	colo_diverticulitis	No	Yes	584	positive	metaphlan
kjonn	1	0.4448163206361926	1.5266344088906671	9.009587893684816e-4	0.014	0.00260423315930653	colo_diverticulitis	No	Yes	584	positive	metaphlan
age_invitation	2	0.9510891189532628	1.632095437549263	0.00216003455329854	0.001	0.00556827100563943	colo_diverticulitis	No	Yes	584	positive	metaphlan
senter	1	0.49434527863607514	1.6966205537582328	0.00119142223380472	0.002	0.00289420668047751	colo_diverticulitis	No	Yes	584	positive	metaphlan
Total_Reads_QC_ATLAS	1	0.3467791145851038	1.1901652525992854	3.25519435126162e-4	0.134	0.00203026199188431	colo_diverticulitis	No	Yes	584	positive	metaphlan
colo_IBD	1	0.2025857385198151	0.6773005245205145	-3.121858971999653e-4	0.987	6.524158650863164e-4	colo_IBD	No	Yes	1034	all	metaphlan
kjonn	1	0.7967679793945308	2.663817178385844	0.00160652245524887	0.001	0.00256594602536108	colo_IBD	No	Yes	1034	all	metaphlan
age_invitation	2	0.972166399288824	1.6251114638435835	0.00120765289395595	0.001	0.00313080667491226	colo_IBD	No	Yes	1034	all	metaphlan
senter	1	0.7786257090096456	2.60316251761132	0.00154804714357374	0.001	0.0025075198739732	colo_IBD	No	Yes	1034	all	metaphlan
Total_Reads_QC_ATLAS	1	0.5429607050287473	1.815268799259673	7.878399399785281e-4	0.002	0.00174857411319977	colo_IBD	No	Yes	1034	all	metaphlan
colo_IBD	1	0.21560957323643493	0.7002184997443428	-6.666252047992447e-4	0.976	0.00155069801823149	colo_IBD	No	Yes	450	negative	metaphlan
kjonn	1	0.5813372226241427	1.887963840200359	0.00196936691908472	0.001	0.00418106889001123	colo_IBD	No	Yes	450	negative	metaphlan
age_invitation	2	0.7349130881416386	1.1933601377168817	8.586404927686699e-4	0.073	0.00528561070942764	colo_IBD	No	Yes	450	negative	metaphlan
senter	1	0.5753532272325685	1.8685300821687976	0.00192634886717534	0.001	0.00413803105242577	colo_IBD	No	Yes	450	negative	metaphlan
Total_Reads_QC_ATLAS	1	0.48149169317130713	1.5637032529258896	0.0012511066667291	0.004	0.00346296411234442	colo_IBD	No	Yes	450	negative	metaphlan
colo_IBD	1	0.33845264665458785	1.1610721329388378	2.757323974887909e-4	0.175	0.0019815136369374	colo_IBD	No	Yes	584	positive	metaphlan
kjonn	1	0.4445148436441002	1.524921736421095	8.980314044809831e-4	0.016	0.00260246812429511	colo_IBD	No	Yes	584	positive	metaphlan
age_invitation	2	0.9814487329050792	1.6834449145956667	0.00233509932478447	0.001	0.00574601518832586	colo_IBD	No	Yes	584	positive	metaphlan
senter	1	0.5086686352270817	1.7450032762336196	0.00127406522853463	0.003	0.00297806457520026	colo_IBD	No	Yes	584	positive	metaphlan
Total_Reads_QC_ATLAS	1	0.3416168985096135	1.1719271954912656	2.9430923926224676e-4	0.168	0.00200003914785721	colo_IBD	No	Yes	584	positive	metaphlan
BMI	1	0.5734936059847371	1.90328887788565	0.00141602793657733	0.002	0.00297333950833418	BMI	low	mid	637	all	metaphlan
kjonn	1	0.5687703136611901	1.8876133940570667	0.00139148868142191	0.002	0.0029488510894077	BMI	low	mid	637	all	metaphlan
age_invitation	2	0.881737006618664	1.4631377058126718	0.00145201012613512	0.004	0.00457146069351184	BMI	low	mid	637	all	metaphlan
senter	1	0.5197147973333642	1.7248098027853382	0.0011365557551532	0.002	0.0026945174695083	BMI	low	mid	637	all	metaphlan
Total_Reads_QC_ATLAS	1	0.4419030691218495	1.4665711836820965	7.319147462364062e-4	0.013	0.00229109416489134	BMI	low	mid	637	all	metaphlan
BMI	1	0.7698351629260856	2.5384416584612715	0.0024633258032539	0.001	0.0040495600010562	BMI	low	high	623	all	metaphlan
kjonn	1	0.5349763813878781	1.7640222195699335	0.00122485778652522	0.001	0.00281413354430803	BMI	low	high	623	all	metaphlan
age_invitation	2	0.6940879267540936	1.1443369910584176	4.6314652289850173e-4	0.122	0.00365110719899563	BMI	low	high	623	all	metaphlan
senter	1	0.5935622232767344	1.957202199919801	0.001534083101445	0.001	0.00312231235110553	BMI	low	high	623	all	metaphlan
Total_Reads_QC_ATLAS	1	0.5077460447990916	1.6742333607340136	0.00108106656435177	0.005	0.0026708939429288	BMI	low	high	623	all	metaphlan
BMI	1	0.44792179245122554	1.4525189909069054	0.00154205181970486	0.016	0.00493050604895914	BMI	low	mid	293	negative	metaphlan
kjonn	1	0.44913978161693535	1.4564686812852878	0.00155549026857896	0.018	0.00494391308351362	BMI	low	mid	293	negative	metaphlan
age_invitation	2	0.7569191335176981	1.227267164205875	0.00154890886062462	0.048	0.00833179905348835	BMI	low	mid	293	negative	metaphlan
senter	1	0.5305522758333154	1.7204727907956936	0.00245291989336015	0.002	0.00584006237108914	BMI	low	mid	293	negative	metaphlan
Total_Reads_QC_ATLAS	1	0.41939581978326146	1.3600150812231162	0.00122721251266447	0.033	0.00461650596420739	BMI	low	mid	293	negative	metaphlan
BMI	1	0.5996183978712679	1.9262591596813117	0.003273853626851	0.002	0.0067923764088775	BMI	low	high	282	negative	metaphlan
kjonn	1	0.4953987601958545	1.5914561709744297	0.00209297258660426	0.003	0.00561179387371617	BMI	low	high	282	negative	metaphlan
age_invitation	2	0.6125494412387553	0.9838999071182108	-1.1419809561514604e-4	0.507	0.00693885709429895	BMI	low	high	282	negative	metaphlan
senter	1	0.37712324315249646	1.2114990200937388	7.494344519203305e-4	0.127	0.00427198870001706	BMI	low	high	282	negative	metaphlan
Total_Reads_QC_ATLAS	1	0.4712663024297399	1.5139312518214645	0.00181913596099219	0.017	0.00533842544906356	BMI	low	high	282	negative	metaphlan
BMI	1	0.3956651648598069	1.3416071780015468	9.920589637747693e-4	0.04	0.00389439827393221	BMI	low	mid	344	positive	metaphlan
kjonn	1	0.3942916726034582	1.336949989970602	9.785472920649857e-4	0.042	0.00388087945461872	BMI	low	mid	344	positive	metaphlan
age_invitation	2	0.7368210869820047	1.249193190343426	0.00144670164038478	0.039	0.00725228052450939	BMI	low	mid	344	positive	metaphlan
senter	1	0.34984698104723577	1.1862485319915554	5.411271739819202e-4	0.15	0.00344342540140852	BMI	low	mid	344	positive	metaphlan
Total_Reads_QC_ATLAS	1	0.28977298707324906	0.9825517987821026	-5.0724087970903854e-5	0.499	0.00285213741545858	BMI	low	mid	344	positive	metaphlan
BMI	1	0.429751084608796	1.4508398019370352	0.00132036518697259	0.017	0.00424484912138563	BMI	low	high	341	positive	metaphlan
kjonn	1	0.34028262363761996	1.1487942484902212	4.361564543060955e-4	0.184	0.00336112798245951	BMI	low	high	341	positive	metaphlan
age_invitation	2	0.6486464831135095	1.0949153693750755	5.56378653898115e-4	0.22	0.00640697965065218	BMI	low	high	341	positive	metaphlan
senter	1	0.3973183899455961	1.3413470141660042	0.00100001660259411	0.038	0.00392449647917979	BMI	low	high	341	positive	metaphlan
Total_Reads_QC_ATLAS	1	0.37593885577928177	1.2691696998409046	7.887313702484452e-4	0.096	0.00371332098696637	BMI	low	high	341	positive	metaphlan
Høyde	1	0.2933671335642032	0.979228261264628	-3.215542826552154e-5	0.485	0.00151015877345843	Høyde	low	mid	646	all	metaphlan
kjonn	1	0.47187298702954195	1.5750617971851326	8.893968096862904e-4	0.01	0.00242904896217608	Høyde	low	mid	646	all	metaphlan
age_invitation	2	0.8307706674750932	1.386512023923179	0.00119520143714152	0.005	0.00427653771905864	Høyde	low	mid	646	all	metaphlan
senter	1	0.6249758071955682	2.08610271224755	0.00167845161207322	0.001	0.00321717258156698	Høyde	low	mid	646	all	metaphlan
Total_Reads_QC_ATLAS	1	0.4710870124804103	1.5724382978115192	8.853428694216222e-4	0.008	0.00242500302033295	Høyde	low	mid	646	all	metaphlan
Høyde	1	0.35142324889656607	1.171013149146547	2.586519156851934e-4	0.145	0.00176489037437482	Høyde	low	high	661	all	metaphlan
kjonn	1	0.27736412881620254	0.9242332229446404	-1.1463761388486058e-4	0.629	0.00139295644975569	Høyde	low	high	661	all	metaphlan
age_invitation	2	0.7911986743932573	1.31821678589984	9.619082920871456e-4	0.014	0.00397349614471799	Høyde	low	high	661	all	metaphlan
senter	1	0.6715624725239593	2.2377816159521804	0.00186908939706191	0.001	0.00337266856211251	Høyde	low	high	661	all	metaphlan
Total_Reads_QC_ATLAS	1	0.4078773184445481	1.3591294959480025	5.430173712453496e-4	0.037	0.00204840959017048	Høyde	low	high	661	all	metaphlan
Høyde	1	0.3065789149749065	0.9922242838472124	-2.672138807806315e-5	0.469	0.0033958472486003	Høyde	low	mid	291	negative	metaphlan
kjonn	1	0.39233023650453447	1.2697532965669924	9.261287638484494e-4	0.088	0.00434567900498205	Høyde	low	mid	291	negative	metaphlan
age_invitation	2	0.7236995077589654	1.1711050413651145	0.00117459836195055	0.109	0.00801611872896682	Høyde	low	mid	291	negative	metaphlan
senter	1	0.4867692949661375	1.5753996491771805	0.00197341630970754	0.011	0.00539174121334849	Høyde	low	mid	291	negative	metaphlan
Total_Reads_QC_ATLAS	1	0.5066266409553322	1.6396667593430825	0.00219334621538614	0.006	0.00561169278355817	Høyde	low	mid	291	negative	metaphlan
Høyde	1	0.38291387775728936	1.2498601765435362	8.405728984872807e-4	0.099	0.00419009179530093	Høyde	low	high	297	negative	metaphlan
kjonn	1	0.2721337808068114	0.8882654692872028	-3.7635212875854136e-4	0.696	0.00297786418413803	Høyde	low	high	297	negative	metaphlan
age_invitation	2	0.6748190521601742	1.1013304931748469	6.818949254259939e-4	0.217	0.00738430738089192	Høyde	low	high	297	negative	metaphlan
senter	1	0.531715776313959	1.7355609515829231	0.00247051762722605	0.002	0.00581837859942325	Høyde	low	high	297	negative	metaphlan
Total_Reads_QC_ATLAS	1	0.425301393645114	1.3882162695665707	0.00130541914012717	0.04	0.0046539234631031	Høyde	low	high	297	negative	metaphlan
Høyde	1	0.2432118882131249	0.8360793520377799	-4.6196161411081346e-4	0.814	0.00235552359734119	Høyde	low	mid	355	positive	metaphlan
kjonn	1	0.3388882139799847	1.1649818618625234	4.645217583041201e-4	0.164	0.00328215528753741	Høyde	low	mid	355	positive	metaphlan
age_invitation	2	0.6760683592011247	1.1620459835392578	9.121024281926348e-4	0.092	0.00654776781354741	Høyde	low	mid	355	positive	metaphlan
senter	1	0.4085161560560522	1.4043389308050975	0.00113768709752251	0.027	0.00395650661879619	Høyde	low	mid	355	positive	metaphlan
Total_Reads_QC_ATLAS	1	0.32955162564709894	1.1328858620289866	3.741863041110009e-4	0.207	0.00319172979765551	Høyde	low	mid	355	positive	metaphlan
Høyde	1	0.23456587453196676	0.7969286044545507	-5.581998625564063e-4	0.887	0.00218816149528675	Høyde	low	high	364	positive	metaphlan
kjonn	1	0.27803235535634485	0.9446043137751808	-1.5220911525606705e-4	0.592	0.0025936411067831	Høyde	low	high	364	positive	metaphlan
age_invitation	2	0.6695683842489473	1.1374165127623517	7.544661354781158e-4	0.139	0.00624610787821672	Høyde	low	high	364	positive	metaphlan
senter	1	0.41971751564277326	1.4259742371891466	0.00116889098830232	0.02	0.00391535942071475	Høyde	low	high	364	positive	metaphlan
Total_Reads_QC_ATLAS	1	0.32363379312660356	1.099533457820048	2.7336881449637656e-4	0.258	0.00301903678915887	Høyde	low	high	364	positive	metaphlan
PhysAct_Score	1	0.5144087354895248	1.7118809645706852	0.00104887063942209	0.004	0.00251184366333182	PhysAct_Score	low	mid	678	all	metaphlan
kjonn	1	0.6334431783258196	2.108011089821795	0.0016315682803442	0.001	0.00309308556365074	PhysAct_Score	low	mid	678	all	metaphlan
age_invitation	2	0.9702820822096214	1.614482134734747	0.00180935197719561	0.002	0.00473786063824003	PhysAct_Score	low	mid	678	all	metaphlan
senter	1	0.5508235837599216	1.833064531802489	0.0012272008765175	0.001	0.00268965636278403	PhysAct_Score	low	mid	678	all	metaphlan
Total_Reads_QC_ATLAS	1	0.43696874499616456	1.454171410910087	6.694209130818582e-4	0.024	0.0021337063262508	PhysAct_Score	low	mid	678	all	metaphlan
PhysAct_Score	1	0.9249871409658396	3.075145525965301	0.00284237251286004	0.001	0.00419747500055914	PhysAct_Score	low	high	728	all	metaphlan
kjonn	1	0.6754926629995452	2.2456941815174405	0.00170819545656086	0.001	0.00306530052195225	PhysAct_Score	low	high	728	all	metaphlan
age_invitation	2	0.7157187322995924	1.1897134349254324	5.209192569886546e-4	0.073	0.00324784135174304	PhysAct_Score	low	high	728	all	metaphlan
senter	1	0.5312819387638115	1.7662616101990136	0.00105145044517561	0.003	0.00241089044100781	PhysAct_Score	low	high	728	all	metaphlan
Total_Reads_QC_ATLAS	1	0.5148013314670834	1.7114713719900738	9.763416659964784e-4	0.003	0.00233610352337584	PhysAct_Score	low	high	728	all	metaphlan
PhysAct_Score	1	0.456396599655605	1.473132753632131	0.00166905677810155	0.014	0.00516989613203777	PhysAct_Score	low	mid	283	negative	metaphlan
kjonn	1	0.4667920744878131	1.5066867162962705	0.0017872125774702	0.015	0.0052876523229609404	PhysAct_Score	low	mid	283	negative	metaphlan
age_invitation	2	0.7303538864326526	1.178698781562284	0.00126129603884772	0.094	0.00827318550430957	PhysAct_Score	low	mid	283	negative	metaphlan
senter	1	0.5431359543710954	1.7531054452707755	0.00265408705955477	0.002	0.00615244826931805	PhysAct_Score	low	mid	283	negative	metaphlan
Total_Reads_QC_ATLAS	1	0.5003228225113077	1.614915487510756	0.00216813522114578	0.003	0.00566747654742231	PhysAct_Score	low	mid	283	negative	metaphlan
PhysAct_Score	1	0.5354643741031992	1.726691309247906	0.00226576499224762	0.003	0.00537456229080249	PhysAct_Score	low	high	320	negative	metaphlan
kjonn	1	0.4862549431563252	1.568007555746452	0.00177187848555871	0.004	0.00488063745712542	PhysAct_Score	low	high	320	negative	metaphlan
age_invitation	2	0.630493296812972	1.016563705073124	1.0351244077239738e-4	0.4	0.00632838646516875	PhysAct_Score	low	high	320	negative	metaphlan
senter	1	0.4601559093806315	1.4838470084164208	0.00150973914265237	0.019	0.00461867627064658	PhysAct_Score	low	high	320	negative	metaphlan
Total_Reads_QC_ATLAS	1	0.3580571128760397	1.1546129582437898	4.829321583567349e-4	0.174	0.00359389036859861	PhysAct_Score	low	high	320	negative	metaphlan
PhysAct_Score	1	0.34789717854255287	1.187844886498982	4.753306280281277e-4	0.15	0.00300123189509331	PhysAct_Score	low	mid	395	positive	metaphlan
kjonn	1	0.35531960021086206	1.2131876778980846	5.394245044065541e-4	0.101	0.00306526348265341	PhysAct_Score	low	mid	395	positive	metaphlan
age_invitation	2	0.9306156655054708	1.5887266809657534	0.00297203526333901	0.002	0.00802821520165587	PhysAct_Score	low	mid	395	positive	metaphlan
senter	1	0.3458021060927621	1.180691562902756	4.572378326181313e-4	0.154	0.00298315816915743	PhysAct_Score	low	mid	395	positive	metaphlan
Total_Reads_QC_ATLAS	1	0.27189015874637334	0.9283298476557575	-1.8147635134681085e-4	0.644	0.00234553617195199	PhysAct_Score	low	mid	395	positive	metaphlan
PhysAct_Score	1	0.6867535817534502	2.3440001734777054	0.00328330248619284	0.001	0.00571342514798635	PhysAct_Score	low	high	408	positive	metaphlan
kjonn	1	0.40741033076461974	1.3905568334286744	9.563316949759244e-4	0.039	0.00338943762535145	PhysAct_Score	low	high	408	positive	metaphlan
age_invitation	2	0.7503204198605289	1.2804819960504767	0.00137302395857818	0.028	0.0062422674883374	PhysAct_Score	low	high	408	positive	metaphlan
senter	1	0.3556069279285339	1.213743506988516	5.236068368307076e-4	0.121	0.00295846082030987	PhysAct_Score	low	high	408	positive	metaphlan
Total_Reads_QC_ATLAS	1	0.4304409342871338	1.4691639788246045	0.00114859093463644	0.014	0.0035810400178761	PhysAct_Score	low	high	408	positive	metaphlan
Smoking	1	1.1582298621019618	3.8761682667927384	0.0028312193519608	0.001	0.0037997902974598	Smoking	Non smoker	Smoker	1013	all	metaphlan
kjonn	1	0.783710479290221	2.6227899915002	0.00159940226802297	0.001	0.00257110921818245	Smoking	Non smoker	Smoker	1013	all	metaphlan
age_invitation	2	0.9070778500159236	1.517827545631346	0.0010213201932919	0.001	0.00297583901633834	Smoking	Non smoker	Smoker	1013	all	metaphlan
senter	1	0.7062141230025532	2.3634382627430304	0.00134413190707872	0.001	0.00231686788634875	Smoking	Non smoker	Smoker	1013	all	metaphlan
Total_Reads_QC_ATLAS	1	0.52297004908081135	1.750187916111275	7.400126037494295e-4	0.004	0.00171570133302641	Smoking	Non smoker	Smoker	1013	all	metaphlan
Smoking	1	0.24538011564692397	0.8185050283413945	-2.4335005156745024e-4	0.821	0.00109369077590382	Smoking	Non smoker	Missing	746	all	metaphlan
kjonn	1	0.5888547429144353	1.964220151936286	0.00129085185866085	0.002	0.0026246014228774	Smoking	Non smoker	Missing	746	all	metaphlan
age_invitation	2	0.8511194754751727	1.4195232742454942	0.00112346368654482	0.001	0.00379354911079556	Smoking	Non smoker	Missing	746	all	metaphlan
senter	1	0.5629563607694195	1.877831913200169	0.00117533534360166	0.004	0.00250916899841969	Smoking	Non smoker	Missing	746	all	metaphlan
Total_Reads_QC_ATLAS	1	0.4963176752043523	1.6555478089105136	8.77978889776208e-4	0.008	0.00221215179501378	Smoking	Non smoker	Missing	746	all	metaphlan
Smoking	1	0.5183040976675102	1.6836295700909527	0.00154080413278569	0.003	0.00378062686747951	Smoking	Non smoker	Smoker	443	negative	metaphlan
kjonn	1	0.5571584253125934	1.8098417595057252	0.00182474943839701	0.002	0.00406403908759105	Smoking	Non smoker	Smoker	443	negative	metaphlan
age_invitation	2	0.7208245165799951	1.170742693741075	7.702536278184982e-4	0.105	0.00525785643290138	Smoking	Non smoker	Smoker	443	negative	metaphlan
senter	1	0.5719563991930556	1.8579106567316976	0.00193284976145256	0.002	0.00417197884320653	Smoking	Non smoker	Smoker	443	negative	metaphlan
Total_Reads_QC_ATLAS	1	0.4692421517308105	1.5242595336259506	0.00118203124712325	0.008	0.00342275797967052	Smoking	Non smoker	Smoker	443	negative	metaphlan
Smoking	1	0.2501804805081491	0.8121770573519792	-5.51103966617994e-4	0.844	0.00237576623388377	Smoking	Non smoker	Missing	341	negative	metaphlan
kjonn	1	0.5178483126797175	1.6811244342190037	0.00199345057572864	0.003	0.0049175960212375	Smoking	Non smoker	Missing	341	negative	metaphlan
age_invitation	2	0.676875054441993	1.0986916101429265	5.785015653488076e-4	0.219	0.00642774726323683	Smoking	Non smoker	Missing	341	negative	metaphlan
senter	1	0.5068919683487252	1.645556145757784	0.00188954937111012	0.009	0.00481355228107238	Smoking	Non smoker	Missing	341	negative	metaphlan
Total_Reads_QC_ATLAS	1	0.40413185785422456	1.3119593600090682	9.140006713917094e-4	0.063	0.00383772075254092	Smoking	Non smoker	Missing	341	negative	metaphlan
Smoking	1	0.9004276966802252	3.0925189182715327	0.00365765824420869	0.001	0.00539037056267706	Smoking	Non smoker	Smoker	570	positive	metaphlan
kjonn	1	0.4474529029041605	1.5367769920543153	9.408280302003927e-4	0.008	0.00267865700365673	Smoking	Non smoker	Smoker	570	positive	metaphlan
age_invitation	2	0.8567632760697563	1.4712767329873528	0.00165087268456839	0.002	0.00512897544082242	Smoking	Non smoker	Smoker	570	positive	metaphlan
senter	1	0.417599292576341	1.4342447675815762	7.612529779983761e-4	0.029	0.00249993968643735	Smoking	Non smoker	Smoker	570	positive	metaphlan
Total_Reads_QC_ATLAS	1	0.32112142475202177	1.1028915311793357	1.8047887970360928e-4	0.245	0.00192237919980702	Smoking	Non smoker	Smoker	570	positive	metaphlan
Snus	1	0.2925410031016895	0.9762024572792554	-2.4508883596240036e-5	0.513	0.00100156561785293	Snus	Non snuser	Snuser	971	all	metaphlan
kjonn	1	0.6923518758088107	2.310361950292224	0.00134767868529535	0.001	0.00237038851618707	Snus	Non snuser	Snuser	971	all	metaphlan
age_invitation	2	0.9203217954345746	1.535546109204032	0.00110186613611117	0.001	0.00315088366381085	Snus	Non snuser	Snuser	971	all	metaphlan
senter	1	0.6964510433243163	2.3240407760260813	0.00136172790191358	0.001	0.00238442273772122	Snus	Non snuser	Snuser	971	all	metaphlan
Total_Reads_QC_ATLAS	1	0.49658612624182297	1.6570962413755883	6.76263513041184e-4	0.005	0.00170015001341094	Snus	Non snuser	Snuser	971	all	metaphlan
Snus	1	0.2507195688801289	0.8365712898232117	-1.729703476165059e-4	0.836	8.821115010323123e-4	Snus	Non snuser	Missing	945	all	metaphlan
kjonn	1	0.7236494712294075	2.4145876376155933	0.00149468072036654	0.001	0.00254602990958638	Snus	Non snuser	Missing	945	all	metaphlan
age_invitation	2	0.9187751589910818	1.5328299327568238	0.00112641216220144	0.001	0.00323254438506279	Snus	Non snuser	Missing	945	all	metaphlan
senter	1	0.6460136718385456	2.155541719808031	0.00122130206805915	0.001	0.00227288237730397	Snus	Non snuser	Missing	945	all	metaphlan
Total_Reads_QC_ATLAS	1	0.5597953326724223	1.8678586022724235	9.175262637160282e-4	0.001	0.00196953872958613	Snus	Non snuser	Missing	945	all	metaphlan
Snus	1	0.2932911734393713	0.950536856353695	-1.1558145015929212e-4	0.568	0.0022136724646811402	Snus	Non snuser	Snuser	428	negative	metaphlan
kjonn	1	0.5118771239608009	1.658959137921861	0.00153725735546761	0.007	0.00386349265586215	Snus	Non snuser	Snuser	428	negative	metaphlan
age_invitation	2	0.6968710588055842	1.1292559843398453	6.036353311258796e-4	0.146	0.0052597705420889904	Snus	Non snuser	Snuser	428	negative	metaphlan
senter	1	0.5751412724629859	1.8639939643435677	0.00201461063764518	0.002	0.00434099118368517	Snus	Non snuser	Snuser	428	negative	metaphlan
Total_Reads_QC_ATLAS	1	0.4390920676072483	1.423067693100954	9.874997986896842e-4	0.025	0.00331413321486474	Snus	Non snuser	Snuser	428	negative	metaphlan
Snus	1	0.2592592317431297	0.8404776230360552	-3.84539083259137e-4	0.838	0.00201978355003975	Snus	Non snuser	Missing	415	negative	metaphlan
kjonn	1	0.5219654838030721	1.692129943393215	0.0016650061272208	0.002	0.00406642143766949	Snus	Non snuser	Missing	415	negative	metaphlan
age_invitation	2	0.6767111638742023	1.096895540943498	4.667485064794127e-4	0.191	0.00527198228480282	Snus	Non snuser	Missing	415	negative	metaphlan
senter	1	0.5321984314041401	1.725303548894444	0.00174467020097837	0.004	0.00414614218317233	Snus	Non snuser	Missing	415	negative	metaphlan
Total_Reads_QC_ATLAS	1	0.4846515949878665	1.5711641888980843	0.00137440765413276	0.009	0.00377572405995128	Snus	Non snuser	Missing	415	negative	metaphlan
Snus	1	0.27451770418375077	0.9402823471738516	-1.099893575182604e-4	0.571	0.00172728133026763	Snus	Non snuser	Snuser	543	positive	metaphlan
kjonn	1	0.3946406017369668	1.3517291804354994	6.473324028360598e-4	0.036	0.00248310157471511	Snus	Non snuser	Snuser	543	positive	metaphlan
age_invitation	2	0.9689270937630567	1.659392141342615	0.00242281604229982	0.001	0.00609654551943638	Snus	Non snuser	Snuser	543	positive	metaphlan
senter	1	0.43401714213879927	1.4866023243833957	8.953345350231172e-4	0.013	0.00273086105270159	Snus	Non snuser	Snuser	543	positive	metaphlan
Total_Reads_QC_ATLAS	1	0.34339660222519797	1.1762074293602045	3.2440196560546195e-4	0.153	0.00216067135511195	Snus	Non snuser	Snuser	543	positive	metaphlan
Snus	1	0.24863672299537143	0.8507755534866828	-2.816348553183414e-4	0.796	0.0016018007283506	Snus	Non snuser	Missing	530	positive	metaphlan
kjonn	1	0.41633728111003165	1.4246068581756597	8.005036958799884e-4	0.018	0.0026821836778068	Snus	Non snuser	Missing	530	positive	metaphlan
age_invitation	2	0.9427147328202636	1.612872464961945	0.00230738992155883	0.001	0.00607328285004162	Snus	Non snuser	Missing	530	positive	metaphlan
senter	1	0.4358292507928354	1.491303728596292	9.261296559305092e-4	0.016	0.00280775745009097	Snus	Non snuser	Missing	530	positive	metaphlan
Total_Reads_QC_ATLAS	1	0.3559057459721373	1.2178245609526177	4.1082089447480873e-4	0.119	0.00229286356518198	Snus	Non snuser	Missing	530	positive	metaphlan
Utdanning	1	0.4101544280908911	1.3749604339672388	6.36200142759965e-4	0.035	0.00232524645193048	Utdanning	Primary school	High school	589	all	metaphlan
kjonn	1	0.5760491155188276	1.9310890913621748	0.00157830144669317	0.001	0.00326573619656501	Utdanning	Primary school	High school	589	all	metaphlan
age_invitation	2	0.9521047452093114	1.595870072339145	0.00201924233027414	0.001	0.00539766982638433	Utdanning	Primary school	High school	589	all	metaphlan
senter	1	0.325825919607297	1.0922660274723317	1.5662406857677003e-4	0.266	0.00184717148377576	Utdanning	Primary school	High school	589	all	metaphlan
Total_Reads_QC_ATLAS	1	0.4898620521636303	1.6421642525281457	0.00108907451240736	0.007	0.00277712471380767	Utdanning	Primary school	High school	589	all	metaphlan
Utdanning	1	0.8619695951208826	2.879928671865963	0.00304747907086784	0.001	0.00464817527463799	Utdanning	Primary school	University/college	615	all	metaphlan
kjonn	1	0.6426063225756593	2.147013518323059	0.00186159064826652	0.001	0.00346525775019168	Utdanning	Primary school	University/college	615	all	metaphlan
age_invitation	2	0.8103967766303128	1.3538093024488238	0.00114927700017908	0.008	0.0043700685976645	Utdanning	Primary school	University/college	615	all	metaphlan
senter	1	0.4686014502081264	1.565645423888872	9.189034964733274e-4	0.005	0.00252693562144898	Utdanning	Primary school	University/college	615	all	metaphlan
Total_Reads_QC_ATLAS	1	0.43201045917115266	1.443391176388886	7.204418517540114e-4	0.017	0.00232961852259156	Utdanning	Primary school	University/college	615	all	metaphlan
Utdanning	1	0.3665934738061125	1.2219651019970637	0.00109222987724609	0.11	0.00599021349640546	Utdanning	Primary school	Missing	203	all	metaphlan
kjonn	1	0.48817546870355955	1.6272340590610452	0.00308030535286414	0.004	0.00797688854327162	Utdanning	Primary school	Missing	203	all	metaphlan
age_invitation	2	0.8473645905583425	1.4122591266831497	0.00404523587462315	0.003	0.01384611339105087	Utdanning	Primary school	Missing	203	all	metaphlan
senter	1	0.3403669616639178	1.1345443351947226	6.623409899830209e-4	0.214	0.00556166684125985	Utdanning	Primary school	Missing	203	all	metaphlan
Total_Reads_QC_ATLAS	1	0.38245098855555426	1.2748229159320437	0.00135197715088258	0.082	0.00624932858071215	Utdanning	Primary school	Missing	203	all	metaphlan
Utdanning	1	0.2371983840938725	0.7689908762867644	-8.927233627605604e-4	0.923	0.00296886595002815	Utdanning	Primary school	High school	259	negative	metaphlan
kjonn	1	0.46026779489911007	1.4921759955412224	0.00189668915316228	0.02	0.00576088825137072	Utdanning	Primary school	High school	259	negative	metaphlan
age_invitation	2	0.678111797578083	1.0992102400528831	7.655157764396778e-4	0.203	0.00848750734045983	Utdanning	Primary school	High school	259	negative	metaphlan
senter	1	0.3250103293972302	1.0536748762441608	2.0719596535274945e-4	0.332	0.00406795393670558	Utdanning	Primary school	High school	259	negative	metaphlan
Total_Reads_QC_ATLAS	1	0.43787283770871	1.4195721377196833	0.00161734958647199	0.026	0.00548058437784768	Utdanning	Primary school	High school	259	negative	metaphlan
Utdanning	1	0.4962485857808048	1.6203323266046958	0.00227544409953079	0.003	0.00592542870356565	Utdanning	Primary school	University/college	272	negative	metaphlan
kjonn	1	0.47212367319896487	1.5415605641192427	0.00198707515653133	0.008	0.005637366523482	Utdanning	Primary school	University/college	272	negative	metaphlan
age_invitation	2	0.724115588704862	1.182177572083937	0.00133774900160857	0.073	0.00864626200850545	Utdanning	Primary school	University/college	272	negative	metaphlan
senter	1	0.36973792570364594	1.2072544497970763	7.613847405205737e-4	0.106	0.00441483518651057	Utdanning	Primary school	University/college	272	negative	metaphlan
Total_Reads_QC_ATLAS	1	0.3487480564412522	1.138719113532994	5.097367768352067e-4	0.2	0.00416420681723112	Utdanning	Primary school	University/college	272	negative	metaphlan
Utdanning	1	0.28558228805926333	0.9275974911874898	-7.54762036223846e-4	0.627	0.0097387544749402	Utdanning	Primary school	Missing	96	negative	metaphlan
kjonn	1	0.43859078181373334	1.4245831267517306	0.00440326639725897	0.025	0.01495655759354951	Utdanning	Primary school	Missing	96	negative	metaphlan
age_invitation	2	0.6568389142321429	1.066736549203664	0.00138841440036913	0.329	0.02239912341470456	Utdanning	Primary school	Missing	96	negative	metaphlan
senter	1	0.2871557434877907	0.9327082188797284	-7.014477373737734e-4	0.612	0.00979241150038048	Utdanning	Primary school	Missing	96	negative	metaphlan
Total_Reads_QC_ATLAS	1	0.2718094073243691	0.8828619100597792	-0.00122167911560773	0.707	0.00926908002558522	Utdanning	Primary school	Missing	96	negative	metaphlan
Utdanning	1	0.3941738755422079	1.3584690317984782	0.00108509109165284	0.045	0.00410676967342411	Utdanning	Primary school	High school	330	positive	metaphlan
kjonn	1	0.3554467645685122	1.225001077139075	6.813568821414455e-4	0.113	0.00370328447373315	Utdanning	Primary school	High school	330	positive	metaphlan
age_invitation	2	0.8710502932719066	1.5009808132530094	0.00302705646088166	0.002	0.00907519029137992	Utdanning	Primary school	High school	330	positive	metaphlan
senter	1	0.25673199207490427	0.8847934435683942	-3.492326979640352e-4	0.729	0.0026748072986843	Utdanning	Primary school	High school	330	positive	metaphlan
Total_Reads_QC_ATLAS	1	0.37178181639076513	1.2812977101993694	8.516913072268179e-4	0.065	0.0038734740768497	Utdanning	Primary school	High school	330	positive	metaphlan
Utdanning	1	0.557069379664938	1.8987199688521976	0.00261332746145026	0.001	0.00550488702952994	Utdanning	Primary school	University/college	343	positive	metaphlan
kjonn	1	0.39527455301993086	1.3472571180442263	0.0010113874826291	0.043	0.00390605163279919	Utdanning	Primary school	University/college	343	positive	metaphlan
age_invitation	2	0.8278138636053285	1.4107638749283915	0.00238940172022758	0.006	0.00818034874465182	Utdanning	Primary school	University/college	343	positive	metaphlan
senter	1	0.3700572544377536	1.2613062650153148	7.612459087176372e-4	0.084	0.00365685757376061	Utdanning	Primary school	University/college	343	positive	metaphlan
Total_Reads_QC_ATLAS	1	0.3452126890787923	1.176625839045956	5.146791061719796e-4	0.167	0.0034113468158706	Utdanning	Primary school	University/college	343	positive	metaphlan
Utdanning	1	0.40288343847622343	1.3769014446635628	0.00351007935219473	0.055	0.0127564472551859	Utdanning	Primary school	Missing	107	positive	metaphlan
kjonn	1	0.3410510087313092	1.1655818576265913	0.00154510295895722	0.168	0.01079865486817634	Utdanning	Primary school	Missing	107	positive	metaphlan
age_invitation	2	0.8661775005108012	1.4801316434092897	0.00889459934223616	0.001	0.02742566842828136	Utdanning	Primary school	Missing	107	positive	metaphlan
senter	1	0.27856988452198195	0.9520452811085586	-4.48375893751252e-4	0.575	0.0088203229505489	Utdanning	Primary school	Missing	107	positive	metaphlan
Total_Reads_QC_ATLAS	1	0.4205014339092053	1.4371130121965885	0.00406854763629925	0.016	0.01331428361185759	Utdanning	Primary school	Missing	107	positive	metaphlan
Sivilstatus_cat2	1	0.4283466605293711	1.4300806674585134	4.2438119379213267e-4	0.011	0.00140524790571166	Sivilstatus_cat2	Married/cohabiting	Not married/non-cohabiting	1013	all	metaphlan
kjonn	1	0.7510259236291859	2.5073795435102455	0.00148582412893685	0.001	0.00246383993051514	Sivilstatus_cat2	Married/cohabiting	Not married/non-cohabiting	1013	all	metaphlan
age_invitation	2	0.953284925657954	1.591321315635176	0.00116610419224097	0.001	0.00312737735289401	Sivilstatus_cat2	Married/cohabiting	Not married/non-cohabiting	1013	all	metaphlan
senter	1	0.7695403211988037	2.569191819579422	0.00154665825872866	0.001	0.00252457886187056	Sivilstatus_cat2	Married/cohabiting	Not married/non-cohabiting	1013	all	metaphlan
Total_Reads_QC_ATLAS	1	0.5221923500160983	1.7433944355486486	7.333161820132696e-4	0.006	0.00171312110927139	Sivilstatus_cat2	Married/cohabiting	Not married/non-cohabiting	1013	all	metaphlan
Sivilstatus_cat2	1	0.2118043879589777	0.7119615590762964	-3.544163917203105e-4	0.945	8.729313558489145e-4	Sivilstatus_cat2	Married/cohabiting	Missing	813	all	metaphlan
kjonn	1	0.6269772447989794	2.1075280876565117	0.00136041990700921	0.001	0.00258402624073488	Sivilstatus_cat2	Married/cohabiting	Missing	813	all	metaphlan
age_invitation	2	0.8251933229388442	1.3869068776154851	9.50895374305716e-4	0.009	0.0034009546882947	Sivilstatus_cat2	Married/cohabiting	Missing	813	all	metaphlan
senter	1	0.6313213913978473	2.1221305489897726	0.00137833195645115	0.002	0.00260193022193706	Sivilstatus_cat2	Married/cohabiting	Missing	813	all	metaphlan
Total_Reads_QC_ATLAS	1	0.5184046675082641	1.7425710527918667	9.125380423825612e-4	0.001	0.00213655483555912	Sivilstatus_cat2	Married/cohabiting	Missing	813	all	metaphlan
Sivilstatus_cat2	1	0.30445641828481484	0.987979712272678	-2.707345305859804e-5	0.476	0.00221670961974775	Sivilstatus_cat2	Married/cohabiting	Not married/non-cohabiting	444	negative	metaphlan
kjonn	1	0.5235581473979494	1.6989782338579182	0.00157180085421815	0.004	0.00381196227812364	Sivilstatus_cat2	Married/cohabiting	Not married/non-cohabiting	444	negative	metaphlan
age_invitation	2	0.7197649083721558	1.1678405912472114	7.55467536618006e-4	0.101	0.00524051949810708	Sivilstatus_cat2	Married/cohabiting	Not married/non-cohabiting	444	negative	metaphlan
senter	1	0.5861431414923004	1.902070370349127	0.00202757062829179	0.003	0.00426763589880922	Sivilstatus_cat2	Married/cohabiting	Not married/non-cohabiting	444	negative	metaphlan
Total_Reads_QC_ATLAS	1	0.4862817927413232	1.5780141814142103	0.00130014117427396	0.01	0.00354055773877452	Sivilstatus_cat2	Married/cohabiting	Not married/non-cohabiting	444	negative	metaphlan
Sivilstatus_cat2	1	0.2486427197459875	0.8131329927042432	-4.998941738609379e-4	0.808	0.00216778018702077	Sivilstatus_cat2	Married/cohabiting	Missing	374	negative	metaphlan
kjonn	1	0.5381595781733921	1.7599361396932482	0.00202779450632091	0.004	0.0046919196838401	Sivilstatus_cat2	Married/cohabiting	Missing	374	negative	metaphlan
age_invitation	2	0.6726078357475842	1.099810247725106	5.334599088740628e-4	0.189	0.00586410067207313	Sivilstatus_cat2	Married/cohabiting	Missing	374	negative	metaphlan
senter	1	0.5213306841412901	1.7049008304663973	0.00188121593527095	0.001	0.00454519774044465	Sivilstatus_cat2	Married/cohabiting	Missing	374	negative	metaphlan
Total_Reads_QC_ATLAS	1	0.4689287383921936	1.533531441432935	0.00142452249703673	0.011	0.00408833377164525	Sivilstatus_cat2	Married/cohabiting	Missing	374	negative	metaphlan
Sivilstatus_cat2	1	0.4196642912012294	1.4366401531056074	7.667932168681788e-4	0.029	0.0025159535430405	Sivilstatus_cat2	Married/cohabiting	Not married/non-cohabiting	569	positive	metaphlan
kjonn	1	0.44384293225593296	1.519411090054491	9.12016482564384e-4	0.009	0.0026609083054611	Sivilstatus_cat2	Married/cohabiting	Not married/non-cohabiting	569	positive	metaphlan
age_invitation	2	0.9407117707440024	1.61017309631174	0.00214013091741072	0.001	0.0056397152729118	Sivilstatus_cat2	Married/cohabiting	Not married/non-cohabiting	569	positive	metaphlan
senter	1	0.47878280281310026	1.639021030759858	0.00112179995956658	0.004	0.00287037833415966	Sivilstatus_cat2	Married/cohabiting	Not married/non-cohabiting	569	positive	metaphlan
Total_Reads_QC_ATLAS	1	0.32462995510624637	1.111308343799202	1.955827307721687e-4	0.248	0.0019462077256771	Sivilstatus_cat2	Married/cohabiting	Not married/non-cohabiting	569	positive	metaphlan
Sivilstatus_cat2	1	0.23829697490222657	0.8219249429305296	-4.058025521232315e-4	0.786	0.00187127881530856	Sivilstatus_cat2	Married/cohabiting	Missing	439	positive	metaphlan
kjonn	1	0.34654351910731407	1.1952848427139753	4.4464239360837265e-4	0.141	0.00272130834289468	Sivilstatus_cat2	Married/cohabiting	Missing	439	positive	metaphlan
age_invitation	2	0.7905611134719521	1.363386795699224	0.00165278449038397	0.01	0.00620805305838982	Sivilstatus_cat2	Married/cohabiting	Missing	439	positive	metaphlan
senter	1	0.38481954120780415	1.3273050552805052	7.450141421082865e-4	0.038	0.00302187912991502	Sivilstatus_cat2	Married/cohabiting	Missing	439	positive	metaphlan
Total_Reads_QC_ATLAS	1	0.3221389550696756	1.1111095403958886	2.5303286111841614e-4	0.234	0.00252966619679017	Sivilstatus_cat2	Married/cohabiting	Missing	439	positive	metaphlan
Arbeid_lump	1	0.31807171178053295	1.0659438555407474	7.425558428065824e-5	0.31	0.00119646129257226	Arbeid_lump	Employed	Retired	888	all	metaphlan
kjonn	1	0.5523015678213028	1.8509111021820548	9.573158912858832e-4	0.001	0.00207754233794018	Arbeid_lump	Employed	Retired	888	all	metaphlan
age_invitation	2	0.6596847170795286	1.1053904586935626	2.3730956875959132e-4	0.198	0.00248147571775179	Arbeid_lump	Employed	Retired	888	all	metaphlan
senter	1	0.6608977483543299	2.2148461114489137	0.00136620088695263	0.001	0.0024860386666505	Arbeid_lump	Employed	Retired	888	all	metaphlan
Total_Reads_QC_ATLAS	1	0.4902999670944155	1.6431270620404466	7.237180398465478e-4	0.005	0.00184431658223881	Arbeid_lump	Employed	Retired	888	all	metaphlan
Arbeid_lump	1	0.6972155901957251	2.3490555530408064	0.00299557762230483	0.001	0.00519936729037555	Arbeid_lump	Employed	Other	449	all	metaphlan
kjonn	1	0.5825066749386849	1.9625788044468824	0.00213924190541457	0.001	0.00434394496435658	Arbeid_lump	Employed	Other	449	all	metaphlan
age_invitation	2	0.5239491119815796	0.8826434666109645	-5.230196577414806e-4	0.799	0.00390726184693258	Arbeid_lump	Employed	Other	449	all	metaphlan
senter	1	0.4472670251612101	1.5069299997322758	0.00112774679521087	0.007	0.00333541815958812	Arbeid_lump	Employed	Other	449	all	metaphlan
Total_Reads_QC_ATLAS	1	0.43368004007021455	1.4611527921857177	0.00102601256931972	0.023	0.00323409551728015	Arbeid_lump	Employed	Other	449	all	metaphlan
Arbeid_lump	1	0.2921190568697085	0.9474014813593612	-1.414138623664373e-4	0.568	0.00254180768359277	Arbeid_lump	Employed	Retired	372	negative	metaphlan
kjonn	1	0.4471710553698074	1.450266630387424	0.00120893088481598	0.015	0.00389095746302585	Arbeid_lump	Employed	Retired	372	negative	metaphlan
age_invitation	2	0.5550878743978274	0.9001314055379815	-5.372163736891438e-4	0.781	0.00482997117453683	Arbeid_lump	Employed	Retired	372	negative	metaphlan
senter	1	0.45242721178802014	1.4673134140866204	0.00125464274919364	0.015	0.00393669271533408	Arbeid_lump	Employed	Retired	372	negative	metaphlan
Total_Reads_QC_ATLAS	1	0.47201130299525573	1.530828602789586	0.00142492530022416	0.012	0.0041070992408109	Arbeid_lump	Employed	Retired	372	negative	metaphlan
Arbeid_lump	1	0.5021976505680499	1.6412307051285373	0.00278020847863208	0.006	0.00706352519057785	Arbeid_lump	Employed	Other	230	negative	metaphlan
kjonn	1	0.5433222812080203	1.775629992873201	0.00336097010285338	0.001	0.00764195255707402	Arbeid_lump	Employed	Other	230	negative	metaphlan
age_invitation	2	0.6621460467735716	1.081978800592781	7.123513294364624e-4	0.245	0.00931323608530681	Arbeid_lump	Employed	Other	230	negative	metaphlan
senter	1	0.4610861608233705	1.506874363106181	0.00219895551708243	0.012	0.00648528265378929	Arbeid_lump	Employed	Other	230	negative	metaphlan
Total_Reads_QC_ATLAS	1	0.43481250562918206	1.4210095057300334	0.00182713159113888	0.026	0.00611573766467437	Arbeid_lump	Employed	Other	230	negative	metaphlan
Arbeid_lump	1	0.2073841456852392	0.7127951271570032	-5.569085653036435e-4	0.972	0.0013790401247798	Arbeid_lump	Employed	Retired	516	positive	metaphlan
kjonn	1	0.3541111485128283	1.2171070276269405	4.2057309738733896e-4	0.123	0.00235472909858898	Arbeid_lump	Employed	Retired	516	positive	metaphlan
age_invitation	2	0.629554746685784	1.0819138421441252	3.173947407807426e-4	0.226	0.00418634343313291	Arbeid_lump	Employed	Retired	516	positive	metaphlan
senter	1	0.48314985481462713	1.6606229037449118	0.00127863993201585	0.006	0.00321279639708895	Arbeid_lump	Employed	Retired	516	positive	metaphlan
Total_Reads_QC_ATLAS	1	0.31993541948921234	1.099642440184249	1.9306822169673873e-4	0.24	0.00212747112059147	Arbeid_lump	Employed	Retired	516	positive	metaphlan
Arbeid_lump	1	0.4108882042567643	1.439608916491068	0.00200332528234847	0.022	0.00657977125793129	Arbeid_lump	Employed	Other	219	positive	metaphlan
kjonn	1	0.4785378881408917	1.676629807109124	0.00308011738755847	0.005	0.00766308161100914	Arbeid_lump	Employed	Other	219	positive	metaphlan
age_invitation	2	0.44158552976395526	0.7735808176722032	-0.00207203956009812	0.978	0.0070713438510967	Arbeid_lump	Employed	Other	219	positive	metaphlan
senter	1	0.321923299571651	1.127906928669015	5.837089874209946e-4	0.218	0.00515512894221782	Arbeid_lump	Employed	Other	219	positive	metaphlan
Total_Reads_QC_ATLAS	1	0.27326756415171616	0.957434206835421	-1.9440213719516727e-4	0.536	0.00437597878377341	Arbeid_lump	Employed	Other	219	positive	metaphlan
Nasj_cat2	1	0.666317892020686	2.2245136237188268	0.00123660200981869	0.001	0.00223671928298572	Nasj_cat2	Native	Non-native	989	all	metaphlan
kjonn	1	0.7587637980158775	2.5331458543793066	0.00154779863833521	0.001	0.00254704494442858	Nasj_cat2	Native	Non-native	989	all	metaphlan
age_invitation	2	0.9305541113126878	1.553335369657442	0.00111772879834102	0.001	0.00312371669672966	Nasj_cat2	Native	Non-native	989	all	metaphlan
senter	1	0.8144246652809102	2.718970607131446	0.00173507387879938	0.001	0.00273388929696705	Nasj_cat2	Native	Non-native	989	all	metaphlan
Total_Reads_QC_ATLAS	1	0.5500028620855346	1.8361939165152048	8.447800976105051e-4	0.002	0.00184626890866358	Nasj_cat2	Native	Non-native	989	all	metaphlan
Nasj_cat2	1	0.23601536235526055	0.7920797696261536	-2.200698278763564e-4	0.916	8.349154407443029e-4	Nasj_cat2	Native	Missing	945	all	metaphlan
kjonn	1	0.7490065946605569	2.5137048920323393	0.0015992424454171	0.001	0.00264964604363377	Nasj_cat2	Native	Missing	945	all	metaphlan
age_invitation	2	0.8955041062080227	1.5026790609435838	0.00106274040971936	0.001	0.00316788787840674	Nasj_cat2	Native	Missing	945	all	metaphlan
senter	1	0.8278052712100816	2.7781573282862295	0.00187811401701958	0.001	0.00292840006669768	Nasj_cat2	Native	Missing	945	all	metaphlan
Total_Reads_QC_ATLAS	1	0.4704213025127615	1.5787582350706166	6.120677204624108e-4	0.007	0.00166413747479602	Nasj_cat2	Native	Missing	945	all	metaphlan
Nasj_cat2	1	0.6315660837235839	2.056266239102891	0.00241677404191485	0.001	0.00468659912637097	Nasj_cat2	Native	Non-native	436	negative	metaphlan
kjonn	1	0.5539988952442627	1.8037213431012145	0.00184000571384763	0.005	0.00411100406651759	Nasj_cat2	Native	Non-native	436	negative	metaphlan
age_invitation	2	0.7079832079212736	1.152533365722529	6.99205108321222e-4	0.122	0.00525366001949742	Nasj_cat2	Native	Non-native	436	negative	metaphlan
senter	1	0.574700387548404	1.871121700436876	0.00199400156514397	0.001	0.00426462155524523	Nasj_cat2	Native	Non-native	436	negative	metaphlan
Total_Reads_QC_ATLAS	1	0.5025328233158746	1.6361570154830405	0.00145694992332135	0.005	0.00372909494575661	Nasj_cat2	Native	Non-native	436	negative	metaphlan
Nasj_cat2	1	0.2664971870980537	0.8717204352885951	-3.1450958299953356e-4	0.766	0.00212934955266563	Nasj_cat2	Native	Missing	408	negative	metaphlan
kjonn	1	0.5873988633559009	1.9213996156148228	0.00225324381771395	0.002	0.00469339853280696	Nasj_cat2	Native	Missing	408	negative	metaphlan
age_invitation	2	0.6998140506402422	1.1445565626565708	7.081088278354521e-4	0.15	0.00559161149844199	Nasj_cat2	Native	Missing	408	negative	metaphlan
senter	1	0.5462030974540824	1.7866470076228769	0.0019243461433519	0.002	0.00436423863941387	Nasj_cat2	Native	Missing	408	negative	metaphlan
Total_Reads_QC_ATLAS	1	0.4385841472415706	1.434622135818001	0.00106411678213086	0.018	0.00350434827438333	Nasj_cat2	Native	Missing	408	negative	metaphlan
Nasj_cat2	1	0.34239369635966455	1.1689595050051638	3.05439237148004e-4	0.157	0.00210703183573254	Nasj_cat2	Native	Non-native	553	positive	metaphlan
kjonn	1	0.4306035577405396	1.470115037343139	8.49395522125743e-4	0.016	0.00264986012997725	Nasj_cat2	Native	Non-native	553	positive	metaphlan
age_invitation	2	0.9186589418725076	1.568187605930413	0.00205071398069899	0.001	0.00565326890443819	Nasj_cat2	Native	Non-native	553	positive	metaphlan
senter	1	0.5324541236031166	1.817841027398018	0.00147673290170794	0.002	0.00327663097021607	Nasj_cat2	Native	Non-native	553	positive	metaphlan
Total_Reads_QC_ATLAS	1	0.3387993679749002	1.1566881799949436	2.8326183763678506e-4	0.166	0.00208491295791646	Nasj_cat2	Native	Non-native	553	positive	metaphlan
Nasj_cat2	1	0.23411327073682744	0.803401349249224	-3.662395772020585e-4	0.871	0.00149261226922211	Nasj_cat2	Native	Missing	537	positive	metaphlan
kjonn	1	0.4323719746812458	1.483761372190428	9.000483492848047e-4	0.01	0.00275663020829985	Nasj_cat2	Native	Missing	537	positive	metaphlan
age_invitation	2	0.903041720659246	1.5494741808582424	0.00204227933368447	0.002	0.00575743163825444	Nasj_cat2	Native	Missing	537	positive	metaphlan
senter	1	0.5439073181005654	1.8665147509717064	0.00161102193054887	0.002	0.00346773480102804	Nasj_cat2	Native	Missing	537	positive	metaphlan
Total_Reads_QC_ATLAS	1	0.30254893112939385	1.038250496087873	7.122490074503853e-5	0.355	0.0019289305780167	Nasj_cat2	Native	Missing	537	positive	metaphlan
wcrf_index_main	1	0.5355541777550172	1.82071669237748	0.00121619960987595	0.002	0.00268979983143754	wcrf_index_main	low	mid	674	all	metaphlan
kjonn	1	0.537259919607493	1.826515681149649	0.00122478246177891	0.005	0.00269836685292264	wcrf_index_main	low	mid	674	all	metaphlan
age_invitation	2	0.8184052354078517	1.391160908764134	0.00115936916577939	0.007	0.00411040816351285	wcrf_index_main	low	mid	674	all	metaphlan
senter	1	0.5570150307899553	1.893676880116405	0.00132417432661048	0.002	0.00279758612323319	wcrf_index_main	low	mid	674	all	metaphlan
Total_Reads_QC_ATLAS	1	0.36836908801834056	1.2523396798477848	3.742511000667822e-4	0.093	0.00185011928207155	wcrf_index_main	low	mid	674	all	metaphlan
wcrf_index_main	1	1.277325693121412	4.267636511883069	0.00528514888846242	0.001	0.00687942445018076	wcrf_index_main	low	high	615	all	metaphlan
kjonn	1	0.6770049399740685	2.261921932767319	0.00204770388670061	0.001	0.00364621518382631	wcrf_index_main	low	high	615	all	metaphlan
age_invitation	2	0.7530877757020562	1.2580600646907267	8.385160233869503e-4	0.032	0.00405598234279354	wcrf_index_main	low	high	615	all	metaphlan
senter	1	0.3959772916876147	1.322988457041872	5.249088090334221e-4	0.047	0.00213265565456155	wcrf_index_main	low	high	615	all	metaphlan
Total_Reads_QC_ATLAS	1	0.479515790587385	1.6020965576402024	9.780612525640202e-4	0.008	0.00258257754602377	wcrf_index_main	low	high	615	all	metaphlan
wcrf_index_main	1	0.36417550358818573	1.2132826168576138	7.693809432371112e-4	0.115	0.00436496810671633	wcrf_index_main	low	mid	277	negative	metaphlan
kjonn	1	0.3875879139046532	1.2912831143535397	0.00105045896532353	0.069	0.00464558671869277	wcrf_index_main	low	mid	277	negative	metaphlan
age_invitation	2	0.5977447691856241	0.9957195509099748	-3.0906724799186156e-5	0.462	0.00716450400354827	wcrf_index_main	low	mid	277	negative	metaphlan
senter	1	0.48006687643093926	1.5993848854848849	0.00215917223927618	0.004	0.00575402953813601	wcrf_index_main	low	mid	277	negative	metaphlan
Total_Reads_QC_ATLAS	1	0.5095579943326811	1.6976371302112172	0.00251221845969146	0.002	0.00610750688025313	wcrf_index_main	low	mid	277	negative	metaphlan
wcrf_index_main	1	0.6777257651043982	2.19573489798268	0.00439292297666175	0.002	0.00804200215411206	wcrf_index_main	low	high	271	negative	metaphlan
kjonn	1	0.5455029795513155	1.767351915519764	0.00282356180796249	0.001	0.00647302546620822	wcrf_index_main	low	high	271	negative	metaphlan
age_invitation	2	0.7585362734444203	1.2287747144533323	0.00168552847349156	0.053	0.00900091255062803	wcrf_index_main	low	high	271	negative	metaphlan
senter	1	0.3441444512659473	1.1149789789611118	4.240967407781413e-4	0.206	0.00408367301482205	wcrf_index_main	low	high	271	negative	metaphlan
Total_Reads_QC_ATLAS	1	0.376383349184593	1.2194284139351046	8.090438624485741e-4	0.115	0.00446622492572366	wcrf_index_main	low	high	271	negative	metaphlan
wcrf_index_main	1	0.4560485151432516	1.5765442786742363	0.00145014661194428	0.01	0.0039602677671938	wcrf_index_main	low	mid	397	positive	metaphlan
kjonn	1	0.39050116174095706	1.3499492968746232	8.807080446187831e-4	0.041	0.00339106282016655	wcrf_index_main	low	mid	397	positive	metaphlan
age_invitation	2	0.7894751653096108	1.3645944605622748	0.0018333804544306601	0.015	0.0068557027297711	wcrf_index_main	low	mid	397	positive	metaphlan
senter	1	0.3737461000705622	1.2920276158732111	7.350452452460528e-4	0.063	0.00324556397855807	wcrf_index_main	low	mid	397	positive	metaphlan
Total_Reads_QC_ATLAS	1	0.2725590298323368	0.9422273394491714	-1.4554425448271545e-4	0.599	0.00236686822708667	wcrf_index_main	low	mid	397	positive	metaphlan
wcrf_index_main	1	0.8162797287219234	2.801130811478171	0.0052085740935882	0.001	0.00809517287156012	wcrf_index_main	low	high	344	positive	metaphlan
kjonn	1	0.40160221959514786	1.378130941738989	0.00109801090070658	0.039	0.00398275159707228	wcrf_index_main	low	high	344	positive	metaphlan
age_invitation	2	0.6684117448188545	1.1468548509084713	8.53078907748028e-4	0.119	0.00662874310521198	wcrf_index_main	low	high	344	positive	metaphlan
senter	1	0.3208323987961137	1.100962679785471	2.934100474442005e-4	0.262	0.0031817447373321	wcrf_index_main	low	high	344	positive	metaphlan
Total_Reads_QC_ATLAS	1	0.3343282031041923	1.1472746387167911	4.279407380790647e-4	0.209	0.00331558472510896	wcrf_index_main	low	high	344	positive	metaphlan
first_round	1	0.42117000036677155	1.4090912413835976	3.9548302972922583e-4	0.033	0.00135635406591473	first_round	No	Yes	1034	all	metaphlan
kjonn	1	0.8051479350525597	2.6937505100378956	0.00163537774482446	0.001	0.00259293319661984	first_round	No	Yes	1034	all	metaphlan
age_invitation	2	0.9702372089832352	1.6230414702521228	0.00120365868660413	0.001	0.00312459382710109	first_round	No	Yes	1034	all	metaphlan
senter	1	0.7867814371373356	2.6323024692831054	0.00157614093862384	0.001	0.00253378493320546	first_round	No	Yes	1034	all	metaphlan
Total_Reads_QC_ATLAS	1	0.5449353137595949	1.82316778752186	7.954671031204429e-4	0.004	0.00175493322846995	first_round	No	Yes	1034	all	metaphlan
first_round	1	0.4289282662156779	1.3951789138471893	8.774048487823183e-4	0.039	0.00308491966474391	first_round	No	Yes	450	negative	metaphlan
kjonn	1	0.5844892500659284	1.9011735557952227	0.00199860547864311	0.002	0.00420373876794855	first_round	No	Yes	450	negative	metaphlan
age_invitation	2	0.755670250430029	1.2289877845115835	0.00101668877866941	0.047	0.00543489949072595	first_round	No	Yes	450	negative	metaphlan
senter	1	0.5714793536475327	1.8588561461397	0.00190493351618075	0.002	0.00411016954330527	first_round	No	Yes	450	negative	metaphlan
Total_Reads_QC_ATLAS	1	0.5130471858813621	1.6687932969901171	0.00148400179230822	0.004	0.00368991618722349	first_round	No	Yes	450	negative	metaphlan
first_round	1	0.4508731436433493	1.54776859411218	9.37080977025386e-4	0.01	0.00263969359226171	first_round	No	Yes	584	positive	metaphlan
kjonn	1	0.45050145521480545	1.5464926527867633	9.349002340372828e-4	0.009	0.00263751749555473	first_round	No	Yes	584	positive	metaphlan
age_invitation	2	0.926994050505158	1.591104170351362	0.00202023971995816	0.002	0.00542720339342015	first_round	No	Yes	584	positive	metaphlan
senter	1	0.5198185680723668	1.7844461699302223	0.00134142789718157	0.002	0.00304334326101422	first_round	No	Yes	584	positive	metaphlan
Total_Reads_QC_ATLAS	1	0.349404326173385	1.199443901954551	3.4139693907004725e-4	0.145	0.00204563162368788	first_round	No	Yes	584	positive	metaphlan
Tarmkreft_Familie	1	0.2067306324760807	0.6906612533366583	-3.352572640576545e-4	0.978	7.455586109379451e-4	Tarmkreft_Familie	No	Yes	923	all	metaphlan
kjonn	1	0.7543257575272833	2.5201082533242714	0.00164421329482619	0.001	0.00272041959742867	Tarmkreft_Familie	No	Yes	923	all	metaphlan
age_invitation	2	0.857353501882244	1.4321555472217598	9.355390007647602e-4	0.003	0.00309198147507272	Tarmkreft_Familie	No	Yes	923	all	metaphlan
senter	1	0.6924148105090353	2.3132715027627406	0.00142080779671983	0.002	0.00249714238346224	Tarmkreft_Familie	No	Yes	923	all	metaphlan
Total_Reads_QC_ATLAS	1	0.5620374790547658	1.8776971030215055	9.50014385858298e-4	0.001	0.00202694625929526	Tarmkreft_Familie	No	Yes	923	all	metaphlan
Tarmkreft_Familie	1	0.3127496449015723	1.0447440240718258	5.3905556771441065e-5	0.37	0.0012534177538446301	Tarmkreft_Familie	No	Unknown	830	all	metaphlan
kjonn	1	0.7126035562837387	2.3804609184898364	0.00166044426514995	0.001	0.0028559263406357	Tarmkreft_Familie	No	Unknown	830	all	metaphlan
age_invitation	2	0.9535558770319597	1.592682550385048	0.00142611401805226	0.003	0.00382159943276962	Tarmkreft_Familie	No	Unknown	830	all	metaphlan
senter	1	0.6309628787314239	2.1077392339590704	0.00133284673173671	0.001	0.00252873212523641	Tarmkreft_Familie	No	Unknown	830	all	metaphlan
Total_Reads_QC_ATLAS	1	0.48993716160129003	1.6366410964743092	7.664495700959169e-4	0.003	0.00196353839766171	Tarmkreft_Familie	No	Unknown	830	all	metaphlan
Tarmkreft_Familie	1	0.25228182601941285	0.8196378311188642	-4.5337673591091697e-4	0.859	0.00205095000960185	Tarmkreft_Familie	No	Yes	398	negative	metaphlan
kjonn	1	0.5888461133879304	1.913100752659517	0.00228897158538213	0.001	0.00478708260901067	Tarmkreft_Familie	No	Yes	398	negative	metaphlan
age_invitation	2	0.7384141804620583	1.1995160469758988	0.00100158901454784	0.074	0.00600301097548051	Tarmkreft_Familie	No	Yes	398	negative	metaphlan
senter	1	0.5617418104465202	1.825041646589876	0.0020686806505018	0.001	0.00456673550254229	Tarmkreft_Familie	No	Yes	398	negative	metaphlan
Total_Reads_QC_ATLAS	1	0.5111790043741848	1.6607682648789652	0.00165747000326838	0.002	0.00415568017907411	Tarmkreft_Familie	No	Yes	398	negative	metaphlan
Tarmkreft_Familie	1	0.27408502877079854	0.8906094143836679	-2.9179334683045546e-4	0.725	0.0023666514247091	Tarmkreft_Familie	No	Unknown	375	negative	metaphlan
kjonn	1	0.5807523441488769	1.8870914162805212	0.00235999436144004	0.001	0.00501464224020954	Tarmkreft_Familie	No	Unknown	375	negative	metaphlan
age_invitation	2	0.7054523850614487	1.1461453008813096	7.788345486499225e-4	0.126	0.00609139397236567	Tarmkreft_Familie	No	Unknown	375	negative	metaphlan
senter	1	0.5216948455744159	1.6951905143733654	0.00185041100319001	0.004	0.00450469642606627	Tarmkreft_Familie	No	Unknown	375	negative	metaphlan
Total_Reads_QC_ATLAS	1	0.4545895790005119	1.4771392678916675	0.00127075450937438	0.022	0.00392526027278618	Tarmkreft_Familie	No	Unknown	375	negative	metaphlan
Tarmkreft_Familie	1	0.2267189285554423	0.7759671280380045	-4.269114555456284e-4	0.929	0.00147572598753094	Tarmkreft_Familie	No	Yes	525	positive	metaphlan
kjonn	1	0.4116700991835103	1.408980126176063	7.784033803111762e-4	0.021	0.00267958333927104	Tarmkreft_Familie	No	Yes	525	positive	metaphlan
age_invitation	2	0.8500772451227476	1.4547351707933145	0.00172932870175529	0.004	0.0055331995878305	Tarmkreft_Familie	No	Yes	525	positive	metaphlan
senter	1	0.4364789331380621	1.4938907234356018	9.398600671754214e-4	0.017	0.00284106540528265	Tarmkreft_Familie	No	Yes	525	positive	metaphlan
Total_Reads_QC_ATLAS	1	0.35400998857886634	1.2116329054860278	4.02947863731175e-4	0.122	0.00230427050498172	Tarmkreft_Familie	No	Yes	525	positive	metaphlan
Tarmkreft_Familie	1	0.3693870925617944	1.266530921016041	5.854393040420565e-4	0.065	0.00277461730612346	Tarmkreft_Familie	No	Unknown	455	positive	metaphlan
kjonn	1	0.3661865577407468	1.2555571311996925	5.613487352248697e-4	0.074	0.00275057678201705	Tarmkreft_Familie	No	Unknown	455	positive	metaphlan
age_invitation	2	1.0105200819571962	1.73240342702601	0.00320902473105746	0.001	0.00759042902159526	Tarmkreft_Familie	No	Unknown	455	positive	metaphlan
senter	1	0.39716452259276025	1.3617724027813858	7.94472493535068e-4	0.04	0.00298326492710296	Tarmkreft_Familie	No	Unknown	455	positive	metaphlan
Total_Reads_QC_ATLAS	1	0.30326609305737406	1.039819451971342	8.750762080404004e-5	0.4	0.00227795547570919	Tarmkreft_Familie	No	Unknown	455	positive	metaphlan
Energi_kcal	1	0.2912086866602692	0.9668837664984646	-5.2568213274223744e-5	0.544	0.00153243292080446	Energi_kcal	low	mid	630	all	metaphlan
kjonn	1	0.468976482110861	1.557116144517864	8.835300248838649e-4	0.011	0.00246790371713112	Energi_kcal	low	mid	630	all	metaphlan
age_invitation	2	0.7141429669932222	1.1855642935376112	5.88746169113228e-4	0.07	0.00375804789799459	Energi_kcal	low	mid	630	all	metaphlan
senter	1	0.4368327290768548	1.4503910555126234	7.14395711228872e-4	0.02	0.00229875304407793	Energi_kcal	low	mid	630	all	metaphlan
Total_Reads_QC_ATLAS	1	0.43612780936035733	1.448050550363609	7.106859161075577e-4	0.011	0.0022950435318636	Energi_kcal	low	mid	630	all	metaphlan
Energi_kcal	1	0.4583839236304641	1.5285273811466331	8.382291334887455e-4	0.015	0.00241456597562187	Energi_kcal	low	high	630	all	metaphlan
kjonn	1	0.45788564221541606	1.5268658115601932	8.355961341663954e-4	0.005	0.00241194124711584	Energi_kcal	low	high	630	all	metaphlan
age_invitation	2	0.979997716040316	1.6339505654613586	0.00200849928952709	0.001	0.00516219923813409	Energi_kcal	low	high	630	all	metaphlan
senter	1	0.4940443604000677	1.647440700781137	0.00102662860260194	0.003	0.00260240955577569	Energi_kcal	low	high	630	all	metaphlan
Total_Reads_QC_ATLAS	1	0.44502800126011266	1.483990712229752	7.676494873137209e-4	0.017	0.00234421281953149	Energi_kcal	low	high	630	all	metaphlan
Energi_kcal	1	0.2228436404641911	0.7201455596466081	-0.00102241082687283	0.962	0.00262288380380904	Energi_kcal	low	mid	274	negative	metaphlan
kjonn	1	0.460181410972055	1.4871306134342603	0.00177469381659388	0.017	0.00541636443893292	Energi_kcal	low	mid	274	negative	metaphlan
age_invitation	2	0.771457598814365	1.2465282004111595	0.00179624361828062	0.04	0.00908010494282319	Energi_kcal	low	mid	274	negative	metaphlan
senter	1	0.383640675003889	1.239780179629013	8.743449964551294e-4	0.103	0.00451547511454232	Energi_kcal	low	mid	274	negative	metaphlan
Total_Reads_QC_ATLAS	1	0.47899249091938145	1.5479208413627137	0.0019957202359558498	0.014	0.00563777204483643	Energi_kcal	low	mid	274	negative	metaphlan
Energi_kcal	1	0.3839378675461376	1.2584308698785778	9.0914056300014e-4	0.096	0.00442293123957668	Energi_kcal	low	high	284	negative	metaphlan
kjonn	1	0.37970237753030744	1.2445482293902894	8.603444847530891e-4	0.095	0.00437413875858058	Energi_kcal	low	high	284	negative	metaphlan
age_invitation	2	0.6518103760579095	1.0682175006348755	4.8017425596664994e-4	0.261	0.00750879951741232	Energi_kcal	low	high	284	negative	metaphlan
senter	1	0.3973598333071635	1.3024239673974063	0.00106374037610065	0.05	0.00457755113169721	Energi_kcal	low	high	284	negative	metaphlan
Total_Reads_QC_ATLAS	1	0.4191510748596557	1.3738489905083178	0.00131463913378615	0.037	0.0048285843617031	Energi_kcal	low	high	284	negative	metaphlan
Energi_kcal	1	0.2941523735083109	1.001116530259526	3.136311117246593e-6	0.441	0.0028172961448465	Energi_kcal	low	mid	356	positive	metaphlan
kjonn	1	0.3037372474694564	1.0337376362819315	9.475966099706376e-5	0.401	0.00290909696269308	Energi_kcal	low	mid	356	positive	metaphlan
age_invitation	2	0.6561162580116786	1.1165111874389777	6.541290678906693e-4	0.175	0.00628406897493618	Energi_kcal	low	mid	356	positive	metaphlan
senter	1	0.3250027626361174	1.1061125707552293	2.979802003093827e-4	0.243	0.00311277117814358	Energi_kcal	low	mid	356	positive	metaphlan
Total_Reads_QC_ATLAS	1	0.28269303466622375	0.9621158810251442	-1.0642739012012729e-4	0.542	0.00270754230959013	Energi_kcal	low	mid	356	positive	metaphlan
Energi_kcal	1	0.3233703927384255	1.0929486152865056	2.685654696473643e-4	0.259	0.00315165384457356	Energi_kcal	low	high	346	positive	metaphlan
kjonn	1	0.3584020354363986	1.2113508754740432	6.104677820053981e-4	0.106	0.00349308155060385	Energi_kcal	low	high	346	positive	metaphlan
age_invitation	2	0.8801386212012972	1.487375327029786	0.0028092841113716	0.004	0.00857806506580999	Energi_kcal	low	high	346	positive	metaphlan
senter	1	0.3544038040095643	1.197837388773706	5.714576100934401e-4	0.13	0.00345411372383045	Energi_kcal	low	high	346	positive	metaphlan
Total_Reads_QC_ATLAS	1	0.32999161300813284	1.1153274529531232	3.3320527525265226e-4	0.233	0.00321618601816582	Energi_kcal	low	high	346	positive	metaphlan
ROKJOT_nonproc	1	0.42535310995017994	1.3989846578816711	6.329081543464107e-4	0.023	0.0022119632094683	ROKJOT_nonproc	low	mid	630	all	metaphlan
kjonn	1	0.5518026669464859	1.814876739297241	0.00129178427672689	0.002	0.00286953867179924	ROKJOT_nonproc	low	mid	630	all	metaphlan
age_invitation	2	0.882668718180895	1.4515469216526768	0.0014314303608878	0.001	0.00459014095604794	ROKJOT_nonproc	low	mid	630	all	metaphlan
senter	1	0.5750243072521641	1.8912526203206463	0.00141268818773275	0.002	0.00299029813686036	ROKJOT_nonproc	low	mid	630	all	metaphlan
Total_Reads_QC_ATLAS	1	0.4351689790809132	1.431269011743051	6.840856933050034e-4	0.024	0.00226300866059638	ROKJOT_nonproc	low	mid	630	all	metaphlan
ROKJOT_nonproc	1	0.5441698565429363	1.808947054299602	0.00128239629142414	0.001	0.00286060717467543	ROKJOT_nonproc	low	high	630	all	metaphlan
kjonn	1	0.5310393034183107	1.7652980445087747	0.00121328495223396	0.004	0.00279158211931058	ROKJOT_nonproc	low	high	630	all	metaphlan
age_invitation	2	0.7361322481138757	1.2235373255147135	7.091390681396942e-4	0.052	0.00386972039179527	ROKJOT_nonproc	low	high	630	all	metaphlan
senter	1	0.4778756545014744	1.588569721637511	9.33365668041406e-4	0.01	0.0025121099771203	ROKJOT_nonproc	low	high	630	all	metaphlan
Total_Reads_QC_ATLAS	1	0.4640105168657555	1.542478782233165	8.60336615672356e-4	0.009	0.00243922333755049	ROKJOT_nonproc	low	high	630	all	metaphlan
ROKJOT_nonproc	1	0.405241273762897	1.3031972802022664	0.00108167613906729	0.067	0.00463657424657622	ROKJOT_nonproc	low	mid	280	negative	metaphlan
kjonn	1	0.4698955124097069	1.5111159533810727	0.00182208805395796	0.01	0.00537631670927805	ROKJOT_nonproc	low	mid	280	negative	metaphlan
age_invitation	2	0.7021338229022547	1.128980372418343	9.20440383392172e-4	0.163	0.00803347489926079	ROKJOT_nonproc	low	mid	280	negative	metaphlan
senter	1	0.38061432535872086	1.2240005787360144	7.993625752019619e-4	0.12	0.0043548046388502	ROKJOT_nonproc	low	mid	280	negative	metaphlan
Total_Reads_QC_ATLAS	1	0.5230109061375288	1.6819273714783072	0.0024295378682354	0.005	0.00598403730093542	ROKJOT_nonproc	low	mid	280	negative	metaphlan
ROKJOT_nonproc	1	0.4935234905269823	1.590177065407046	0.00214930144885141	0.008	0.00578106586476194	ROKJOT_nonproc	low	high	274	negative	metaphlan
kjonn	1	0.41334837033762994	1.3318456185994676	0.00120965037016092	0.05	0.00484190560303877	ROKJOT_nonproc	low	high	274	negative	metaphlan
age_invitation	2	0.6976800631565112	1.1239939503574323	9.042469285304046e-4	0.18	0.00817252770143177	ROKJOT_nonproc	low	high	274	negative	metaphlan
senter	1	0.4715317365303804	1.5193176564736872	0.00189173447212027	0.012	0.00552345750208757	ROKJOT_nonproc	low	high	274	negative	metaphlan
Total_Reads_QC_ATLAS	1	0.3928503243778749	1.265799071278981	9.691294801576866e-4	0.085	0.00460179432957998	ROKJOT_nonproc	low	high	274	negative	metaphlan
ROKJOT_nonproc	1	0.3308173593710819	1.1131497553606708	3.2318053589170694e-4	0.212	0.00317370602547498	ROKJOT_nonproc	low	mid	350	positive	metaphlan
kjonn	1	0.3412870342283867	1.148378608006949	4.237592320056388e-4	0.175	0.00327414715783443	ROKJOT_nonproc	low	mid	350	positive	metaphlan
age_invitation	2	0.8886128379437821	1.495023062042401	0.00282072422001048	0.002	0.00852493328481339	ROKJOT_nonproc	low	mid	350	positive	metaphlan
senter	1	0.4777200829519472	1.607454924613983	0.00173257846084475	0.011	0.00458302160635509	ROKJOT_nonproc	low	mid	350	positive	metaphlan
Total_Reads_QC_ATLAS	1	0.2971313576333614	0.9998015179383376	-5.670919263425837e-7	0.461	0.00285053838127272	ROKJOT_nonproc	low	mid	350	positive	metaphlan
ROKJOT_nonproc	1	0.40179172112186734	1.3732125641887365	0.00104725201286422	0.036	0.00385542574461525	ROKJOT_nonproc	low	high	356	positive	metaphlan
kjonn	1	0.367576698208282	1.2562751140646955	7.193560702408468e-4	0.089	0.00352711265786146	ROKJOT_nonproc	low	high	356	positive	metaphlan
age_invitation	2	0.6389059883789372	1.0918016530152317	5.154737734311495e-4	0.204	0.00613067533872327	ROKJOT_nonproc	low	high	356	positive	metaphlan
senter	1	0.3136414935832619	1.0719395572334895	2.0203658093065287e-4	0.276	0.00300957293386769	ROKJOT_nonproc	low	high	356	positive	metaphlan
Total_Reads_QC_ATLAS	1	0.3748943243274283	1.2812847287446345	7.895018368949443e-4	0.073	0.00359732954548287	ROKJOT_nonproc	low	high	356	positive	metaphlan
GRSAK_modified	1	0.3376446558446844	1.130778303440414	2.075415262090841e-4	0.199	0.00179010444444242	GRSAK_modified	low	mid	630	all	metaphlan
kjonn	1	0.5722846196900946	1.916591955881228	0.00145279418479031	0.002	0.00303410471174323	GRSAK_modified	low	mid	630	all	metaphlan
age_invitation	2	0.8799494094034799	1.4734835618668451	0.00150086643264263	0.004	0.00466526367703638	GRSAK_modified	low	mid	630	all	metaphlan
senter	1	0.39557853510660834	1.3247999548112408	5.152898233331865e-4	0.062	0.00209725485525261	GRSAK_modified	low	mid	630	all	metaphlan
Total_Reads_QC_ATLAS	1	0.38349041873590295	1.2843166257111225	4.510926548723907e-4	0.083	0.00203316679561488	GRSAK_modified	low	mid	630	all	metaphlan
GRSAK_modified	1	0.5196700550663138	1.7447095343308785	0.00118068296582413	0.002	0.0027565628940133	GRSAK_modified	low	high	630	all	metaphlan
kjonn	1	0.5825112391762843	1.9556888124255472	0.00151466866750077	0.002	0.00308990070065544	GRSAK_modified	low	high	630	all	metaphlan
age_invitation	2	0.8332827827308051	1.3988071870320498	0.00126445369463796	0.004	0.00442010536628433	GRSAK_modified	low	high	630	all	metaphlan
senter	1	0.4887265803328376	1.6408217407847727	0.00101614376788341	0.006	0.00259242483481485	GRSAK_modified	low	high	630	all	metaphlan
Total_Reads_QC_ATLAS	1	0.44549265295884766	1.4956707078157028	7.861603669050512e-4	0.014	0.00236309270609252	GRSAK_modified	low	high	630	all	metaphlan
GRSAK_modified	1	0.2945247658328327	0.9638844474870748	-1.3039805743976951e-4	0.523	0.00347107087669401	GRSAK_modified	low	mid	277	negative	metaphlan
kjonn	1	0.4812762349542368	1.5750616981419585	0.0020717340189852	0.011	0.00567199813594884	GRSAK_modified	low	mid	277	negative	metaphlan
age_invitation	2	0.7240535172086595	1.184796671363556	0.00133249408586192	0.083	0.00853320796179605	GRSAK_modified	low	mid	277	negative	metaphlan
senter	1	0.36953017655157794	1.209352935221017	7.552159874993074e-4	0.131	0.00435503422016401	GRSAK_modified	low	mid	277	negative	metaphlan
Total_Reads_QC_ATLAS	1	0.46203310995213087	1.5120851642055655	0.00184527158124505	0.015	0.0054452116021152	GRSAK_modified	low	mid	277	negative	metaphlan
GRSAK_modified	1	0.40230198287375174	1.306026439743173	0.00109175833152826	0.059	0.00465373790304889	GRSAK_modified	low	high	280	negative	metaphlan
kjonn	1	0.40307753307315863	1.308544172960738	0.00110073053203242	0.059	0.00466270929148928	GRSAK_modified	low	high	280	negative	metaphlan
age_invitation	2	0.6189349567367515	1.0046500544258627	3.321357129248926e-5	0.446	0.00715969890854763	GRSAK_modified	low	high	280	negative	metaphlan
senter	1	0.4258598167055112	1.3825041981364476	0.00136422277570552	0.037	0.00492624957061129	GRSAK_modified	low	high	280	negative	metaphlan
Total_Reads_QC_ATLAS	1	0.444821117295092	1.444059847763165	0.00158341684257537	0.012	0.00514558958632413	GRSAK_modified	low	high	280	negative	metaphlan
GRSAK_modified	1	0.3939355592915632	1.348840770789432	9.872418713146945e-4	0.059	0.00381828425178512	GRSAK_modified	low	mid	353	positive	metaphlan
kjonn	1	0.32910051556766007	1.126844689734992	3.592043245719271e-4	0.215	0.00318986008296934	GRSAK_modified	low	mid	353	positive	metaphlan
age_invitation	2	0.8230283068754289	1.4090301188140928	0.0023120929357839	0.006	0.00797733524885964	GRSAK_modified	low	mid	353	positive	metaphlan
senter	1	0.30520386239065544	1.045022220728831	1.2752543697013943e-4	0.321	0.00295823789922889	GRSAK_modified	low	mid	353	positive	metaphlan
Total_Reads_QC_ATLAS	1	0.2701375161318964	0.924954569051247	-2.1263849432350085e-4	0.611	0.00261835165507197	GRSAK_modified	low	mid	353	positive	metaphlan
GRSAK_modified	1	0.3991254778876794	1.379898768593508	0.00108424818298269	0.038	0.00392885533288697	GRSAK_modified	low	high	350	positive	metaphlan
kjonn	1	0.4560249874415234	1.576617764289943	0.00164476960262544	0.011	0.00448895473504086	GRSAK_modified	low	high	350	positive	metaphlan
age_invitation	2	0.8336017269723754	1.4410079790375	0.00251371092834916	0.004	0.00820569162322651	GRSAK_modified	low	high	350	positive	metaphlan
senter	1	0.34032072969021954	1.1765927805754703	5.042963585122473e-4	0.155	0.00335000141011213	GRSAK_modified	low	high	350	positive	metaphlan
Total_Reads_QC_ATLAS	1	0.31852223591334905	1.1012287249429162	2.891413015360952e-4	0.24	0.00313542445807836	GRSAK_modified	low	high	350	positive	metaphlan
FRUKTB_modified	1	0.3884117247915242	1.3160285646192638	5.013811331102217e-4	0.062	0.00208140834044325	FRUKTB_modified	low	mid	630	all	metaphlan
kjonn	1	0.5811605801426651	1.9691061708010005	0.00153590114210546	0.001	0.00311430474786785	FRUKTB_modified	low	mid	630	all	metaphlan
age_invitation	2	0.7902020175529856	1.3386934025712949	0.00107406230081288	0.018	0.00423450932345738	FRUKTB_modified	low	mid	630	all	metaphlan
senter	1	0.4878315231238446	1.652885786332246	0.00103525378389126	0.005	0.00261417597912653	FRUKTB_modified	low	mid	630	all	metaphlan
Total_Reads_QC_ATLAS	1	0.43509103115755465	1.474188827642432	7.521145766873965e-4	0.016	0.00233155191591979	FRUKTB_modified	low	mid	630	all	metaphlan
FRUKTB_modified	1	0.7557579195387802	2.5215327609843228	0.00240931256030534	0.001	0.00397496932811602	FRUKTB_modified	low	high	630	all	metaphlan
kjonn	1	0.7065045283655706	2.3572023104233595	0.00214965839536911	0.001	0.00371591717112547	FRUKTB_modified	low	high	630	all	metaphlan
age_invitation	2	0.932207463172233	1.5551220818548472	0.0017591921125934	0.002	0.00490301983975482	FRUKTB_modified	low	high	630	all	metaphlan
senter	1	0.5818428470421395	1.9412774416661096	0.00149186219909845	0.002	0.00306024907047967	FRUKTB_modified	low	high	630	all	metaphlan
Total_Reads_QC_ATLAS	1	0.3319231043879256	1.1074379245043782	1.7050731040132674e-4	0.241	0.00174577616075825	FRUKTB_modified	low	high	630	all	metaphlan
FRUKTB_modified	1	0.42850512203132496	1.4233256177503393	0.00148836462983794	0.023	0.00499437700959184	FRUKTB_modified	low	mid	284	negative	metaphlan
kjonn	1	0.44456075173258114	1.4766561099381097	0.00167555438979113	0.011	0.00518151098706763	FRUKTB_modified	low	mid	284	negative	metaphlan
age_invitation	2	0.6833602905343383	1.1349271661678473	9.4928930459228e-4	0.162	0.00796480309998068	FRUKTB_modified	low	mid	284	negative	metaphlan
senter	1	0.36194877068012943	1.2022515744505164	7.116466295747622e-4	0.118	0.00421863946541744	FRUKTB_modified	low	mid	284	negative	metaphlan
Total_Reads_QC_ATLAS	1	0.4335178413387694	1.4399759013480131	0.00154681457820334	0.015	0.00505280200564779	FRUKTB_modified	low	mid	284	negative	metaphlan
FRUKTB_modified	1	0.5135982820388705	1.6470501412418097	0.00248247636369251	0.005	0.00631900342124277	FRUKTB_modified	low	high	260	negative	metaphlan
kjonn	1	0.4595970830583411	1.4738745572912066	0.0018192786439585	0.014	0.00565460524655544	FRUKTB_modified	low	high	260	negative	metaphlan
age_invitation	2	0.694782068231234	1.114042768084964	8.76483165527595e-4	0.19	0.00854817942291915	FRUKTB_modified	low	high	260	negative	metaphlan
senter	1	0.418343318709276	1.3415785181998188	0.00131203982146839	0.049	0.005147043817366	FRUKTB_modified	low	high	260	negative	metaphlan
Total_Reads_QC_ATLAS	1	0.3248230325428949	1.041669803692758	1.6024279387305462e-4	0.353	0.00399642663481818	FRUKTB_modified	low	high	260	negative	metaphlan
FRUKTB_modified	1	0.3077248798571901	1.064154310292709	1.853827086499857e-4	0.328	0.00306723394350083	FRUKTB_modified	low	mid	346	positive	metaphlan
kjonn	1	0.4095996838211136	1.4164511794920576	0.00120216917549414	0.023	0.00408266648457666	FRUKTB_modified	low	mid	346	positive	metaphlan
age_invitation	2	0.8131658406115321	1.4060188026901537	0.00234143431406577	0.004	0.00810519405898082	FRUKTB_modified	low	mid	346	positive	metaphlan
senter	1	0.43011665814609046	1.487401655359402	0.00140669372978878	0.014	0.00428716850630695	FRUKTB_modified	low	mid	346	positive	metaphlan
Total_Reads_QC_ATLAS	1	0.31507262739337705	1.0895638163918082	2.587879721196213e-4	0.278	0.00314047228764033	FRUKTB_modified	low	mid	346	positive	metaphlan
FRUKTB_modified	1	0.4898825939389013	1.6840277128147985	0.00184531207625904	0.002	0.00452856150806721	FRUKTB_modified	low	high	370	positive	metaphlan
kjonn	1	0.4324576253871868	1.4866227842766215	0.00131346924382737	0.009	0.00399771492277764	FRUKTB_modified	low	high	370	positive	metaphlan
age_invitation	2	0.8821760012106381	1.5162906908712728	0.00278299382199041	0.001	0.00815499128128118	FRUKTB_modified	low	high	370	positive	metaphlan
senter	1	0.375473325098298	1.2907327035324634	7.851471232071961e-4	0.063	0.00347094195299829	FRUKTB_modified	low	high	370	positive	metaphlan
Total_Reads_QC_ATLAS	1	0.306273653106544	1.0528508787980615	1.428198125552927e-4	0.364	0.00283124792257144	FRUKTB_modified	low	high	370	positive	metaphlan
PROKJOT_red	1	0.3730866838753286	1.2337407747665363	3.70879500166385e-4	0.102	0.00195066448696187	PROKJOT_red	low	mid	630	all	metaphlan
kjonn	1	0.5603633875754781	1.8530362776742573	0.00135219493070457	0.003	0.00292983107459928	PROKJOT_red	low	mid	630	all	metaphlan
age_invitation	2	0.86196292123131	1.4251899735656397	0.001347989910385	0.005	0.00450672868315421	PROKJOT_red	low	mid	630	all	metaphlan
senter	1	0.5572521452803585	1.842747873811122	0.00133590800029248	0.002	0.00291356410470268	PROKJOT_red	low	mid	630	all	metaphlan
Total_Reads_QC_ATLAS	1	0.46118120770265136	1.5250559322802495	8.327281007158608e-4	0.011	0.00241126216185288	PROKJOT_red	low	mid	630	all	metaphlan
PROKJOT_red	1	0.4629462523083703	1.54294062554319	8.610684388989505e-4	0.017	0.00244054882756638	PROKJOT_red	low	high	630	all	metaphlan
kjonn	1	0.3725647759920321	1.2417107291789842	3.835206795490083e-4	0.09	0.00196407795225918	PROKJOT_red	low	high	630	all	metaphlan
age_invitation	2	0.8444528740748183	1.4072266912950957	0.00129111401652717	0.003	0.00445176618556049	PROKJOT_red	low	high	630	all	metaphlan
senter	1	0.5511331157286463	1.8368561579228275	0.00132658095314794	0.001	0.0029054501958223	PROKJOT_red	low	high	630	all	metaphlan
Total_Reads_QC_ATLAS	1	0.3834049425798298	1.2778396174302018	4.408208570348062e-4	0.075	0.0020212248796283	PROKJOT_red	low	high	630	all	metaphlan
PROKJOT_red	1	0.3436095727456774	1.1094777071724435	3.9650108385105864e-4	0.227	0.00400981988976217	PROKJOT_red	low	mid	276	negative	metaphlan
kjonn	1	0.436773299971648	1.4102931869286293	0.00148436290920309	0.02	0.00509701243637836	PROKJOT_red	low	mid	276	negative	metaphlan
age_invitation	2	0.68111499211109106	1.0996228855467718	7.213841968948499e-4	0.198	0.00794840615399187	PROKJOT_red	low	mid	276	negative	metaphlan
senter	1	0.4324851800969185	1.3964473171273917	0.00143434302783393	0.031	0.00504697137312748	PROKJOT_red	low	mid	276	negative	metaphlan
Total_Reads_QC_ATLAS	1	0.4145029268843672	1.3383845894081543	0.00122452980938907	0.053	0.00483712391160813	PROKJOT_red	low	mid	276	negative	metaphlan
PROKJOT_red	1	0.3453590086889875	1.1287856300373638	4.5647816386323544e-4	0.212	0.00398969320301116	PROKJOT_red	low	high	282	negative	metaphlan
kjonn	1	0.36028108804393355	1.1775575697359428	6.292405791061613e-4	0.15	0.00416207764088415	PROKJOT_red	low	high	282	negative	metaphlan
age_invitation	2	0.7230127025223254	1.1815622705771684	0.00128601970156131	0.093	0.00835246451480806	PROKJOT_red	low	high	282	negative	metaphlan
senter	1	0.449903210251108	1.470482210865007	0.00166559778983841	0.015	0.00519741988710713	PROKJOT_red	low	high	282	negative	metaphlan
Total_Reads_QC_ATLAS	1	0.4409232630368223	1.4411317809675546	0.00156185389212238	0.024	0.00509368078239914	PROKJOT_red	low	high	282	negative	metaphlan
PROKJOT_red	1	0.3001350525365609	1.0132705799395392	3.7486108692477714e-5	0.391	0.00286002686672131	PROKJOT_red	low	mid	354	positive	metaphlan
kjonn	1	0.37209639389709537	1.2562155791236431	7.232493541568286e-4	0.099	0.00354575606734962	PROKJOT_red	low	mid	354	positive	metaphlan
age_invitation	2	0.7788307767410032	1.314685349401143	0.00177472807049822	0.018	0.0074215821420504	PROKJOT_red	low	mid	354	positive	metaphlan
senter	1	0.33954513330503744	1.146320935298728	4.131651993794407e-4	0.184	0.0032355707722562	PROKJOT_red	low	mid	354	positive	metaphlan
Total_Reads_QC_ATLAS	1	0.3822677635922674	1.290554619441338	8.201026407645418e-4	0.056	0.00364268040309013	PROKJOT_red	low	mid	354	positive	metaphlan
PROKJOT_red	1	0.4385506207895844	1.4889987045349673	0.00140319696275279	0.016	0.00427327026745083	PROKJOT_red	low	high	348	positive	metaphlan
kjonn	1	0.2791778168038377	0.9478846633653826	-1.4977914489992754e-4	0.57	0.00272032966623498	PROKJOT_red	low	high	348	positive	metaphlan
age_invitation	2	0.7260960790785163	1.2326468939540802	0.00133526579605761	0.038	0.00707513486231632	PROKJOT_red	low	high	348	positive	metaphlan
senter	1	0.38445083490034904	1.305315208751386	8.765734986513201e-4	0.067	0.00374611788057314	PROKJOT_red	low	high	348	positive	metaphlan
Total_Reads_QC_ATLAS	1	0.27719214586282703	0.9411427701411196	-1.6915858064466666e-4	0.596	0.00270098113908461	PROKJOT_red	low	high	348	positive	metaphlan
FISK_modified	1	0.2907922979063642	0.9619216377928932	-6.044549821060536e-5	0.574	0.00152232174637096	FISK_modified	low	mid	630	all	metaphlan
kjonn	1	0.6361262030394528	2.1042632954044724	0.00174973195338342	0.001	0.00333017332059866	FISK_modified	low	mid	630	all	metaphlan
age_invitation	2	0.7357214264551146	1.2168588449390614	6.879671529425977e-4	0.05	0.00385156255797508	FISK_modified	low	mid	630	all	metaphlan
senter	1	0.4106149048639338	1.358286875658834	5.683860799778899e-4	0.043	0.0021496030106674	FISK_modified	low	mid	630	all	metaphlan
Total_Reads_QC_ATLAS	1	0.5678701804449986	1.878476899010893	0.00139246611063499	0.001	0.00297284739324626	FISK_modified	low	mid	630	all	metaphlan
FISK_modified	1	0.3773677047631452	1.2666396477568598	4.230584818924879e-4	0.068	0.00200181897225687	FISK_modified	low	high	630	all	metaphlan
kjonn	1	0.4883035520716419	1.6389972734488565	0.00101325366209756	0.005	0.0025902993351563	FISK_modified	low	high	630	all	metaphlan
age_invitation	2	0.9443619821049084	1.5848816860455834	0.00185332606213831	0.002	0.00500954826974992	FISK_modified	low	high	630	all	metaphlan
senter	1	0.6336130689859658	2.1267305717595866	0.00178526834180964	0.002	0.00336112138520732	FISK_modified	low	high	630	all	metaphlan
Total_Reads_QC_ATLAS	1	0.3603704036854936	1.2095879838808348	3.3256870075768446e-4	0.116	0.00191165354648001	FISK_modified	low	high	630	all	metaphlan
FISK_modified	1	0.24675447157164856	0.7958235908231118	-7.094488260092969e-4	0.894	0.00276014348869871	FISK_modified	low	mid	288	negative	metaphlan
kjonn	1	0.4854212306578489	1.5655629840601817	0.00195991156467766	0.007	0.00542981953089891	FISK_modified	low	mid	288	negative	metaphlan
age_invitation	2	0.6805770450079223	1.097486226572232	6.765296822662761e-4	0.191	0.00761279131993757	FISK_modified	low	mid	288	negative	metaphlan
senter	1	0.3516599817695578	1.1341610454235622	4.656200602413541e-4	0.208	0.0039335944055438	FISK_modified	low	mid	288	negative	metaphlan
Total_Reads_QC_ATLAS	1	0.46255962884103496	1.4918305733202926	0.00170483362507311	0.017	0.00517409447354132	FISK_modified	low	mid	288	negative	metaphlan
FISK_modified	1	0.24753474776242967	0.8115708404936774	-6.881709159620948e-4	0.85	0.0029534257478513	FISK_modified	low	high	274	negative	metaphlan
kjonn	1	0.46109675557845264	1.5117581869065972	0.00186424869479782	0.017	0.00550151056563217	FISK_modified	low	high	274	negative	metaphlan
age_invitation	2	0.665360653244818	1.0907303105250692	6.618267356192168e-4	0.218	0.00793865630043342	FISK_modified	low	high	274	negative	metaphlan
senter	1	0.48745263904582714	1.5981689502071872	0.00217834282178208	0.007	0.00581597205252863	FISK_modified	low	high	274	negative	metaphlan
Total_Reads_QC_ATLAS	1	0.464520429410328	1.522983091185402	0.00190506122764842	0.017	0.00554235964455426	FISK_modified	low	high	274	negative	metaphlan
FISK_modified	1	0.3012521079655386	1.0205369276352272	6.00458902839872e-5	0.416	0.00298045650543486	FISK_modified	low	mid	342	positive	metaphlan
kjonn	1	0.49984803421547497	1.6933105649210016	0.0020231225517011	0.002	0.00494527767910843	FISK_modified	low	mid	342	positive	metaphlan
age_invitation	2	0.6545278394766711	1.1086558611361763	6.350108975454547e-4	0.191	0.00647561197274553	FISK_modified	low	mid	342	positive	metaphlan
senter	1	0.3138458145968599	1.063200007272626	1.8476119989312587e-4	0.32	0.00310505312688374	FISK_modified	low	mid	342	positive	metaphlan
Total_Reads_QC_ATLAS	1	0.38951230017468674	1.3195316334247131	9.334309143858196e-4	0.054	0.00385366421779643	FISK_modified	low	mid	342	positive	metaphlan
FISK_modified	1	0.4367339608594421	1.499180095329654	0.00140022789167753	0.019	0.00419498541428788	FISK_modified	low	high	356	positive	metaphlan
kjonn	1	0.36155715502188457	1.2411200838747614	6.768451767106254e-4	0.087	0.00347288538945651	FISK_modified	low	high	356	positive	metaphlan
age_invitation	2	0.9439438472474252	1.6201417266903166	0.00347184657169965	0.001	0.00906691722191068	FISK_modified	low	high	356	positive	metaphlan
senter	1	0.4429010730424352	1.52034998972535	0.00145952395070953	0.005	0.00425422272572806	FISK_modified	low	high	356	positive	metaphlan
Total_Reads_QC_ATLAS	1	0.25580048729489135	0.8780883404932861	-3.425657928961127e-4	0.747	0.00245705488773556	FISK_modified	low	high	356	positive	metaphlan
MILK	1	0.30410616518204847	1.017204676962399	2.6673206292249993e-5	0.405	0.00157383573826616	MILK	low	mid	645	all	metaphlan
kjonn	1	0.4936766578824461	1.6512989962060582	0.0010087472869932	0.003	0.00255491685562531	MILK	low	mid	645	all	metaphlan
age_invitation	2	0.7276714645772984	1.2169940991117407	6.723974971243635e-4	0.059	0.0037659064096338	MILK	low	mid	645	all	metaphlan
senter	1	0.4772782193604996	1.596447861078894	9.238710390290732e-4	0.01	0.00247005028088109	MILK	low	mid	645	all	metaphlan
Total_Reads_QC_ATLAS	1	0.4629090122452339	1.548384301850689	8.494859799606765e-4	0.01	0.00239568555474995	MILK	low	mid	645	all	metaphlan
MILK	1	0.32676285119208615	1.1018129662164209	1.6552213644997478e-4	0.24	0.0017846252490955	MILK	low	high	615	all	metaphlan
kjonn	1	0.6094890316153965	2.055138505955104	0.0017127338772208	0.001	0.00332874288157132	MILK	low	high	615	all	metaphlan
age_invitation	2	0.7945363224397113	1.3395501033857835	0.0011030100039834	0.01	0.00433938428795218	MILK	low	high	615	all	metaphlan
senter	1	0.6214853369242519	2.095588895856427	0.00177827745499671	0.001	0.00339426106783985	MILK	low	high	615	all	metaphlan
Total_Reads_QC_ATLAS	1	0.410466370082446	1.3840531966920857	6.240870147626858e-4	0.035	0.0022417745630549	MILK	low	high	615	all	metaphlan
MILK	1	0.2268245459422644	0.7418718102978923	-9.227370505233224e-4	0.95	0.00264385564582949	MILK	low	mid	280	negative	metaphlan
kjonn	1	0.4297364680826093	1.4055329426675762	0.00144623730641753	0.021	0.00500898693586816	MILK	low	mid	280	negative	metaphlan
age_invitation	2	0.6378605831379218	1.043120760066791	3.0791059091484516e-4	0.339	0.00743487128774212	MILK	low	mid	280	negative	metaphlan
senter	1	0.44921241248104593	1.4692326364908677	0.00167302713413498	0.021	0.00523599757680989	MILK	low	mid	280	negative	metaphlan
Total_Reads_QC_ATLAS	1	0.5562776226085475	1.8194092936390385	0.00291792257415591	0.003	0.00648394435034632	MILK	low	mid	280	negative	metaphlan
MILK	1	0.3450330624195175	1.1346504807770026	5.277624208364746e-4	0.224	0.00443671565119346	MILK	low	high	255	negative	metaphlan
kjonn	1	0.4451022765917827	1.463730775793724	0.00181525093360792	0.017	0.00572348696988203	MILK	low	high	255	negative	metaphlan
age_invitation	2	0.6925125254477393	1.1386730077884353	0.00108644977670657	0.115	0.00890488911049846	MILK	low	high	255	negative	metaphlan
senter	1	0.4358952063278423	1.4334530782644777	0.00169693152185382	0.026	0.00560509497447379	MILK	low	high	255	negative	metaphlan
Total_Reads_QC_ATLAS	1	0.4132741350892104	1.3590630787188789	0.00140611057383223	0.04	0.00531421484806674	MILK	low	high	255	negative	metaphlan
MILK	1	0.3093957969956591	1.0565798983699892	1.5498939475557682e-4	0.33	0.00289663530416644	MILK	low	mid	365	positive	metaphlan
kjonn	1	0.3229249748572016	1.102781745676204	2.815145510115558e-4	0.236	0.00302329860926183	MILK	low	mid	365	positive	metaphlan
age_invitation	2	0.7378793824647545	1.2599209984498578	0.00142219911800061	0.034	0.00690819814043541	MILK	low	mid	365	positive	metaphlan
senter	1	0.31262909833421304	1.0676215519181684	1.852302092163264e-4	0.299	0.0029269062221854	MILK	low	mid	365	positive	metaphlan
Total_Reads_QC_ATLAS	1	0.2873766169549725	0.9813848788012344	-5.100293321794275e-5	0.521	0.00269048662698986	MILK	low	mid	365	positive	metaphlan
MILK	1	0.27593150883909345	0.9492765033776174	-1.409184569423817e-4	0.562	0.00263307921903033	MILK	low	high	360	positive	metaphlan
kjonn	1	0.4356064357904188	1.4985999821319786	0.00138308437857093	0.015	0.0041567788274027	MILK	low	high	360	positive	metaphlan
age_invitation	2	0.6819473390507653	1.1730385344996612	9.604019330923792e-4	0.09	0.00650748939286489	MILK	low	high	360	positive	metaphlan
senter	1	0.4677552086889847	1.6092001627834316	0.00168936389451081	0.005	0.00446355881854138	MILK	low	high	360	positive	metaphlan
Total_Reads_QC_ATLAS	1	0.31498356864787525	1.0836257951309982	2.3223992745112208e-4	0.294	0.00300573389545874	MILK	low	high	360	positive	metaphlan
OST	1	0.4855187705059336	1.6297205354991222	9.98558290218855e-4	0.006	0.00257449326220624	OST	low	mid	630	all	metaphlan
kjonn	1	0.7074670038643376	2.3747248807379675	0.00217735177948031	0.001	0.0037513874752649	OST	low	mid	630	all	metaphlan
age_invitation	2	0.7807895309282742	1.3104217692042706	9.84495746961031e-4	0.017	0.00414018470281047	OST	low	mid	630	all	metaphlan
senter	1	0.6021060391988442	2.0210641405436736	0.00161811419391264	0.001	0.00319270445390981	OST	low	mid	630	all	metaphlan
Total_Reads_QC_ATLAS	1	0.39527686444145615	1.326809306500481	5.184759741697224e-4	0.051	0.00209597998271027	OST	low	mid	630	all	metaphlan
OST	1	0.40863405608752146	1.3607087636403996	5.704161543269176e-4	0.036	0.00214464517946461	OST	low	high	632	all	metaphlan
kjonn	1	0.5174933756633209	1.723198937780451	0.00114299418607467	0.002	0.0027159744935295	OST	low	high	632	all	metaphlan
age_invitation	2	0.812964358338661	1.3535432380625931	0.00111755738356483	0.012	0.00426670285115473	OST	low	high	632	all	metaphlan
senter	1	0.5000055672600752	1.6649663607432008	0.00105105608197062	0.002	0.00262419275524142	OST	low	high	632	all	metaphlan
Total_Reads_QC_ATLAS	1	0.5528271044090047	1.8408565672415824	0.0013287014555329	0.002	0.00290141745869124	OST	low	high	632	all	metaphlan
OST	1	0.42884841204462987	1.419559185045679	0.00150693143209392	0.024	0.00506968408669794	OST	low	mid	278	negative	metaphlan
kjonn	1	0.6021465939631696	1.9932048346151552	0.00355996066357214	0.001	0.00711834979339217	OST	low	mid	278	negative	metaphlan
age_invitation	2	0.7142350872062337	1.182118144604433	0.00130848809482278	0.085	0.00844341766011701	OST	low	mid	278	negative	metaphlan
senter	1	0.5015785443065965	1.6603079540333494	0.00236958022074055	0.005	0.0059294722631167	OST	low	mid	278	negative	metaphlan
Total_Reads_QC_ATLAS	1	0.5018121693935171	1.6610812917179034	0.00237234883555858	0.005	0.00593223409072792	OST	low	mid	278	negative	metaphlan
OST	1	0.33298641840224263	1.0797149449930348	2.8666220766517686e-4	0.296	0.00387449379294106	OST	low	high	278	negative	metaphlan
kjonn	1	0.4021139428228224	1.3038622888558988	0.00109183640628212	0.067	0.00467883339806387	OST	low	high	278	negative	metaphlan
age_invitation	2	0.6742346474264735	1.0931094858936297	6.694040146041356e-4	0.219	0.00784511863569173	OST	low	high	278	negative	metaphlan
senter	1	0.4056814076351287	1.3154298629691796	0.0011333538464773	0.049	0.0047203429597395	OST	low	high	278	negative	metaphlan
Total_Reads_QC_ATLAS	1	0.5250291461623817	1.7024172288722936	0.00252031265410756	0.004	0.00610902443913488	OST	low	high	278	negative	metaphlan
OST	1	0.3347310474902656	1.1407515520137113	3.997025376738349e-4	0.188	0.00323497957605818	OST	low	mid	352	positive	metaphlan
kjonn	1	0.4062008908494192	1.384318246365547	0.00109062244392173	0.029	0.0039256937637753	OST	low	mid	352	positive	metaphlan
age_invitation	2	0.761805192369806	1.298102554339888	0.00169090052598838	0.015	0.00736240111793952	OST	low	mid	352	positive	metaphlan
senter	1	0.4103840457336645	1.3985742900229712	0.00113103264060014	0.023	0.00396612150633305	OST	low	mid	352	positive	metaphlan
Total_Reads_QC_ATLAS	1	0.31726216869773793	1.0812182319230648	2.3068038769839968e-4	0.276	0.00306615309123052	OST	low	mid	352	positive	metaphlan
OST	1	0.336441289747512	1.1471760870513197	4.155788807282286e-4	0.179	0.00323247649759405	OST	low	high	354	positive	metaphlan
kjonn	1	0.3893291770492482	1.3275098375631815	9.24313886080492e-4	0.048	0.0037406152365656	OST	low	high	354	positive	metaphlan
age_invitation	2	0.8535689865811804	1.4552225899345046	0.00256528144559846	0.002	0.00820096038232846	OST	low	high	354	positive	metaphlan
senter	1	0.3525291514389721	1.2020314534603669	5.703847960197599e-4	0.132	0.00338704621421003	OST	low	high	354	positive	metaphlan
Total_Reads_QC_ATLAS	1	0.3481382511862563	1.1870596413670191	5.281379888819962e-4	0.164	0.00334485911559073	OST	low	high	354	positive	metaphlan
SABR_S	1	0.30385761419816504	1.0091493854300817	1.1436600990264131e-5	0.431	0.00125751799566451	SABR_S	low	mid	800	all	metaphlan
kjonn	1	0.655493921760069	2.176977825758636	0.00146906096696978	0.001	0.00271276862630935	SABR_S	low	mid	800	all	metaphlan
age_invitation	2	0.8407149381301622	1.3960600680926851	9.891707426524878e-4	0.005	0.00347930778931602	SABR_S	low	mid	800	all	metaphlan
senter	1	0.6094311271222637	2.0239974865211336	0.0012783605606502	0.001	0.00252213725661176	SABR_S	low	mid	800	all	metaphlan
Total_Reads_QC_ATLAS	1	0.4358047834389822	1.4473625435896502	5.588906460608001e-4	0.032	0.00180358277088883	SABR_S	low	mid	800	all	metaphlan
SABR_S	1	0.373380619223326	1.2489491305138125	3.1383480657199385e-4	0.096	0.00156927186241616	SABR_S	low	high	793	all	metaphlan
kjonn	1	0.6429814078729521	2.1507572406139013	0.00144904129363594	0.001	0.00270237012711215	SABR_S	low	high	793	all	metaphlan
age_invitation	2	0.8928875206573821	1.4933435684092993	0.00124269984976281	0.002	0.00375269414193157	SABR_S	low	high	793	all	metaphlan
senter	1	0.5647624670291975	1.8891167774325823	0.00111995083273303	0.002	0.0023736257396037	SABR_S	low	high	793	all	metaphlan
Total_Reads_QC_ATLAS	1	0.42780127948714153	1.43098492139086	5.431914427107479e-4	0.014	0.0017979950646642	SABR_S	low	high	793	all	metaphlan
SABR_S	1	0.28250389642165885	0.9113941541582324	-2.5107108274056755e-4	0.677	0.00257655129752376	SABR_S	low	mid	353	negative	metaphlan
kjonn	1	0.4752355691387464	1.5331714891274937	0.00150812294892076	0.009	0.00433434312872721	SABR_S	low	mid	353	negative	metaphlan
age_invitation	2	0.6803821607786205	1.0975004801378732	5.521056632896072e-4	0.224	0.00620536410779138	SABR_S	low	mid	353	negative	metaphlan
senter	1	0.47168854403315663	1.521728326796515	0.00147580271590612	0.007	0.00430199280629302	SABR_S	low	mid	353	negative	metaphlan
Total_Reads_QC_ATLAS	1	0.4418174488871784	1.4253603055437587	0.00120353645583334	0.033	0.0040295561782263	SABR_S	low	mid	353	negative	metaphlan
SABR_S	1	0.36082344496890073	1.1893450402167276	5.469406928013095e-4	0.12	0.00342907828472191	SABR_S	low	high	346	negative	metaphlan
kjonn	1	0.43675533155433754	1.4396314724425274	0.00126899878796776	0.027	0.00415069542750632	SABR_S	low	high	346	negative	metaphlan
age_invitation	2	0.6528943801212677	1.0760341430273916	4.3931063826293913e-4	0.243	0.00620476848804482	SABR_S	low	high	346	negative	metaphlan
senter	1	0.4093358393821376	1.3492514334650765	0.00100837935124617	0.037	0.00389011484025015	SABR_S	low	high	346	negative	metaphlan
Total_Reads_QC_ATLAS	1	0.4588394188919694	1.5124249677349113	0.00147880690795611	0.015	0.0043605711032233	SABR_S	low	high	346	negative	metaphlan
SABR_S	1	0.34211153755796886	1.167749069033595	3.751367789444445e-4	0.131	0.0026075275996087	SABR_S	low	mid	447	positive	metaphlan
kjonn	1	0.4136938246993509	1.4120850238082288	9.210413343803632e-4	0.033	0.00315311805439611	SABR_S	low	mid	447	positive	metaphlan
age_invitation	2	0.8430770591043597	1.43886180793578	0.00195973938776278	0.005	0.00642581865523627	SABR_S	low	mid	447	positive	metaphlan
senter	1	0.4137565468642208	1.4122991169959578	9.21519407959198e-4	0.021	0.00315359611420424	SABR_S	low	mid	447	positive	metaphlan
Total_Reads_QC_ATLAS	1	0.2954697728283122	1.0085440397910148	1.911381763265392e-5	0.42	0.00225203041382196	SABR_S	low	mid	447	positive	metaphlan
SABR_S	1	0.34916271135725196	1.1845258297578989	4.126391212117818e-4	0.139	0.00264214060157441	SABR_S	low	high	447	positive	metaphlan
kjonn	1	0.4420831721604941	1.4997561861341555	0.00111677420875797	0.01	0.00334527674475224	SABR_S	low	high	447	positive	metaphlan
age_invitation	2	0.9240956701328004	1.5674858093878212	0.00253265576367727	0.001	0.00699270171292385	SABR_S	low	high	447	positive	metaphlan
senter	1	0.40359626391625625	1.3691903054145016	8.252474989671484e-4	0.042	0.00305404340398142	SABR_S	low	high	447	positive	metaphlan
Total_Reads_QC_ATLAS	1	0.32609011989669057	1.1062526360418514	2.3764515798070087e-4	0.242	0.0024675485598168	SABR_S	low	high	447	positive	metaphlan
Ca	1	0.3610497896707727	1.2098185727270168	3.324070167372434e-4	0.118	0.001912689844286	Ca	low	mid	631	all	metaphlan
kjonn	1	0.4742892791293798	1.5892655117158814	9.329884845944244e-4	0.009	0.00251258500461032	Ca	low	mid	631	all	metaphlan
age_invitation	2	0.7481766313398737	1.253508532854557	8.028684591106581e-4	0.04	0.00396352493599509	Ca	low	mid	631	all	metaphlan
senter	1	0.43829784373994585	1.4686641203317543	7.421811199208553e-4	0.02	0.00232191752627328	Ca	low	mid	631	all	metaphlan
Total_Reads_QC_ATLAS	1	0.48491618490578503	1.6248745283854065	9.89312729097284e-4	0.007	0.00256888187926921	Ca	low	mid	631	all	metaphlan
Ca	1	0.3499614738613275	1.1699488681330217	2.7011599717811886e-4	0.186	0.00185236170273537	Ca	low	high	629	all	metaphlan
kjonn	1	0.6368272887715989	2.1289639613010145	0.00179163953074588	0.001	0.0033707552661775	Ca	low	high	629	all	metaphlan
age_invitation	2	0.9006076706145905	1.505401313524261	0.00160442110331065	0.002	0.00476695660190649	Ca	low	high	629	all	metaphlan
senter	1	0.5624617057493992	1.8803539393894304	0.00139765263971726	0.002	0.0029771349157086	Ca	low	high	629	all	metaphlan
Total_Reads_QC_ATLAS	1	0.3662121588135392	1.2242761923851768	3.564328346362219e-4	0.104	0.00193837730358583	Ca	low	high	629	all	metaphlan
Ca	1	0.2526243018724017	0.8265767756313087	-6.403478803055777e-4	0.832	0.00304394865400817	Ca	low	mid	271	negative	metaphlan
kjonn	1	0.45124368221942746	1.4764515729817869	0.00175503831076744	0.017	0.00543717523983616	Ca	low	mid	271	negative	metaphlan
age_invitation	2	0.651228365377122	1.0653967937038673	4.8240034146312895e-4	0.271	0.00784685278316129	Ca	low	mid	271	negative	metaphlan
senter	1	0.3696758953582844	1.2095649838478573	7.727049887061988e-4	0.129	0.00445433964885723	Ca	low	mid	271	negative	metaphlan
Total_Reads_QC_ATLAS	1	0.5611288417115503	1.8359914911508937	0.00307535248207964	0.001	0.00676121564629106	Ca	low	mid	271	negative	metaphlan
Ca	1	0.2714109190539489	0.8830070917770871	-4.24067105314657e-4	0.76	0.0031897467362442	Ca	low	high	276	negative	metaphlan
kjonn	1	0.44874876063444447	1.4599572465528918	0.00166373912205553	0.012	0.00527390312673024	Ca	low	high	276	negative	metaphlan
age_invitation	2	0.7194499902105349	1.1703277188501442	0.00123273731532813	0.075	0.00845530926376923	Ca	low	high	276	negative	metaphlan
senter	1	0.4675654842765909	1.52117549259082	0.00188475798159907	0.016	0.00549504597180647	Ca	low	high	276	negative	metaphlan
Total_Reads_QC_ATLAS	1	0.4357433046076551	1.41764535304662	0.00151092146274958	0.028	0.00512105698826455	Ca	low	high	276	negative	metaphlan
Ca	1	0.34018416574251376	1.1648130771709326	4.576046054105202e-4	0.183	0.00323498024111344	Ca	low	mid	360	positive	metaphlan
kjonn	1	0.31152391980870675	1.0666785000198558	1.8518375623544957e-4	0.313	0.00296243572364905	Ca	low	mid	360	positive	metaphlan
age_invitation	2	0.7842710241801427	1.342697922193597	0.00190025948453676	0.016	0.00745802280762504	Ca	low	mid	360	positive	metaphlan
senter	1	0.314453526887732	1.0767096683700137	2.130370176973204e-4	0.296	0.00299029481284031	Ca	low	mid	360	positive	metaphlan
Total_Reads_QC_ATLAS	1	0.29936893610720006	1.0250590321136657	6.960357754272465e-5	0.403	0.00284684794483635	Ca	low	mid	360	positive	metaphlan
Ca	1	0.3164687250989431	1.083175581829715	2.355693717001776e-4	0.281	0.00306316181751045	Ca	low	high	353	positive	metaphlan
kjonn	1	0.4291576218968487	1.4688751839520349	0.00132649638163479	0.012	0.00415389938034798	Ca	low	high	353	positive	metaphlan
age_invitation	2	0.7733889788568149	1.323536878552549	0.00182971613544164	0.015	0.00748578106533886	Ca	low	high	353	positive	metaphlan
senter	1	0.3949938508215922	1.3519430523476608	9.96012783480072e-4	0.042	0.00382322165202846	Ca	low	high	353	positive	metaphlan
Total_Reads_QC_ATLAS	1	0.2906940053741067	0.9949566052919268	-1.4287441261413331e-5	0.464	0.0028136833349417	Ca	low	high	353	positive	metaphlan
Alko	1	0.5706383651371141	1.891534389940687	0.00141313417813219	0.002	0.00298997537683008	Alko	low	mid	630	all	metaphlan
kjonn	1	0.5795711292737167	1.9211444400072517	0.00145999931706971	0.001	0.00303678040510584	Alko	low	mid	630	all	metaphlan
age_invitation	2	0.8037421164356999	1.332109744773764	0.00105320623720359	0.014	0.00421136972955999	Alko	low	mid	630	all	metaphlan
senter	1	0.480216347648593	1.5918062851781216	9.38493458493312e-4	0.007	0.00251619088855963	Alko	low	mid	630	all	metaphlan
Total_Reads_QC_ATLAS	1	0.4183745887174268	1.3868151368444213	6.136155255094467e-4	0.041	0.00219215845793324	Alko	low	mid	630	all	metaphlan
Alko	1	0.5689002999100694	1.8821839275399168	0.00138952383587535	0.001	0.00295658030096759	Alko	low	high	634	all	metaphlan
kjonn	1	0.47144383482594776	1.559753103992829	8.821125217203865e-4	0.005	0.00245009811961666	Alko	low	high	634	all	metaphlan
age_invitation	2	0.7887881447846324	1.304837041378211	9.607071994886072e-4	0.02	0.00409933953431854	Alko	low	high	634	all	metaphlan
senter	1	0.5058800745287044	1.673684028099718	0.00106146519865772	0.003	0.00262906358678317	Alko	low	high	634	all	metaphlan
Total_Reads_QC_ATLAS	1	0.39762703567507174	1.3155331713153742	4.974388215559514e-4	0.06	0.00206647150826761	Alko	low	high	634	all	metaphlan
Alko	1	0.47063414051014263	1.5286153260820812	0.00173016633979735	0.014	0.00498905779155857	Alko	low	mid	305	negative	metaphlan
kjonn	1	0.4907941845325467	1.594094962203958	0.00194406558241066	0.007	0.00520276864687203	Alko	low	mid	305	negative	metaphlan
age_invitation	2	0.7118877976668045	1.156102484176714	0.00102257611478646	0.114	0.00754651874557005	Alko	low	mid	305	negative	metaphlan
senter	1	0.4077064130036376	1.324226650416323	0.00106190934788659	0.047	0.00432197896705787	Alko	low	mid	305	negative	metaphlan
Total_Reads_QC_ATLAS	1	0.4377104705985033	1.4216795513776648	0.00138064708437545	0.021	0.00464004339213289	Alko	low	mid	305	negative	metaphlan
Alko	1	0.4091757124679134	1.3141382358244305	0.00117078525153352	0.054	0.00488890456197058	Alko	low	high	268	negative	metaphlan
kjonn	1	0.3541258373829379	1.13733608574032	5.121856125862487e-4	0.217	0.00423115881304627	Alko	low	high	268	negative	metaphlan
age_invitation	2	0.6557706540876609	1.0530601697623607	3.95814684835738e-4	0.312	0.00783526500886096	Alko	low	high	268	negative	metaphlan
senter	1	0.4961270120870864	1.593397302290019	0.00220927732494546	0.005	0.00592781423432994	Alko	low	high	268	negative	metaphlan
Total_Reads_QC_ATLAS	1	0.43756857430064144	1.4053267991285	0.00151012948946367	0.035	0.00522814755101361	Alko	low	high	268	negative	metaphlan
Alko	1	0.3696429372144366	1.2515274938372207	7.733322446640521e-4	0.096	0.00385108929965458	Alko	low	mid	325	positive	metaphlan
kjonn	1	0.3470446425358489	1.1750147723519442	5.382171581493375e-4	0.161	0.00361565114551865	Alko	low	mid	325	positive	metaphlan
age_invitation	2	0.7139098830411541	1.2085688062664055	0.0012818550848096	0.061	0.00743780127984025	Alko	low	mid	325	positive	metaphlan
senter	1	0.32931927290417207	1.1150006744237002	3.537230647159962e-4	0.242	0.00343098109112675	Alko	low	mid	325	positive	metaphlan
Total_Reads_QC_ATLAS	1	0.29541384655944114	1.0002045590684998	6.294121223012026e-7	0.468	0.00307774067598344	Alko	low	mid	325	positive	metaphlan
Alko	1	0.407893221061272	1.3819996494479816	0.00104262668420794	0.029	0.00377215120162118	Alko	low	high	366	positive	metaphlan
kjonn	1	0.33441512482976066	1.1330455163789257	3.6338024662942896e-4	0.203	0.00309263392925421	Alko	low	high	366	positive	metaphlan
age_invitation	2	0.7868598647803111	1.3329959915265734	0.00181634511412208	0.014	0.00727679262900196	Alko	low	high	366	positive	metaphlan
senter	1	0.3439339915791635	1.1652967768352516	4.514266597361192e-4	0.152	0.00318066335164424	Alko	low	high	366	positive	metaphlan
Total_Reads_QC_ATLAS	1	0.26867325636364114	0.9103028119577984	-2.451343603962343e-4	0.66	0.00248466043195982	Alko	low	high	366	positive	metaphlan
Fiber_resid	1	0.28646421403271916	0.9688657297369409	-4.942191901340108e-5	0.511	0.00153484097207296	Fiber_resid	low	mid	630	all	metaphlan
kjonn	1	0.5510510895632024	1.8637389588600008	0.00136913711395976	0.001	0.00295246578293527	Fiber_resid	low	mid	630	all	metaphlan
age_invitation	2	0.7324030876741574	1.238549559143123	7.567271181672783e-4	0.04	0.00392412808291177	Fiber_resid	low	mid	630	all	metaphlan
senter	1	0.4314609183336984	1.4592667321671229	7.284637666563624e-4	0.025	0.00231171595915694	Fiber_resid	low	mid	630	all	metaphlan
Total_Reads_QC_ATLAS	1	0.41078138860274294	1.3893254037849658	6.175951718972876e-4	0.03	0.00220091751397786	Fiber_resid	low	mid	630	all	metaphlan
Fiber_resid	1	0.7232672581660893	2.414224537897266	0.00223977300944126	0.001	0.00380835243459223	Fiber_resid	low	high	630	all	metaphlan
kjonn	1	0.5448015113910287	1.818516132499534	0.00129754614293472	0.004	0.00286864383649329	Fiber_resid	low	high	630	all	metaphlan
age_invitation	2	0.9884398531086448	1.649677709496475	0.00205822389622205	0.001	0.00520461458545642	Fiber_resid	low	high	630	all	metaphlan
senter	1	0.49811196444949246	1.6626691082952687	0.00105075048953226	0.002	0.00262280075738632	Fiber_resid	low	high	630	all	metaphlan
Total_Reads_QC_ATLAS	1	0.4166304756890895	1.3906885819701131	6.197562702725607e-4	0.032	0.00219376125284452	Fiber_resid	low	high	630	all	metaphlan
Fiber_resid	1	0.29916319499741917	0.9983539972519686	-6.141839020579522e-6	0.46	0.00372310580387428	Fiber_resid	low	mid	268	negative	metaphlan
kjonn	1	0.4160946102823715	1.3885722721138518	0.00144779738132771	0.03	0.00517832502262342	Fiber_resid	low	mid	268	negative	metaphlan
age_invitation	2	0.6736082587670751	1.1239676353367087	9.24276529559269e-4	0.173	0.00838309945772234	Fiber_resid	low	mid	268	negative	metaphlan
senter	1	0.35094745959901275	1.1711661226212025	6.382719107949765e-4	0.168	0.0043675644114554	Fiber_resid	low	mid	268	negative	metaphlan
Total_Reads_QC_ATLAS	1	0.387053524922365	1.2916576645066284	0.00108709181286337	0.056	0.00481690678915529	Fiber_resid	low	mid	268	negative	metaphlan
Fiber_resid	1	0.39935444407990417	1.280003886980213	0.00102836742685092	0.069	0.00469051528830936	Fiber_resid	low	high	272	negative	metaphlan
kjonn	1	0.4675786089907348	1.498674788397225	0.00183000812310173	0.01	0.00549182473481789	Fiber_resid	low	high	272	negative	metaphlan
age_invitation	2	0.6932802419052564	1.11104485947295	8.158401809904386e-4	0.165	0.00814274542814097	Fiber_resid	low	high	272	negative	metaphlan
senter	1	0.42527825110542494	1.3630944203394768	0.00133312635881244	0.024	0.00499499672074851	Fiber_resid	low	high	272	negative	metaphlan
Total_Reads_QC_ATLAS	1	0.4387005762810219	1.406115422488733	0.00149084546747002	0.031	0.00515264520162581	Fiber_resid	low	high	272	negative	metaphlan
Fiber_resid	1	0.29529908049785547	1.0103788658044068	2.867007801523354e-5	0.437	0.00278876548953965	Fiber_resid	low	mid	362	positive	metaphlan
kjonn	1	0.3920059733512318	1.3412657773109675	9.418352518553708e-4	0.037	0.00370205260487852	Fiber_resid	low	mid	362	positive	metaphlan
age_invitation	2	0.7410179884371644	1.2677129123387882	0.00147689242633217	0.037	0.00699807594997461	Fiber_resid	low	mid	362	positive	metaphlan
senter	1	0.3829581849393264	1.3103083690513588	8.564712675391972e-4	0.063	0.00361660648687084	Fiber_resid	low	mid	362	positive	metaphlan
Total_Reads_QC_ATLAS	1	0.3033944783281868	1.0380776275623358	1.0517575336787448e-4	0.35	0.00286521735676274	Fiber_resid	low	mid	362	positive	metaphlan
Fiber_resid	1	0.6094121470418798	2.1081613164518105	0.00308587059784275	0.001	0.00585590234069338	Fiber_resid	low	high	358	positive	metaphlan
kjonn	1	0.3596874048522949	1.2442795513763183	6.818798381993037e-4	0.095	0.00345627228832991	Fiber_resid	low	high	358	positive	metaphlan
age_invitation	2	0.9071658493915606	1.5690956937571598	0.00316922960244625	0.001	0.00871704748032217	Fiber_resid	low	high	358	positive	metaphlan
senter	1	0.3449719082998115	1.1933737059071874	5.398584119703895e-4	0.114	0.00331486960851061	Fiber_resid	low	high	358	positive	metaphlan
Total_Reads_QC_ATLAS	1	0.32954422328589317	1.1400041613278424	3.9092019797033344e-4	0.213	0.00316662343845474	Fiber_resid	low	high	358	positive	metaphlan
antibiotics_reg_quest_comb	1	0.5446672574291824	1.8230043883667528	7.953093281427296e-4	0.002	0.00175406996828206	antibiotics_reg_quest_comb	No	Yes	1034	all	metaphlan
kjonn	1	0.7841423197032782	2.6245287749998893	0.00156864648322059	0.001	0.00252528580539723	antibiotics_reg_quest_comb	No	Yes	1034	all	metaphlan
age_invitation	2	0.9816519402144764	1.6427972954592425	0.00124177772552362	0.001	0.00316135432073391	antibiotics_reg_quest_comb	No	Yes	1034	all	metaphlan
senter	1	0.7726800643921479	2.5861645417037695	0.00153165868376169	0.001	0.00248837226316425	antibiotics_reg_quest_comb	No	Yes	1034	all	metaphlan
Total_Reads_QC_ATLAS	1	0.5447094351765145	1.823145557525407	7.954456382804676e-4	0.002	0.00175420579932187	antibiotics_reg_quest_comb	No	Yes	1034	all	metaphlan
antibiotics_reg_quest_comb	1	0.3061428601210707	0.9948967489588	-1.1340686479044326e-5	0.471	0.00220182768028057	antibiotics_reg_quest_comb	No	Yes	450	negative	metaphlan
kjonn	1	0.5767418216012743	1.87428366963307	0.00193908524238139	0.001	0.00414801804188712	antibiotics_reg_quest_comb	No	Yes	450	negative	metaphlan
age_invitation	2	0.7345910918056688	1.1936294852059073	8.598355364161298e-4	0.056	0.00528329486105147	antibiotics_reg_quest_comb	No	Yes	450	negative	metaphlan
senter	1	0.5583199581176359	1.8144166778554844	0.00180654532713724	0.004	0.00401552509749971	antibiotics_reg_quest_comb	No	Yes	450	negative	metaphlan
Total_Reads_QC_ATLAS	1	0.48573973285616034	1.5785469596370605	0.00128400911126575	0.009	0.0034935166830016	antibiotics_reg_quest_comb	No	Yes	450	negative	metaphlan
antibiotics_reg_quest_comb	1	0.5175857515216933	1.777486790323055	0.00132954295930655	0.002	0.00303027095536771	antibiotics_reg_quest_comb	No	Yes	584	positive	metaphlan
kjonn	1	0.4388618836191256	1.5071342258087546	8.67627093175627e-4	0.012	0.00256937215802252	antibiotics_reg_quest_comb	No	Yes	584	positive	metaphlan
age_invitation	2	0.9836513576231596	1.6890218570721458	0.00235410898810073	0.001	0.00575891073208678	antibiotics_reg_quest_comb	No	Yes	584	positive	metaphlan
senter	1	0.515871581627465	1.7716000085977035	0.00131948953845631	0.001	0.00302023513187803	antibiotics_reg_quest_comb	No	Yes	584	positive	metaphlan
Total_Reads_QC_ATLAS	1	0.34450699145210706	1.1831017849307863	3.134321831140472e-4	0.143	0.0020169595609022	antibiotics_reg_quest_comb	No	Yes	584	positive	metaphlan
PPI_antacids_reg_quest_comb	1	0.7608982328071079	2.548526630031494	0.0014953684836681	0.001	0.00245042954369141	PPI_antacids_reg_quest_comb	No	Yes	1034	all	metaphlan
kjonn	1	0.7706977653260765	2.581348850546208	0.00152701557661447	0.001	0.00248198838160625	PPI_antacids_reg_quest_comb	No	Yes	1034	all	metaphlan
age_invitation	2	0.9752543469897432	1.6332418496938568	0.00122334077199341	0.002	0.00314075123510369	PPI_antacids_reg_quest_comb	No	Yes	1034	all	metaphlan
senter	1	0.7175262397830124	2.4032579535467784	0.00135527674147007	0.001	0.00231075250346103	PPI_antacids_reg_quest_comb	No	Yes	1034	all	metaphlan
Total_Reads_QC_ATLAS	1	0.5475602616717765	1.8339796943270017	8.059067547949534e-4	0.001	0.00176338672413774	PPI_antacids_reg_quest_comb	No	Yes	1034	all	metaphlan
PPI_antacids_reg_quest_comb	1	0.47443207205515137	1.5437053284315343	0.00120677599531701	0.013	0.00341219020509178	PPI_antacids_reg_quest_comb	No	Yes	450	negative	metaphlan
kjonn	1	0.5453081466967546	1.7743216390207466	0.00171775898015952	0.002	0.00392194209985685	PPI_antacids_reg_quest_comb	No	Yes	450	negative	metaphlan
age_invitation	2	0.7365993669276065	1.1983721533830638	8.808773859517606e-4	0.07	0.00529773869211567	PPI_antacids_reg_quest_comb	No	Yes	450	negative	metaphlan
senter	1	0.5386226378804793	1.7525683550611395	0.00166958195669854	0.002	0.00387385886720327	PPI_antacids_reg_quest_comb	No	Yes	450	negative	metaphlan
Total_Reads_QC_ATLAS	1	0.49269357109503176	1.6031245267393035	0.0013384827887573	0.005	0.00354352978313559	PPI_antacids_reg_quest_comb	No	Yes	450	negative	metaphlan
PPI_antacids_reg_quest_comb	1	0.581359397662851	1.9972555764299	0.0017047183844431	0.001	0.00340364179691675	PPI_antacids_reg_quest_comb	No	Yes	584	positive	metaphlan
kjonn	1	0.4406587337372798	1.5138795670930627	8.791571681303033e-4	0.007	0.00257989204329406	PPI_antacids_reg_quest_comb	No	Yes	584	positive	metaphlan
age_invitation	2	0.9842540654261996	1.6906984979507556	0.00235982387378665	0.001	0.0057624393608111104	PPI_antacids_reg_quest_comb	No	Yes	584	positive	metaphlan
senter	1	0.48661651500020753	1.6717671582745843	0.00114896459177364	0.003	0.00284895766058502	PPI_antacids_reg_quest_comb	No	Yes	584	positive	metaphlan
Total_Reads_QC_ATLAS	1	0.35181269322893627	1.208649703152833	3.571492877739001e-4	0.112	0.00205973171187007	PPI_antacids_reg_quest_comb	No	Yes	584	positive	metaphlan
Blindtarm	1	0.4051851083507927	1.3531601989343254	3.5058231103834785e-4	0.052	0.00133736000767663	Blindtarm	No	Yes	1007	all	metaphlan
kjonn	1	0.804571178036781	2.686953870936716	0.00167242558700978	0.001	0.00265557962190484	Blindtarm	No	Yes	1007	all	metaphlan
age_invitation	2	0.9994456918377068	1.6688793631826968	0.00132669704648878	0.001	0.00329878534665017	Blindtarm	No	Yes	1007	all	metaphlan
senter	1	0.7586053989354582	2.5334461000166955	0.00152047124063808	0.001	0.00250386428630917	Blindtarm	No	Yes	1007	all	metaphlan
Total_Reads_QC_ATLAS	1	0.5433108070954518	1.8144461498223572	8.081310532249318e-4	0.002	0.00179325974763838	Blindtarm	No	Yes	1007	all	metaphlan
Blindtarm	1	0.36271910293157816	1.2126018845831612	2.4291456055976392e-4	0.138	0.00137978233383377	Blindtarm	No	Unknown	875	all	metaphlan
kjonn	1	0.7252309459655066	2.4245108810872074	0.00162536631894869	0.001	0.00275877625166469	Blindtarm	No	Unknown	875	all	metaphlan
age_invitation	2	0.9524906996902588	1.5921301196400102	0.00135161094877076	0.001	0.0036232716445086	Blindtarm	No	Unknown	875	all	metaphlan
senter	1	0.6983405641863101	2.334613968134251	0.00152295019146964	0.001	0.00265648532342544	Blindtarm	No	Unknown	875	all	metaphlan
Total_Reads_QC_ATLAS	1	0.4835066731371285	1.6164053624857302	7.039673522683166e-4	0.006	0.00183925787336101	Blindtarm	No	Unknown	875	all	metaphlan
Blindtarm	1	0.3077056219776182	0.9986281284433964	-3.1321366518099673e-6	0.473	0.00227011679088505	Blindtarm	No	Yes	438	negative	metaphlan
kjonn	1	0.5989997390783799	1.94399434280546	0.00215060316343734	0.001	0.00441915671438888	Blindtarm	No	Yes	438	negative	metaphlan
age_invitation	2	0.7360435313752873	1.194378200609601	8.867846073666344e-4	0.059	0.00543020556029655	Blindtarm	No	Yes	438	negative	metaphlan
senter	1	0.5915000991716113	1.9196550040700748	0.00209526958655234	0.002	0.00436382766850233	Blindtarm	No	Yes	438	negative	metaphlan
Total_Reads_QC_ATLAS	1	0.4842506570624891	1.571587559082601	0.00130329363619707	0.008	0.00357258843868195	Blindtarm	No	Yes	438	negative	metaphlan
Blindtarm	1	0.3327615244486992	1.0801296548979873	2.0917204703405765e-4	0.308	0.00281190096475232	Blindtarm	No	Unknown	383	negative	metaphlan
kjonn	1	0.4816960823422818	1.5635648503776864	0.00146928671548228	0.008	0.00407042755588919	Blindtarm	No	Unknown	383	negative	metaphlan
age_invitation	2	0.6966405439300729	1.1306326828947144	6.816899838288477e-4	0.117	0.00588675094215874	Blindtarm	No	Unknown	383	negative	metaphlan
senter	1	0.538883792414552	1.7491937077015751	0.00195230040866803	0.001	0.00455367506291575	Blindtarm	No	Unknown	383	negative	metaphlan
Total_Reads_QC_ATLAS	1	0.41499557238267926	1.347057852089511	9.053358959739806e-4	0.052	0.00350679500066631	Blindtarm	No	Unknown	383	negative	metaphlan
Blindtarm	1	0.3114111943062028	1.0656967833617514	1.1544674671677064e-4	0.335	0.00186736040314791	Blindtarm	No	Yes	569	positive	metaphlan
kjonn	1	0.44666442085519975	1.5285540316173685	9.280553676822772e-4	0.017	0.00267839906930212	Blindtarm	No	Yes	569	positive	metaphlan
age_invitation	2	0.956956247660429	1.637425393813689	0.0022355023825207	0.001	0.00573833644101117	Blindtarm	No	Yes	569	positive	metaphlan
senter	1	0.4854910897154525	1.6614248367443605	0.00116108412454628	0.003	0.00291122109157175	Blindtarm	No	Yes	569	positive	metaphlan
Total_Reads_QC_ATLAS	1	0.340326428136251	1.164649140394029	2.8928209199692464e-4	0.156	0.00204074904070891	Blindtarm	No	Yes	569	positive	metaphlan
Blindtarm	1	0.28968808493505094	0.99322893905304	-1.3762508401917212e-5	0.413	0.00201274061646306	Blindtarm	No	Unknown	492	positive	metaphlan
kjonn	1	0.4832134360412965	1.6567528779206624	0.00133308408762115	0.004	0.0033573466073313	Blindtarm	No	Unknown	492	positive	metaphlan
age_invitation	2	0.8964888929119752	1.5368576725884848	0.00217759598973008	0.001	0.00622876708020799	Blindtarm	No	Unknown	492	positive	metaphlan
senter	1	0.45619851997787464	1.564129129083028	0.00114529072606338	0.01	0.00316964810801822	Blindtarm	No	Unknown	492	positive	metaphlan
Total_Reads_QC_ATLAS	1	0.34761112435901964	1.191824746011046	3.8973574197424864e-4	0.132	0.00241518745546147	Blindtarm	No	Unknown	492	positive	metaphlan
Bowel_disorder_merged	1	0.4168237647292017	1.3984317543031697	4.3668614547823106e-4	0.03	0.00152626876415843	Bowel_disorder_merged	No bowel disease	IBS	912	all	metaphlan
kjonn	1	0.6870922775874533	2.3051748494691036	0.00142906761662028	0.002	0.00251590137154849	Bowel_disorder_merged	No bowel disease	IBS	912	all	metaphlan
age_invitation	2	0.9008753574740922	1.5112054699897612	0.0011198092486327	0.004	0.00329870327668589	Bowel_disorder_merged	No bowel disease	IBS	912	all	metaphlan
senter	1	0.7047991392645372	2.3645808616344013	0.0014940155226373	0.001	0.00258073795759718	Bowel_disorder_merged	No bowel disease	IBS	912	all	metaphlan
Total_Reads_QC_ATLAS	1	0.5578085727182724	1.8714317342691376	9.546051108353728e-4	0.002	0.00204250782455459	Bowel_disorder_merged	No bowel disease	IBS	912	all	metaphlan
Bowel_disorder_merged	1	0.2775622909084632	0.9290125392755518	-8.169535105865686e-5	0.606	0.00106535837382634	Bowel_disorder_merged	No bowel disease	Celiac disease	869	all	metaphlan
kjonn	1	0.6300965600784707	2.1089594099810114	0.00127450636841274	0.001	0.00241847926965033	Bowel_disorder_merged	No bowel disease	Celiac disease	869	all	metaphlan
age_invitation	2	0.8350665995978943	1.397501331354276	9.140115317687566e-4	0.006	0.00320520915025054	Bowel_disorder_merged	No bowel disease	Celiac disease	869	all	metaphlan
senter	1	0.6156343615231208	2.060553829527564	0.00121894254929681	0.001	0.00236296948017406	Bowel_disorder_merged	No bowel disease	Celiac disease	869	all	metaphlan
Total_Reads_QC_ATLAS	1	0.591428771496112	1.9795367123173933	0.00112593075007154	0.001	0.00227006194599757	Bowel_disorder_merged	No bowel disease	Celiac disease	869	all	metaphlan
Bowel_disorder_merged	1	0.4172417589912243	1.3960749837548467	4.5090705097034026e-4	0.034	0.0015840565834006	Bowel_disorder_merged	No bowel disease	IBD	878	all	metaphlan
kjonn	1	0.6181579193450943	2.068332779763263	0.00121530117731008	0.001	0.00234683394127962	Bowel_disorder_merged	No bowel disease	IBD	878	all	metaphlan
age_invitation	2	0.827288396698691	1.3840376833014816	8.740364928283707e-4	0.009	0.00314079691910477	Bowel_disorder_merged	No bowel disease	IBD	878	all	metaphlan
senter	1	0.5913176927643917	1.9785264071263888	0.00111325405311796	0.001	0.00224493513393608	Bowel_disorder_merged	No bowel disease	IBD	878	all	metaphlan
Total_Reads_QC_ATLAS	1	0.5828090174952081	1.950056704772242	0.00108089953180508	0.003	0.00221263198405781	Bowel_disorder_merged	No bowel disease	IBD	878	all	metaphlan
Bowel_disorder_merged	1	0.315796557700196	1.0569032788460222	6.20498887719727e-5	0.299	0.00114825663823995	Bowel_disorder_merged	No bowel disease	Other	917	all	metaphlan
kjonn	1	0.6893395324543121	2.3070714177347544	0.00142334896290934	0.001	0.00250648297089212	Bowel_disorder_merged	No bowel disease	Other	917	all	metaphlan
age_invitation	2	0.8422373863825783	1.409393854254002	8.921017083908771e-4	0.005	0.00306242942269749	Bowel_disorder_merged	No bowel disease	Other	917	all	metaphlan
senter	1	0.6256035259004307	2.093760687567454	0.00119133876560529	0.001	0.00227473474300333	Bowel_disorder_merged	No bowel disease	Other	917	all	metaphlan
Total_Reads_QC_ATLAS	1	0.5831013600033543	1.9515150632901832	0.0010365635305091	0.001	0.00212019412835475	Bowel_disorder_merged	No bowel disease	Other	917	all	metaphlan
Bowel_disorder_merged	1	0.2591331491975666	0.8681441114097688	-1.5140740820732436e-4	0.747	9.932945328882442e-4	Bowel_disorder_merged	No bowel disease	Missing	871	all	metaphlan
kjonn	1	0.6568749220528503	2.200652819906717	0.00137657867604764	0.001	0.00251789580332323	Bowel_disorder_merged	No bowel disease	Missing	871	all	metaphlan
age_invitation	2	0.7915310475842716	1.3258879075991714	7.477479347630308e-4	0.009	0.00303405204857574	Bowel_disorder_merged	No bowel disease	Missing	871	all	metaphlan
senter	1	0.6273708642842735	2.1018087542447224	0.00126339464404804	0.001	0.00240480251761164	Bowel_disorder_merged	No bowel disease	Missing	871	all	metaphlan
Total_Reads_QC_ATLAS	1	0.5986648590769619	2.0056383126783075	0.00115324748888574	0.002	0.00229476828184605	Bowel_disorder_merged	No bowel disease	Missing	871	all	metaphlan
Bowel_disorder_merged	1	0.4434061871784394	1.4447144243036192	0.00114485899225765	0.024	0.00370661367151327	Bowel_disorder_merged	No bowel disease	IBS	388	negative	metaphlan
kjonn	1	0.4979687705451141	1.622491265260016	0.00160178908645594	0.009	0.00416272462194213	Bowel_disorder_merged	No bowel disease	IBS	388	negative	metaphlan
age_invitation	2	0.6372369059644001	1.0381286688889748	1.9650091015894317e-4	0.348	0.00532692392650337	Bowel_disorder_merged	No bowel disease	IBS	388	negative	metaphlan
senter	1	0.5612784311863379	1.8287679988080192	0.00213144722566042	0.001	0.00469195596885879	Bowel_disorder_merged	No bowel disease	IBS	388	negative	metaphlan
Total_Reads_QC_ATLAS	1	0.4878483482338254	1.5895167138984243	0.00151706798187368	0.004	0.00407812387259487	Bowel_disorder_merged	No bowel disease	IBS	388	negative	metaphlan
Bowel_disorder_merged	1	0.3166377928819486	1.028324770982051	7.780925014522108e-5	0.377	0.00281859060001896	Bowel_disorder_merged	No bowel disease	Celiac disease	364	negative	metaphlan
kjonn	1	0.4630038940163388	1.503668810171563	0.00138179352711499	0.01	0.00412148660956961	Bowel_disorder_merged	No bowel disease	Celiac disease	364	negative	metaphlan
age_invitation	2	0.6267016314552336	1.0176498607046425	9.696785294255656e-5	0.385	0.00557866233009917	Bowel_disorder_merged	No bowel disease	Celiac disease	364	negative	metaphlan
senter	1	0.4907699332692203	1.5938428405547374	0.00162877912563772	0.007	0.00436864945303697	Bowel_disorder_merged	No bowel disease	Celiac disease	364	negative	metaphlan
Total_Reads_QC_ATLAS	1	0.4891893609356259	1.588709714568194	0.00161472283392726	0.015	0.00435457979230073	Bowel_disorder_merged	No bowel disease	Celiac disease	364	negative	metaphlan
Bowel_disorder_merged	1	0.37676161708327527	1.2235444497662245	5.941798514847394e-4	0.137	0.00324664900633599	Bowel_disorder_merged	No bowel disease	IBD	376	negative	metaphlan
kjonn	1	0.46357040611287914	1.5054585492712769	0.00134249992342443	0.01	0.00399470203473644	Bowel_disorder_merged	No bowel disease	IBD	376	negative	metaphlan
age_invitation	2	0.6306454399204853	1.0240198215501044	1.27748686433261e-4	0.398	0.00543442935275335	Bowel_disorder_merged	No bowel disease	IBD	376	negative	metaphlan
senter	1	0.4396769340875153	1.4278637950375492	0.00113664219944812	0.025	0.00378880601536588	Bowel_disorder_merged	No bowel disease	IBD	376	negative	metaphlan
Total_Reads_QC_ATLAS	1	0.47995387668051137	1.558664352548483	0.00148360509380137	0.007	0.00413588249481229	Bowel_disorder_merged	No bowel disease	IBD	376	negative	metaphlan
Bowel_disorder_merged	1	0.301630628702668	0.9798390669728232	-5.236880215867509e-5	0.502	0.00253765674060608	Bowel_disorder_merged	No bowel disease	Other	385	negative	metaphlan
kjonn	1	0.4933041378191376	1.6024853583785317	0.00156245195831293	0.005	0.00415023028626049	Bowel_disorder_merged	No bowel disease	Other	385	negative	metaphlan
age_invitation	2	0.6763059525297876	1.0984809406875264	5.113277124852019e-4	0.216	0.00568984776688911	Bowel_disorder_merged	No bowel disease	Other	385	negative	metaphlan
senter	1	0.5063599073546925	1.6448966781286245	0.00167225518523294	0.006	0.0042600701314652	Bowel_disorder_merged	No bowel disease	Other	385	negative	metaphlan
Total_Reads_QC_ATLAS	1	0.4760157904742357	1.546324622299474	0.00141701421439999	0.007	0.00400478122705048	Bowel_disorder_merged	No bowel disease	Other	385	negative	metaphlan
Bowel_disorder_merged	1	0.2135349462367202	0.6944705076964556	-8.309330621199786e-4	0.988	0.0018851866204562	Bowel_disorder_merged	No bowel disease	Missing	368	negative	metaphlan
kjonn	1	0.4552059687948713	1.4804467644606496	0.0013038595905952	0.023	0.00401877171417445	Bowel_disorder_merged	No bowel disease	Missing	368	negative	metaphlan
age_invitation	2	0.614341614269506	0.998998384760492	-5.443590716801892e-6	0.432	0.0054236958025898	Bowel_disorder_merged	No bowel disease	Missing	368	negative	metaphlan
senter	1	0.4886890178159575	1.5893422425203454	0.00159891286854565	0.007	0.00431437576933766	Bowel_disorder_merged	No bowel disease	Missing	368	negative	metaphlan
Total_Reads_QC_ATLAS	1	0.48732230885029537	1.584897353821872	0.00158687281551962	0.011	0.00430230982181229	Bowel_disorder_merged	No bowel disease	Missing	368	negative	metaphlan
Bowel_disorder_merged	1	0.2535952619174964	0.8716573661234588	-2.449886953644547e-4	0.755	0.00165919810652989	Bowel_disorder_merged	No bowel disease	IBS	524	positive	metaphlan
kjonn	1	0.42380126021603814	1.4566892435076195	8.707854297108155e-4	0.017	0.00277280515092667	Bowel_disorder_merged	No bowel disease	IBS	524	positive	metaphlan
age_invitation	2	0.9479691686320564	1.6291793120426863	0.00239569462041812	0.001	0.00620227932395177	Bowel_disorder_merged	No bowel disease	IBS	524	positive	metaphlan
senter	1	0.46017422633275373	1.58171036418498	0.00110890325128021	0.01	0.00301078261175701	Bowel_disorder_merged	No bowel disease	IBS	524	positive	metaphlan
Total_Reads_QC_ATLAS	1	0.345508897929534	1.187582818639003	3.578543727234834e-4	0.149	0.00226056159290711	Bowel_disorder_merged	No bowel disease	IBS	524	positive	metaphlan
Bowel_disorder_merged	1	0.29293267036018733	1.0046262843646605	9.160875215537556e-6	0.421	0.00198396887812457	Bowel_disorder_merged	No bowel disease	Celiac disease	505	positive	metaphlan
kjonn	1	0.41739989559243895	1.431492450765644	8.537110512710599e-4	0.02	0.00282695815925759	Bowel_disorder_merged	No bowel disease	Celiac disease	505	positive	metaphlan
age_invitation	2	0.8904013558428403	1.5268365331421618	0.00208213697946287	0.004	0.00603049354945631	Bowel_disorder_merged	No bowel disease	Celiac disease	505	positive	metaphlan
senter	1	0.4662797944756392	1.599128348580556	0.00118498690956502	0.006	0.00315801101871128	Bowel_disorder_merged	No bowel disease	Celiac disease	505	positive	metaphlan
Total_Reads_QC_ATLAS	1	0.3642477179470234	1.2492045732539057	4.932310056072036e-4	0.098	0.00246697009058846	Bowel_disorder_merged	No bowel disease	Celiac disease	505	positive	metaphlan
Bowel_disorder_merged	1	0.3362306530558783	1.1533068903020205	3.052989758275374e-4	0.177	0.00229091835402183	Bowel_disorder_merged	No bowel disease	IBD	502	positive	metaphlan
kjonn	1	0.4138393275977137	1.4195128958604446	8.349852764325249e-4	0.018	0.00281970755073332	Bowel_disorder_merged	No bowel disease	IBD	502	positive	metaphlan
age_invitation	2	0.8691852751399267	1.4906989556977417	0.0019511614454743	0.003	0.00592222178961373	Bowel_disorder_merged	No bowel disease	IBD	502	positive	metaphlan
senter	1	0.45774378813564454	1.5701098637251611	0.00113438872017229	0.011	0.00311885200278023	Bowel_disorder_merged	No bowel disease	IBD	502	positive	metaphlan
Total_Reads_QC_ATLAS	1	0.3617475040864804	1.2408324024614152	4.795157759463664e-4	0.101	0.0024647782380971	Bowel_disorder_merged	No bowel disease	IBD	502	positive	metaphlan
Bowel_disorder_merged	1	0.30934517406930695	1.0603510060685957	1.1342887316162263e-4	0.334	0.00198831370162373	Bowel_disorder_merged	No bowel disease	Other	532	positive	metaphlan
kjonn	1	0.43070726393602854	1.4763471969771185	8.945884629142127e-4	0.016	0.00276836759082916	Bowel_disorder_merged	No bowel disease	Other	532	positive	metaphlan
age_invitation	2	0.8406234976734765	1.440714202451514	0.00165407979696617	0.004	0.00540310099667684	Bowel_disorder_merged	No bowel disease	Other	532	positive	metaphlan
senter	1	0.4436365849215065	1.5206653879945862	9.777374322463698e-4	0.009	0.00285147070095674	Bowel_disorder_merged	No bowel disease	Other	532	positive	metaphlan
Total_Reads_QC_ATLAS	1	0.3723144110100805	1.2761924005316032	5.188892617683934e-4	0.078	0.00239304798256674	Bowel_disorder_merged	No bowel disease	Other	532	positive	metaphlan
Bowel_disorder_merged	1	0.3724693331351148	1.2780404381659172	5.524589110302697e-4	0.097	0.00253275143821663	Bowel_disorder_merged	No bowel disease	Missing	503	positive	metaphlan
kjonn	1	0.4401988131033931	1.510438132566191	0.00101375879010436	0.015	0.0029933046235096	Bowel_disorder_merged	No bowel disease	Missing	503	positive	metaphlan
age_invitation	2	0.8559004840910802	1.4684100574226029	0.00185900310803189	0.002	0.00582003131319707	Bowel_disorder_merged	No bowel disease	Missing	503	positive	metaphlan
senter	1	0.45786156697974434	1.5710436957499927	0.00113398834762033	0.004	0.00311340945175586	Bowel_disorder_merged	No bowel disease	Missing	503	positive	metaphlan
Total_Reads_QC_ATLAS	1	0.3619875431860749	1.2420746546033423	4.810302373256225e-4	0.089	0.00246147639297986	Bowel_disorder_merged	No bowel disease	Missing	503	positive	metaphlan
bowel_disorder_merged_2	1	0.25913314919750974	0.8681441114095784	-1.5140740820754307e-4	0.764	9.932945328880265e-4	bowel_disorder_merged_2	No	Missing	871	all	metaphlan
kjonn	1	0.6568749220527934	2.200652819906526	0.00137657867604742	0.001	0.00251789580332302	bowel_disorder_merged_2	No	Missing	871	all	metaphlan
age_invitation	2	0.7915310475842716	1.3258879075991714	7.477479347630308e-4	0.017	0.00303405204857574	bowel_disorder_merged_2	No	Missing	871	all	metaphlan
senter	1	0.6273708642842735	2.1018087542447224	0.00126339464404804	0.002	0.00240480251761164	bowel_disorder_merged_2	No	Missing	871	all	metaphlan
Total_Reads_QC_ATLAS	1	0.5986648590769619	2.0056383126783075	0.00115324748888574	0.001	0.00229476828184605	bowel_disorder_merged_2	No	Missing	871	all	metaphlan
bowel_disorder_merged_2	1	0.4172976069554579	1.3939154464618817	3.929746982616445e-4	0.034	0.0013847982466806	bowel_disorder_merged_2	No	Yes	1002	all	metaphlan
kjonn	1	0.7122218843824726	2.37906249497109	0.00137441824981075	0.001	0.00236350173186034	bowel_disorder_merged_2	No	Yes	1002	all	metaphlan
age_invitation	2	0.9800839847329712	1.6369063497829046	0.00126965608335603	0.001	0.0032523996328664	bowel_disorder_merged_2	No	Yes	1002	all	metaphlan
senter	1	0.6937372754560442	2.3173176359666483	0.00131296212355881	0.001	0.00230216072820914	bowel_disorder_merged_2	No	Yes	1002	all	metaphlan
Total_Reads_QC_ATLAS	1	0.5375530652400471	1.7956094366268758	7.933914240747935e-4	0.003	0.00178386487205918	bowel_disorder_merged_2	No	Yes	1002	all	metaphlan
bowel_disorder_merged_2	1	0.21353494623674865	0.6944705076965481	-8.30933062119727e-4	0.986	0.00188518662045645	bowel_disorder_merged_2	No	Missing	368	negative	metaphlan
kjonn	1	0.4552059687948713	1.4804467644606496	0.0013038595905952	0.01	0.00401877171417445	bowel_disorder_merged_2	No	Missing	368	negative	metaphlan
age_invitation	2	0.614341614269506	0.998998384760492	-5.443590716801892e-6	0.452	0.0054236958025898	bowel_disorder_merged_2	No	Missing	368	negative	metaphlan
senter	1	0.4886890178159575	1.5893422425203454	0.00159891286854565	0.007	0.00431437576933766	bowel_disorder_merged_2	No	Missing	368	negative	metaphlan
Total_Reads_QC_ATLAS	1	0.48732230885029537	1.584897353821872	0.00158687281551962	0.007	0.00430230982181229	bowel_disorder_merged_2	No	Missing	368	negative	metaphlan
bowel_disorder_merged_2	1	0.38633466080321455	1.253867307854924	5.819256329383444e-4	0.09	0.00286234975075453	bowel_disorder_merged_2	No	Yes	436	negative	metaphlan
kjonn	1	0.5300032601245732	1.7201505025334296	0.00164899765148174	0.007	0.00392678900816873	bowel_disorder_merged_2	No	Yes	436	negative	metaphlan
age_invitation	2	0.7421407443809187	1.204326341405256	9.363991302608932e-4	0.059	0.00549851356926406	bowel_disorder_merged_2	No	Yes	436	negative	metaphlan
senter	1	0.5543723609865197	1.799241565264086	0.00182976866534844	0.001	0.00410733943984184	bowel_disorder_merged_2	No	Yes	436	negative	metaphlan
Total_Reads_QC_ATLAS	1	0.4910561527621553	1.5937458342188613	0.0013599503883968	0.01	0.00363823026787954	bowel_disorder_merged_2	No	Yes	436	negative	metaphlan
bowel_disorder_merged_2	1	0.3724693331351148	1.2780404381659172	5.524589110302697e-4	0.087	0.00253275143821663	bowel_disorder_merged_2	No	Missing	503	positive	metaphlan
kjonn	1	0.4401988131033931	1.510438132566191	0.00101375879010436	0.009	0.0029933046235096	bowel_disorder_merged_2	No	Missing	503	positive	metaphlan
age_invitation	2	0.8559004840910802	1.4684100574226029	0.00185900310803189	0.004	0.00582003131319707	bowel_disorder_merged_2	No	Missing	503	positive	metaphlan
senter	1	0.45786156697974434	1.5710436957499927	0.00113398834762033	0.014	0.00311340945175586	bowel_disorder_merged_2	No	Missing	503	positive	metaphlan
Total_Reads_QC_ATLAS	1	0.3619875431860749	1.2420746546033423	4.810302373256225e-4	0.091	0.00246147639297986	bowel_disorder_merged_2	No	Missing	503	positive	metaphlan
bowel_disorder_merged_2	1	0.31358088601169243	1.074169680476882	1.310246685849441e-4	0.315	0.00189248102221811	bowel_disorder_merged_2	No	Yes	566	positive	metaphlan
kjonn	1	0.4212414965514597	1.4429605372612324	7.82003781706621e-4	0.015	0.00254221980214912	bowel_disorder_merged_2	No	Yes	566	positive	metaphlan
age_invitation	2	0.9645474849742186	1.6520261756338428	0.00229868330018596	0.001	0.00582110674396734	bowel_disorder_merged_2	No	Yes	566	positive	metaphlan
senter	1	0.45416955962738825	1.5557554446385715	9.809368968503535e-4	0.009	0.0027409428023363	bowel_disorder_merged_2	No	Yes	566	positive	metaphlan
Total_Reads_QC_ATLAS	1	0.3481210606886975	1.192486867689086	3.3996718810941655e-4	0.129	0.00210093322066586	bowel_disorder_merged_2	No	Yes	566	positive	metaphlan
symtomduration_smerter_cat	1	0.3686055944261852	1.233017517843158	2.2530465948805185e-4	0.112	0.00118707338196806	symtomduration_smerter_cat	No	Yes	1034	all	metaphlan
kjonn	1	0.7837469349542516	2.6217011216523862	0.00156592037410568	0.001	0.00252401249126879	symtomduration_smerter_cat	No	Yes	1034	all	metaphlan
age_invitation	2	0.9656021813336793	1.615011305926361	0.00118816358199254	0.001	0.00310966698380117	symtomduration_smerter_cat	No	Yes	1034	all	metaphlan
senter	1	0.7637090198547298	2.5546725667081067	0.00150129453122423	0.001	0.00245948152374018	symtomduration_smerter_cat	No	Yes	1034	all	metaphlan
Total_Reads_QC_ATLAS	1	0.5636706616527363	1.8855269985633576	8.556762805753173e-4	0.001	0.00181526935228945	symtomduration_smerter_cat	No	Yes	1034	all	metaphlan
symtomduration_smerter_cat	1	0.3090247471085661	1.0042834774510858	9.51874817276162e-6	0.424	0.00222255466551223	symtomduration_smerter_cat	No	Yes	450	negative	metaphlan
kjonn	1	0.5900580381002101	1.917598975311379	0.00203495933047762	0.001	0.00424379036880786	symtomduration_smerter_cat	No	Yes	450	negative	metaphlan
age_invitation	2	0.716664925752724	1.164526062291888	7.30692641372699e-4	0.086	0.00515436705067865	symtomduration_smerter_cat	No	Yes	450	negative	metaphlan
senter	1	0.5729819446721365	1.8621042660698548	0.00191212403507103	0.003	0.00412097641467507	symtomduration_smerter_cat	No	Yes	450	negative	metaphlan
Total_Reads_QC_ATLAS	1	0.4969899370306905	1.6151417868292226	0.00136511566031712	0.008	0.00357442992380196	symtomduration_smerter_cat	No	Yes	450	negative	metaphlan
symtomduration_smerter_cat	1	0.3840644640246466	1.317902257375421	5.44057021267499e-4	0.054	0.00224855376505467	symtomduration_smerter_cat	No	Yes	584	positive	metaphlan
kjonn	1	0.4313537226237827	1.4801735073742548	8.215394279207257e-4	0.013	0.00252541468406671	symtomduration_smerter_cat	No	Yes	584	positive	metaphlan
age_invitation	2	0.9711784559992224	1.666280532782662	0.00227658796759823	0.001	0.00568588655897333	symtomduration_smerter_cat	No	Yes	584	positive	metaphlan
senter	1	0.5007145850641166	1.7181826067471038	0.00122825427378597	0.004	0.00293149658696737	symtomduration_smerter_cat	No	Yes	584	positive	metaphlan
Total_Reads_QC_ATLAS	1	0.3607685716403069	1.2379633095249216	4.073054550870574e-4	0.106	0.00211216502973092	symtomduration_smerter_cat	No	Yes	584	positive	metaphlan
symtomduration_synlig_blod_i_avforingen_cat	1	0.3010774958515299	1.006908733299067	6.681515607599214e-6	0.425	9.69602975753325e-4	symtomduration_synlig_blod_i_avforingen_cat	No	Yes	1034	all	metaphlan
kjonn	1	0.7948293599094427	2.658188124329248	0.00160109594395461	0.001	0.00255970281141286	symtomduration_synlig_blod_i_avforingen_cat	No	Yes	1034	all	metaphlan
age_invitation	2	0.96937924764444	1.6209720815756312	0.00119966561454887	0.001	0.00312183081133724	symtomduration_synlig_blod_i_avforingen_cat	No	Yes	1034	all	metaphlan
senter	1	0.7761679896340183	2.5957779576294477	0.00154092744639862	0.001	0.00249960492830967	symtomduration_synlig_blod_i_avforingen_cat	No	Yes	1034	all	metaphlan
Total_Reads_QC_ATLAS	1	0.5494772800417991	1.837644724852966	8.09445548413232e-4	0.001	0.00176956037292172	symtomduration_synlig_blod_i_avforingen_cat	No	Yes	1034	all	metaphlan
symtomduration_synlig_blod_i_avforingen_cat	1	0.33287021738644285	1.081966901846014	1.8211549867291e-4	0.302	0.00239405504440846	symtomduration_synlig_blod_i_avforingen_cat	No	Yes	450	negative	metaphlan
kjonn	1	0.5835519309911206	1.896786921335536	0.00198889623378929	0.001	0.00419699742149562	symtomduration_synlig_blod_i_avforingen_cat	No	Yes	450	negative	metaphlan
age_invitation	2	0.7337857854535059	1.192554772757073	8.550672243644152e-4	0.065	0.00527750297089732	symtomduration_synlig_blod_i_avforingen_cat	No	Yes	450	negative	metaphlan
senter	1	0.5531682360646926	1.7980272530050505	0.0017702545369773	0.003	0.0039784731008835	symtomduration_synlig_blod_i_avforingen_cat	No	Yes	450	negative	metaphlan
Total_Reads_QC_ATLAS	1	0.4983335728974225	1.6197917500312802	0.00137542061262833	0.007	0.00358409356463428	symtomduration_synlig_blod_i_avforingen_cat	No	Yes	450	negative	metaphlan
symtomduration_synlig_blod_i_avforingen_cat	1	0.21896388440356415	0.7506290289578278	-4.271874986361715e-4	0.948	0.00128195163261715	symtomduration_synlig_blod_i_avforingen_cat	No	Yes	584	positive	metaphlan
kjonn	1	0.44056509579507974	1.5102990657576685	8.730369106811231e-4	0.015	0.0025793438281708	symtomduration_synlig_blod_i_avforingen_cat	No	Yes	584	positive	metaphlan
age_invitation	2	0.9696024205420316	1.6619446750068194	0.00226180645297731	0.001	0.00567665946093882	symtomduration_synlig_blod_i_avforingen_cat	No	Yes	584	positive	metaphlan
senter	1	0.5130595310982358	1.7588168874280274	0.00129765788135881	0.003	0.00300377162796839	symtomduration_synlig_blod_i_avforingen_cat	No	Yes	584	positive	metaphlan
Total_Reads_QC_ATLAS	1	0.3453357133347481	1.1838436821259704	3.1470175718520193e-4	0.166	0.00202181141751468	symtomduration_synlig_blod_i_avforingen_cat	No	Yes	584	positive	metaphlan
symtomduration_annet_se_fritekst_cat	1	0.30352887313330257	1.0151151020129494	1.4617873367797127e-5	0.402	9.774974970637885e-4	symtomduration_annet_se_fritekst_cat	No	Yes	1034	all	metaphlan
kjonn	1	0.7979386112578482	2.668607854025635	0.00161114070791727	0.001	0.00256971597879109	symtomduration_annet_se_fritekst_cat	No	Yes	1034	all	metaphlan
age_invitation	2	0.9698536170037072	1.621778256544925	0.00120122120564401	0.002	0.00312335849091705	symtomduration_annet_se_fritekst_cat	No	Yes	1034	all	metaphlan
senter	1	0.777239868648735	2.5993834471404225	0.0015444036301148	0.001	0.00250305685379941	symtomduration_annet_se_fritekst_cat	No	Yes	1034	all	metaphlan
Total_Reads_QC_ATLAS	1	0.5436768787875508	1.8182606635584475	7.907288599968777e-4	0.002	0.00175088051011505	symtomduration_annet_se_fritekst_cat	No	Yes	1034	all	metaphlan
symtomduration_annet_se_fritekst_cat	1	0.3144163924363852	1.0218459227898815	4.854413844084772e-5	0.425	0.00226133222811929	symtomduration_annet_se_fritekst_cat	No	Yes	450	negative	metaphlan
kjonn	1	0.5836027054957071	1.8966951453098628	0.00198869309747521	0.001	0.00419736259973172	symtomduration_annet_se_fritekst_cat	No	Yes	450	negative	metaphlan
age_invitation	2	0.7313226763649254	1.188390798101409	8.365919638828797e-4	0.086	0.00525978790228967	symtomduration_annet_se_fritekst_cat	No	Yes	450	negative	metaphlan
senter	1	0.5546334968250335	1.8025458945752133	0.00178026034210307	0.005	0.00398901148711165	symtomduration_annet_se_fritekst_cat	No	Yes	450	negative	metaphlan
Total_Reads_QC_ATLAS	1	0.49177028217732754	1.5982419170266502	0.00132766145398501	0.008	0.00353688934378288	symtomduration_annet_se_fritekst_cat	No	Yes	450	negative	metaphlan
symtomduration_annet_se_fritekst_cat	1	0.4093674813459245	1.4049399901221202	6.929099369505067e-4	0.028	0.0023966934660538	symtomduration_annet_se_fritekst_cat	No	Yes	584	positive	metaphlan
kjonn	1	0.44587938451957143	1.5302480207342932	9.071352980102486e-4	0.012	0.00261045700067008	symtomduration_annet_se_fritekst_cat	No	Yes	584	positive	metaphlan
age_invitation	2	0.9733739767853252	1.6702987995452294	0.00229028638127823	0.001	0.00569874051186997	symtomduration_annet_se_fritekst_cat	No	Yes	584	positive	metaphlan
senter	1	0.5161038265807747	1.7712567266808887	0.0013189032768096	0.001	0.00302159483920087	symtomduration_annet_se_fritekst_cat	No	Yes	584	positive	metaphlan
Total_Reads_QC_ATLAS	1	0.3477999197752695	1.1936415033431331	3.314680092115054e-4	0.125	0.00203623842440733	symtomduration_annet_se_fritekst_cat	No	Yes	584	positive	metaphlan
symtomduration_vekslende_avforing_cat	1	0.3298009472052854	1.1030732047377478	9.96740145238316e-5	0.238	0.00106210521949538	symtomduration_vekslende_avforing_cat	No	Yes	1034	all	metaphlan
kjonn	1	0.7804019323231728	2.610181892338293	0.00155481465950446	0.001	0.00251324010027416	symtomduration_vekslende_avforing_cat	No	Yes	1034	all	metaphlan
age_invitation	2	0.9635341296391288	1.611348738173359	0.00118109608621159	0.002	0.00310300694077345	symtomduration_vekslende_avforing_cat	No	Yes	1034	all	metaphlan
senter	1	0.7868062313376072	2.631602117773709	0.00157546574905326	0.001	0.00253386478151926	symtomduration_vekslende_avforing_cat	No	Yes	1034	all	metaphlan
Total_Reads_QC_ATLAS	1	0.5446465803273668	1.8216595613268616	7.94010787979808e-4	0.001	0.00175400337885002	symtomduration_vekslende_avforing_cat	No	Yes	1034	all	metaphlan
symtomduration_vekslende_avforing_cat	1	0.3653006701789252	1.187661991924622	4.168528099910218e-4	0.132	0.00262729997004311	symtomduration_vekslende_avforing_cat	No	Yes	450	negative	metaphlan
kjonn	1	0.5816454908232629	1.8910401721594876	0.00197617626604261	0.001	0.00418328600346442	symtomduration_vekslende_avforing_cat	No	Yes	450	negative	metaphlan
age_invitation	2	0.7229512771324664	1.1752260862853596	7.781765753316685e-4	0.08	0.00519957948016472	symtomduration_vekslende_avforing_cat	No	Yes	450	negative	metaphlan
senter	1	0.5776697271251408	1.8781142078276385	0.00194756449727094	0.001	0.00415469168459865	symtomduration_vekslende_avforing_cat	No	Yes	450	negative	metaphlan
Total_Reads_QC_ATLAS	1	0.49603984112104627	1.6127199150530949	0.00135974837809416	0.004	0.00356759668434001	symtomduration_vekslende_avforing_cat	No	Yes	450	negative	metaphlan
symtomduration_vekslende_avforing_cat	1	0.2636519530950068	0.9040640115277304	-1.6430094322887845e-4	0.641	0.00154358355777938	symtomduration_vekslende_avforing_cat	No	Yes	584	positive	metaphlan
kjonn	1	0.4360736257279711	1.4952988846436053	8.4739583977622e-4	0.012	0.0025530479511084	symtomduration_vekslende_avforing_cat	No	Yes	584	positive	metaphlan
age_invitation	2	0.9691367220481766	1.661587601321477	0.00226058912187247	0.001	0.00567393297046697	symtomduration_vekslende_avforing_cat	No	Yes	584	positive	metaphlan
senter	1	0.5098739639251733	1.7483606542206476	0.0012797994908158	0.002	0.00298512132383517	symtomduration_vekslende_avforing_cat	No	Yes	584	positive	metaphlan
Total_Reads_QC_ATLAS	1	0.34819241124236555	1.1939537120661974	3.32002258554343e-4	0.13	0.00203853631512298	symtomduration_vekslende_avforing_cat	No	Yes	584	positive	metaphlan
symtomduration_endrede_avforingsvaner_cat	1	0.298628349697708	0.9987099644734456	-1.247618119947859e-6	0.467	9.617156396637106e-4	symtomduration_endrede_avforingsvaner_cat	No	Yes	1034	all	metaphlan
kjonn	1	0.7955126452382615	2.660452051750325	0.00160327841857898	0.001	0.00256190329300727	symtomduration_endrede_avforingsvaner_cat	No	Yes	1034	all	metaphlan
age_invitation	2	0.9750958021984388	1.6305181590388085	0.00121808536575713	0.002	0.00314024065060782	symtomduration_endrede_avforingsvaner_cat	No	Yes	1034	all	metaphlan
senter	1	0.7831237941642257	2.619019719459899	0.00156333525034957	0.001	0.00252200570174567	symtomduration_endrede_avforingsvaner_cat	No	Yes	1034	all	metaphlan
Total_Reads_QC_ATLAS	1	0.5445124422678873	1.821026042648638	7.933990728700178e-4	0.001	0.00175357139484781	symtomduration_endrede_avforingsvaner_cat	No	Yes	1034	all	metaphlan
symtomduration_endrede_avforingsvaner_cat	1	0.26820780713080694	0.8713737057992067	-2.859179350338271e-4	0.751	0.00192899280281898	symtomduration_endrede_avforingsvaner_cat	No	Yes	450	negative	metaphlan
kjonn	1	0.580934249479327	1.887382903613985	0.00196808102701707	0.001	0.00417817064366861	symtomduration_endrede_avforingsvaner_cat	No	Yes	450	negative	metaphlan
age_invitation	2	0.7411051706073692	1.2038791223257443	9.053091053329576e-4	0.062	0.00533014514203284	symtomduration_endrede_avforingsvaner_cat	No	Yes	450	negative	metaphlan
senter	1	0.5659809115204553	1.838801374050473	0.00186053501050487	0.001	0.00407062388129299	symtomduration_endrede_avforingsvaner_cat	No	Yes	450	negative	metaphlan
Total_Reads_QC_ATLAS	1	0.49068129086685985	1.594162300355659	0.00131861961398337	0.005	0.00352905714671637	symtomduration_endrede_avforingsvaner_cat	No	Yes	450	negative	metaphlan
symtomduration_endrede_avforingsvaner_cat	1	0.3565350906071387	1.2232360169501446	3.821073918115572e-4	0.099	0.00208737958195305	symtomduration_endrede_avforingsvaner_cat	No	Yes	584	positive	metaphlan
kjonn	1	0.4416885706502285	1.5153890377929888	8.817373288347509e-4	0.014	0.00258592135317537	symtomduration_endrede_avforingsvaner_cat	No	Yes	584	positive	metaphlan
age_invitation	2	0.977171910034116	1.676289244166986	0.00231070732075186	0.001	0.00572097599030113	symtomduration_endrede_avforingsvaner_cat	No	Yes	584	positive	metaphlan
senter	1	0.5120218930286171	1.7566955890738292	0.00129403492902556	0.001	0.00299769664523306	symtomduration_endrede_avforingsvaner_cat	No	Yes	584	positive	metaphlan
Total_Reads_QC_ATLAS	1	0.3449768815312666	1.1835809647392368	3.142521815420855e-4	0.147	0.00201971059153801	symtomduration_endrede_avforingsvaner_cat	No	Yes	584	positive	metaphlan
symtomduration_diare_cat	1	0.4133358686174802	1.3828456152989823	3.701198419152516e-4	0.032	0.0013311246895541	symtomduration_diare_cat	No	Yes	1034	all	metaphlan
kjonn	1	0.7971759600397377	2.667010933868149	0.00160960126784862	0.001	0.00256725990385779	symtomduration_diare_cat	No	Yes	1034	all	metaphlan
age_invitation	2	0.9677424405838336	1.6188268334613822	0.00119552613116308	0.001	0.00311655956716069	symtomduration_diare_cat	No	Yes	1034	all	metaphlan
senter	1	0.761556774004589	2.5478443215100817	0.00149471058242048	0.001	0.00245255033821618	symtomduration_diare_cat	No	Yes	1034	all	metaphlan
Total_Reads_QC_ATLAS	1	0.5426340279602755	1.815422137901435	7.879880029394946e-4	0.003	0.00174752206825431	symtomduration_diare_cat	No	Yes	1034	all	metaphlan
symtomduration_diare_cat	1	0.38657451882744454	1.2570235804422525	5.708374705593747e-4	0.067	0.00278030484104316	symtomduration_diare_cat	No	Yes	450	negative	metaphlan
kjonn	1	0.5842736267082387	1.8998813693941508	0.0019957454117335	0.002	0.00420218797079036	symtomduration_diare_cat	No	Yes	450	negative	metaphlan
age_invitation	2	0.728965946043644	1.1851885456595197	8.22383331939125e-4	0.083	0.00524283792653553	symtomduration_diare_cat	No	Yes	450	negative	metaphlan
senter	1	0.5607249692622531	1.8233082476396512	0.00182623265607066	0.002	0.00403282231654152	symtomduration_diare_cat	No	Yes	450	negative	metaphlan
Total_Reads_QC_ATLAS	1	0.49654963900380267	1.614629456129469	0.00136398025264137	0.007	0.00357126323102725	symtomduration_diare_cat	No	Yes	450	negative	metaphlan
symtomduration_diare_cat	1	0.2448622118644721	0.8395401380784282	-2.7483555136334714e-4	0.821	0.00143357665178869	symtomduration_diare_cat	No	Yes	584	positive	metaphlan
kjonn	1	0.4425118086093107	1.5172060322105538	8.848431267257726e-4	0.015	0.00259074110346685	symtomduration_diare_cat	No	Yes	584	positive	metaphlan
age_invitation	2	0.9719568187085486	1.6662366062356893	0.00227643821836568	0.001	0.00569044358146453	symtomduration_diare_cat	No	Yes	584	positive	metaphlan
senter	1	0.5083585034129499	1.7429695047632423	0.00127059159923288	0.005	0.00297624886944341	symtomduration_diare_cat	No	Yes	584	positive	metaphlan
Total_Reads_QC_ATLAS	1	0.34370956535681785	1.178450418140682	3.054724425609186e-4	0.178	0.00201229092941746	symtomduration_diare_cat	No	Yes	584	positive	metaphlan
symtomduration_luftplager_cat	1	0.2432282419940179	0.813287332203921	-1.8060579224890637e-4	0.885	7.83302739242081e-4	symtomduration_luftplager_cat	No	Yes	1034	all	metaphlan
kjonn	1	0.795079644880218	2.6585243472268196	0.00160142007064749	0.001	0.00256050883994636	symtomduration_luftplager_cat	No	Yes	1034	all	metaphlan
age_invitation	2	0.9763842797983102	1.632378213181643	0.00122167437702516	0.001	0.00314439011953937	symtomduration_luftplager_cat	No	Yes	1034	all	metaphlan
senter	1	0.80518994418685	2.692330365325146	0.00163400878398723	0.001	0.00259306848465093	symtomduration_luftplager_cat	No	Yes	1034	all	metaphlan
Total_Reads_QC_ATLAS	1	0.5440896933235422	1.819284025305072	7.917170060053091e-4	0.002	0.00175220995588249	symtomduration_luftplager_cat	No	Yes	1034	all	metaphlan
symtomduration_luftplager_cat	1	0.2949565857645098	0.9584651730103152	-9.230813553805335e-5	0.549	0.00212137423280266	symtomduration_luftplager_cat	No	Yes	450	negative	metaphlan
kjonn	1	0.5834677749482466	1.8959859479394745	0.00198712336295432	0.001	0.00419639215797718	symtomduration_luftplager_cat	No	Yes	450	negative	metaphlan
age_invitation	2	0.7407409594767387	1.2035235796489985	9.03731772993406e-4	0.066	0.00532752567820288	symtomduration_luftplager_cat	No	Yes	450	negative	metaphlan
senter	1	0.5797993362949398	1.884065309926236	0.0019607375330919	0.001	0.00417000816925026	symtomduration_luftplager_cat	No	Yes	450	negative	metaphlan
Total_Reads_QC_ATLAS	1	0.5017124903196759	1.630321111797819	0.00139875432758871	0.004	0.00360839527105578	symtomduration_luftplager_cat	No	Yes	450	negative	metaphlan
symtomduration_luftplager_cat	1	0.25810538538138417	0.8850156279351746	-1.969298217752107e-4	0.724	0.00151111047869025	symtomduration_luftplager_cat	No	Yes	584	positive	metaphlan
kjonn	1	0.4415306369327822	1.5139611028273707	8.792965387133926e-4	0.012	0.00258499671033996	symtomduration_luftplager_cat	No	Yes	584	positive	metaphlan
age_invitation	2	0.9705176522859064	1.663900364168714	0.00226847371111574	0.001	0.00568201780042699	symtomduration_luftplager_cat	No	Yes	584	positive	metaphlan
senter	1	0.517228791691764	1.773521940229356	0.00132277182739545	0.001	0.00302818108909591	symtomduration_luftplager_cat	No	Yes	584	positive	metaphlan
Total_Reads_QC_ATLAS	1	0.3457498291907939	1.185539006625623	3.176028748351452e-4	0.129	0.00202423591093832	symtomduration_luftplager_cat	No	Yes	584	positive	metaphlan
symtomduration_obstipasjon_cat	1	0.32884255945214136	1.0998642872497897	9.65712216959052e-5	0.213	0.00105901878616782	symtomduration_obstipasjon_cat	No	Yes	1034	all	metaphlan
kjonn	1	0.7835243317233562	2.6206170882792805	0.00156487526565062	0.001	0.0025232956102064	symtomduration_obstipasjon_cat	No	Yes	1034	all	metaphlan
age_invitation	2	0.9787338628727866	1.6367626262994055	0.00123013408682317	0.002	0.00315195681838662	symtomduration_obstipasjon_cat	No	Yes	1034	all	metaphlan
senter	1	0.7696095571463957	2.574076994296836	0.00152000424621048	0.001	0.00247848386896815	symtomduration_obstipasjon_cat	No	Yes	1034	all	metaphlan
Total_Reads_QC_ATLAS	1	0.5456651315287786	1.825060575996726	7.972947384338438e-4	0.003	0.00175728356514575	symtomduration_obstipasjon_cat	No	Yes	1034	all	metaphlan
symtomduration_obstipasjon_cat	1	0.2650467129490153	0.8610837427851263	-3.0879812065339954e-4	0.775	0.00190625771545914	symtomduration_obstipasjon_cat	No	Yes	450	negative	metaphlan
kjonn	1	0.559811285813197	1.8187148668171125	0.0018160622880507	0.004	0.0040262509612326	symtomduration_obstipasjon_cat	No	Yes	450	negative	metaphlan
age_invitation	2	0.7433237165137996	1.2074550195228724	9.211729669645636e-4	0.06	0.00534610127370555	symtomduration_obstipasjon_cat	No	Yes	450	negative	metaphlan
senter	1	0.562973352978986	1.8289877904076772	0.00183880764737576	0.001	0.00404899304644663	symtomduration_obstipasjon_cat	No	Yes	450	negative	metaphlan
Total_Reads_QC_ATLAS	1	0.49695393889291495	1.6145039224690827	0.00136370204935705	0.003	0.00357417101952387	symtomduration_obstipasjon_cat	No	Yes	450	negative	metaphlan
symtomduration_obstipasjon_cat	1	0.3691018187645057	1.2664458292909078	4.560347957561079e-4	0.073	0.00216095307432086	symtomduration_obstipasjon_cat	No	Yes	584	positive	metaphlan
kjonn	1	0.44089382893773177	1.5127753980929024	8.772697872063916e-4	0.012	0.00258126843774769	symtomduration_obstipasjon_cat	No	Yes	584	positive	metaphlan
age_invitation	2	0.9678092932000196	1.6603522126020105	0.00225637742731307	0.001	0.00566616137112897	symtomduration_obstipasjon_cat	No	Yes	584	positive	metaphlan
senter	1	0.5088005992078592	1.7457741036454444	0.00127538177559066	0.004	0.00297883717494229	symtomduration_obstipasjon_cat	No	Yes	584	positive	metaphlan
Total_Reads_QC_ATLAS	1	0.3464734698970915	1.1888044398694149	3.23190787694817e-4	0.148	0.00202847255657234	symtomduration_obstipasjon_cat	No	Yes	584	positive	metaphlan
symptoms_overall_cat	1	0.29078319259673435	0.9727972678205036	-2.9063592722890476e-5	0.516	0.00103546873206578	symptoms_overall_cat	No symptoms	1 symptom	936	all	metaphlan
kjonn	1	0.7251364685210433	2.4258994100548357	0.00152107959781374	0.001	0.00258218548647498	symptoms_overall_cat	No symptoms	1 symptom	936	all	metaphlan
age_invitation	2	0.8714037619732835	1.457613817439115	9.768521290753312e-4	0.003	0.00310303817930489	symptoms_overall_cat	No symptoms	1 symptom	936	all	metaphlan
senter	1	0.6785762803337434	2.270135167103462	0.00135514311130484	0.001	0.00241638629224883	symptoms_overall_cat	No symptoms	1 symptom	936	all	metaphlan
Total_Reads_QC_ATLAS	1	0.5153049982761786	1.723921145306751	7.728223107846252e-4	0.003	0.00183498299343657	symptoms_overall_cat	No symptoms	1 symptom	936	all	metaphlan
symptoms_overall_cat	1	0.2835900857034517	0.9554706002716322	-5.6728567920311815e-5	0.554	0.00121301464777296	symptoms_overall_cat	No symptoms	2+ symptoms	785	all	metaphlan
kjonn	1	0.5312105796311641	1.789752593542985	0.00100504313136734	0.004	0.00227217468673562	symptoms_overall_cat	No symptoms	2+ symptoms	785	all	metaphlan
age_invitation	2	0.8772770582223757	1.477859205382762	0.0012159952378717	0.003	0.00375242286464024	symptoms_overall_cat	No symptoms	2+ symptoms	785	all	metaphlan
senter	1	0.6101396778462629	2.055680200509258	0.00134300944207918	0.001	0.00260978223050054	symptoms_overall_cat	No symptoms	2+ symptoms	785	all	metaphlan
Total_Reads_QC_ATLAS	1	0.505335069891828	1.7025729279998427	8.941970565040075e-4	0.01	0.00216149602089105	symptoms_overall_cat	No symptoms	2+ symptoms	785	all	metaphlan
symptoms_overall_cat	1	0.3881340563657716	1.2550416677853733	6.356098772623824e-4	0.09	0.00311920907471285	symptoms_overall_cat	No symptoms	1 symptom	401	negative	metaphlan
kjonn	1	0.5526476090490604	1.7870005622616576	0.00195875068421906	0.004	0.004441309410993	symptoms_overall_cat	No symptoms	1 symptom	401	negative	metaphlan
age_invitation	2	0.6552628172626385	1.0594047668932762	2.9619536895974255e-4	0.31	0.00526596852918618	symptoms_overall_cat	No symptoms	1 symptom	401	negative	metaphlan
senter	1	0.5121587325419341	1.656078716407522	0.0016334340525959	0.003	0.00411592371253488	symptoms_overall_cat	No symptoms	1 symptom	401	negative	metaphlan
Total_Reads_QC_ATLAS	1	0.4280530384398275	1.3841207450186892	9.569903869283952e-4	0.029	0.00344001486100374	symptoms_overall_cat	No symptoms	1 symptom	401	negative	metaphlan
symptoms_overall_cat	1	0.32054742721075513	1.0513756167837285	1.519757660799106e-4	0.322	0.0031002823504529	symptoms_overall_cat	No symptoms	2+ symptoms	338	negative	metaphlan
kjonn	1	0.4261153387058556	1.397631798050022	0.00117504308743898	0.024	0.00412131794456249	symptoms_overall_cat	No symptoms	2+ symptoms	338	negative	metaphlan
age_invitation	2	0.6631453916990324	1.087537811926422	5.177070590724965e-4	0.224	0.00641383389521619	symptoms_overall_cat	No symptoms	2+ symptoms	338	negative	metaphlan
senter	1	0.4354516507607684	1.428254320684607	0.00126542129747478	0.018	0.00421161722955141	symptoms_overall_cat	No symptoms	2+ symptoms	338	negative	metaphlan
Total_Reads_QC_ATLAS	1	0.5162105941568456	1.6931386302006122	0.00204650921776543	0.005	0.00499270453707007	symptoms_overall_cat	No symptoms	2+ symptoms	338	negative	metaphlan
symptoms_overall_cat	1	0.3433724873407016	1.1831784901549516	3.422725106415529e-4	0.135	0.00220457824495632	symptoms_overall_cat	No symptoms	1 symptom	535	positive	metaphlan
kjonn	1	0.4330685067164666	1.4922492651603645	9.192462931739216e-4	0.015	0.00278045983205269	symptoms_overall_cat	No symptoms	1 symptom	535	positive	metaphlan
age_invitation	2	0.9164839463813336	1.5789909382792056	0.00215977737103803	0.001	0.00588416557683976	symptoms_overall_cat	No symptoms	1 symptom	535	positive	metaphlan
senter	1	0.46465618565767386	1.6010927621062157	0.00112227695243556	0.004	0.00298326440251134	symptoms_overall_cat	No symptoms	1 symptom	535	positive	metaphlan
Total_Reads_QC_ATLAS	1	0.34446826689134014	1.186954281291592	3.493251840240669e-4	0.132	0.00221161355456226	symptoms_overall_cat	No symptoms	1 symptom	535	positive	metaphlan
symptoms_overall_cat	1	0.2661742433762839	0.9184631006331728	-1.8244245001904812e-4	0.674	0.00205002658253366	symptoms_overall_cat	No symptoms	2+ symptoms	447	positive	metaphlan
kjonn	1	0.32802928177424917	1.1319006204929214	2.949926415670199e-4	0.193	0.0025264230639175	symptoms_overall_cat	No symptoms	2+ symptoms	447	positive	metaphlan
age_invitation	2	0.962064396024914	1.6598537803161344	0.00294367510144261	0.001	0.0074096485104764	symptoms_overall_cat	No symptoms	2+ symptoms	447	positive	metaphlan
senter	1	0.4698842100916352	1.6213864386917065	0.00138819649265532	0.004	0.00361896443916598	symptoms_overall_cat	No symptoms	2+ symptoms	447	positive	metaphlan
Total_Reads_QC_ATLAS	1	0.31178105866079875	1.0758343640765842	1.696230443420221e-4	0.306	0.00240128214540112	symptoms_overall_cat	No symptoms	2+ symptoms	447	positive	metaphlan
symptoms_GI_related_cat	1	0.24856943282844668	0.8305602846537136	-1.727512602147227e-4	0.85	8.431524827044319e-4	symptoms_GI_related_cat	No symptoms	1 symptom	981	all	metaphlan
kjonn	1	0.7509287320442581	2.509124208654327	0.00153599001929862	0.001	0.0025471652630522	symptoms_GI_related_cat	No symptoms	1 symptom	981	all	metaphlan
age_invitation	2	0.9244813297268024	1.5445130715345623	0.00110888739623334	0.002	0.0031358591420652	symptoms_GI_related_cat	No symptoms	1 symptom	981	all	metaphlan
senter	1	0.7851642646462551	2.623517492573556	0.00165222739296571	0.001	0.00266329287368244	symptoms_GI_related_cat	No symptoms	1 symptom	981	all	metaphlan
Total_Reads_QC_ATLAS	1	0.5366031389995101	1.79298496521534	8.076906001150898e-4	0.002	0.00182016856910432	symptoms_GI_related_cat	No symptoms	1 symptom	981	all	metaphlan
symptoms_GI_related_cat	1	0.2780433815571257	0.932576185981608	-7.886448112573109e-5	0.616	0.00108712044302433	symptoms_GI_related_cat	No symptoms	2+ symptoms	855	all	metaphlan
kjonn	1	0.5212373942358681	1.7482652469021522	8.743987890951333e-4	0.003	0.00203798351095124	symptoms_GI_related_cat	No symptoms	2+ symptoms	855	all	metaphlan
age_invitation	2	0.8845800117703959	1.4834704011879405	0.001129647368705	0.002	0.0034586150150412	symptoms_GI_related_cat	No symptoms	2+ symptoms	855	all	metaphlan
senter	1	0.6161240119040201	2.0665213388475725	0.00124583932704152	0.001	0.00240898022829367	symptoms_GI_related_cat	No symptoms	2+ symptoms	855	all	metaphlan
Total_Reads_QC_ATLAS	1	0.59628026276377	1.999964070750946	0.00116818237467624	0.001	0.0023313932516291	symptoms_GI_related_cat	No symptoms	2+ symptoms	855	all	metaphlan
symptoms_GI_related_cat	1	0.3286239629044303	1.062112163510427	1.468157079649362e-4	0.327	0.00250067224134217	symptoms_GI_related_cat	No symptoms	1 symptom	423	negative	metaphlan
kjonn	1	0.5707015102586581	1.8445064395859971	0.00199249117720102	0.002	0.00434276737515614	symptoms_GI_related_cat	No symptoms	1 symptom	423	negative	metaphlan
age_invitation	2	0.7051062292920847	1.1394511466528223	6.589090356135511e-4	0.127	0.00536552343658806	symptoms_GI_related_cat	No symptoms	1 symptom	423	negative	metaphlan
senter	1	0.5517637535750168	1.7832996379105337	0.00184834947148649	0.003	0.00419866004337935	symptoms_GI_related_cat	No symptoms	1 symptom	423	negative	metaphlan
Total_Reads_QC_ATLAS	1	0.4669409522683452	1.509152469169086	0.00120222305988098	0.007	0.00355319882142286	symptoms_GI_related_cat	No symptoms	1 symptom	423	negative	metaphlan
symptoms_GI_related_cat	1	0.28919257047895996	0.9444412585233488	-1.5058836850104606e-4	0.599	0.00255473869323901	symptoms_GI_related_cat	No symptoms	2+ symptoms	369	negative	metaphlan
kjonn	1	0.45483949353621256	1.4854087813874743	0.00131374276182763	0.018	0.00401807021330355	symptoms_GI_related_cat	No symptoms	2+ symptoms	369	negative	metaphlan
age_invitation	2	0.6321733605055044	1.0322716852855518	1.7488369373455784e-4	0.367	0.00558464466166446	symptoms_GI_related_cat	No symptoms	2+ symptoms	369	negative	metaphlan
senter	1	0.4300164137041378	1.4043418967223449	0.00109457808385855	0.023	0.00379878213675535	symptoms_GI_related_cat	No symptoms	2+ symptoms	369	negative	metaphlan
Total_Reads_QC_ATLAS	1	0.4920129146959624	1.6068092468475197	0.00164176966350815	0.003	0.00434646169735723	symptoms_GI_related_cat	No symptoms	2+ symptoms	369	negative	metaphlan
symptoms_GI_related_cat	1	0.32623865264827145	1.1223062690496952	2.191388297437729e-4	0.215	0.00200453833083166	symptoms_GI_related_cat	No symptoms	1 symptom	558	positive	metaphlan
kjonn	1	0.43077066785215834	1.481910917448619	8.628944071920928e-4	0.008	0.00264682406115308	symptoms_GI_related_cat	No symptoms	1 symptom	558	positive	metaphlan
age_invitation	2	0.9324254856391292	1.6038365770881406	0.00215961477667943	0.001	0.00572918816159741	symptoms_GI_related_cat	No symptoms	1 symptom	558	positive	metaphlan
senter	1	0.511017296660981	1.757970464198107	0.00135652734146845	0.005	0.00313989084542751	symptoms_GI_related_cat	No symptoms	1 symptom	558	positive	metaphlan
Total_Reads_QC_ATLAS	1	0.35171285579463074	1.2099410654115723	3.760969663329077e-4	0.12	0.00216106183361024	symptoms_GI_related_cat	No symptoms	1 symptom	558	positive	metaphlan
symptoms_GI_related_cat	1	0.34438347452498874	1.1827844556669262	3.759583052114292e-4	0.143	0.00242632993726697	symptoms_GI_related_cat	No symptoms	2+ symptoms	486	positive	metaphlan
kjonn	1	0.3464258842902552	1.189799108520962	3.903806885067895e-4	0.125	0.0024407195939265	symptoms_GI_related_cat	No symptoms	2+ symptoms	486	positive	metaphlan
age_invitation	2	0.9507727873907754	1.6327137580396958	0.00259699835986749	0.001	0.00669860387687566	symptoms_GI_related_cat	No symptoms	2+ symptoms	486	positive	metaphlan
senter	1	0.47250949842859313	1.6228330661544657	0.00127990925175061	0.013	0.00332903297192649	symptoms_GI_related_cat	No symptoms	2+ symptoms	486	positive	metaphlan
Total_Reads_QC_ATLAS	1	0.35108019206941776	1.205784320647288	4.2324531563280526e-4	0.127	0.00247351119729078	symptoms_GI_related_cat	No symptoms	2+ symptoms	486	positive	metaphlan
final_result	1	0.05409624172392924	0.9614917725228848	-8.732786920310104e-5	0.404	0.00215610340413177	final_result	1. Negative	3. Non neoplastic findings	441	all	ko_hum
kjonn	1	0.09372662732630488	1.6658713834587455	0.00150763603575026	0.092	0.00373564398923196	final_result	1. Negative	3. Non neoplastic findings	441	all	ko_hum
age_invitation	2	0.10640842546958496	0.945637093776736	-2.466045912268978e-4	0.493	0.00424109995578099	final_result	1. Negative	3. Non neoplastic findings	441	all	ko_hum
senter	1	0.3244871589076226	5.7673458199037295	0.01069469503454792	0.001	0.01293302169655706	final_result	1. Negative	3. Non neoplastic findings	441	all	ko_hum
Total_Reads_QC_ATLAS	1	0.0975555968119508	1.7339264375691172	0.00166146721735407	0.078	0.00388825448266419	final_result	1. Negative	3. Non neoplastic findings	441	all	ko_hum
final_result	1	0.04490227988715389	0.785321917369417	-0.00120751297303587	0.607	0.00440257156418377	final_result	1. Negative	4. Other lesions	178	all	ko_hum
kjonn	1	0.08602075086018424	1.5044666143645715	0.00282607278088119	0.12	0.00843414883650773	final_result	1. Negative	4. Other lesions	178	all	ko_hum
age_invitation	2	0.0992254518954052	0.8677056302060928	-0.00148866642674907	0.618	0.00972884125384852	final_result	1. Negative	4. Other lesions	178	all	ko_hum
senter	1	0.11857085275358514	2.0737541537442503	0.00599615593484668	0.045	0.01162561602631003	final_result	1. Negative	4. Other lesions	178	all	ko_hum
Total_Reads_QC_ATLAS	1	0.05744611598703031	1.0047083147167133	2.6450506625863565e-5	0.363	0.00563246760193256	final_result	1. Negative	4. Other lesions	178	all	ko_hum
final_result	1	0.04877619891249551	0.8722354792750049	-4.109872357305219e-4	0.485	0.00278950834001213	final_result	1. Negative	5b. >= 3 Non-advanced adenomas	311	all	ko_hum
kjonn	1	0.1441401585894404	2.577571912390813	0.00504697730786959	0.02	0.00824336835343089	final_result	1. Negative	5b. >= 3 Non-advanced adenomas	311	all	ko_hum
age_invitation	2	0.10569341563967072	0.9450259460773942	-3.536559216869107e-4	0.476	0.00604460107562215	final_result	1. Negative	5b. >= 3 Non-advanced adenomas	311	all	ko_hum
senter	1	0.10350685898277943	1.8509510122972372	0.00272871065339057	0.068	0.00591955201140028	final_result	1. Negative	5b. >= 3 Non-advanced adenomas	311	all	ko_hum
Total_Reads_QC_ATLAS	1	0.06924204733028816	1.2382139585633916	7.653750339124683e-4	0.251	0.00395994917221547	final_result	1. Negative	5b. >= 3 Non-advanced adenomas	311	all	ko_hum
final_result	1	0.07149788901767096	1.4183993294701616	8.951280695633111e-4	0.157	0.0030004377987502	final_result	1. Negative	5c. Advanced adenoma	467	all	ko_hum
kjonn	1	0.06254423517943053	1.2407737131763803	5.153097219297549e-4	0.218	0.00262469409803	final_result	1. Negative	5c. Advanced adenoma	467	all	ko_hum
age_invitation	2	0.25989516182999495	2.57794410672107	0.00671242941449544	0.003	0.01090660546739061	final_result	1. Negative	5c. Advanced adenoma	467	all	ko_hum
senter	1	0.13052138841478467	2.5893274941766347	0.00339172789674	0.016	0.00547738279724994	final_result	1. Negative	5c. Advanced adenoma	467	all	ko_hum
Total_Reads_QC_ATLAS	1	0.07575923131828688	1.5029372807982433	0.00107579491098718	0.142	0.00317926675003603	final_result	1. Negative	5c. Advanced adenoma	467	all	ko_hum
final_result	1	0.07939752726726468	1.4149566974614949	0.00167716900789026	0.161	0.00570690572492339	final_result	1. Negative	5d. Advanced serrated	247	all	ko_hum
kjonn	1	0.09061108458665323	1.6147953898936582	0.00248287017310739	0.084	0.00651290959765559	final_result	1. Negative	5d. Advanced serrated	247	all	ko_hum
age_invitation	2	0.1236825135664521	1.102083446129422	8.259039272093972e-4	0.299	0.0088900053822749	final_result	1. Negative	5d. Advanced serrated	247	all	ko_hum
senter	1	0.06989254819389856	1.24556686553614	9.932103885595283e-4	0.196	0.00502371039937533	final_result	1. Negative	5d. Advanced serrated	247	all	ko_hum
Total_Reads_QC_ATLAS	1	0.05224925800152036	0.931142821334766	-2.788517393087808e-4	0.447	0.00375555259558839	final_result	1. Negative	5d. Advanced serrated	247	all	ko_hum
final_result	1	0.14151125595338243	2.500394514965758	0.00634415227104753	0.015	0.01045863972761429	final_result	1. Negative	6. Cancer	235	all	ko_hum
kjonn	1	0.18218172430891677	3.219010255545198	0.0093542682483784	0.011	0.01346446264408954	final_result	1. Negative	6. Cancer	235	all	ko_hum
age_invitation	2	0.13226627978121464	1.1685214658430516	0.00143217118515396	0.239	0.00977537340774688	final_result	1. Negative	6. Cancer	235	all	ko_hum
senter	1	0.05634686346476236	0.9956055254659671	-1.8700241326668552e-5	0.399	0.00416441463111002	final_result	1. Negative	6. Cancer	235	all	ko_hum
Total_Reads_QC_ATLAS	1	0.07989280216250094	1.411644062986546	0.00174861385733497	0.15	0.00590461888715354	final_result	1. Negative	6. Cancer	235	all	ko_hum
detect_worthy_lesions	1	0.10244087155415826	1.92118275480552	8.900994299425478e-4	0.04	0.00184304872799896	detect_worthy_lesions	negative	positive	1034	all	ko_hum
kjonn	1	0.096632372887413	1.8122497937660167	7.849247957084919e-4	0.075	0.00173854604350482	detect_worthy_lesions	negative	positive	1034	all	ko_hum
age_invitation	2	0.23878609881965215	2.239104998716603	0.00239099092825052	0.008	0.00429608230598396	detect_worthy_lesions	negative	positive	1034	all	ko_hum
senter	1	0.2162970450157005	4.056448822576316	0.00294723476821966	0.002	0.00389147405364826	detect_worthy_lesions	negative	positive	1034	all	ko_hum
Total_Reads_QC_ATLAS	1	0.09872490260418232	1.851493231905353	8.228168364970773e-4	0.068	0.0017761934607347	detect_worthy_lesions	negative	positive	1034	all	ko_hum
final_result_cat_neg	1	0.04740231605719458	0.8472742898877174	-2.580491906387953e-4	0.53	0.00141818137065388	final_result_cat_neg	Negative	>= 3 Non-advanced adenomas	592	all	ko_hum
kjonn	1	0.12043007653074513	2.152580634469307	0.00194314358918651	0.034	0.00360302418127102	final_result_cat_neg	Negative	>= 3 Non-advanced adenomas	592	all	ko_hum
age_invitation	2	0.1358258137327084	1.2138828801101915	7.220555567166269e-4	0.205	0.00406363348274403	final_result_cat_neg	Negative	>= 3 Non-advanced adenomas	592	all	ko_hum
senter	1	0.28432335446089496	5.082027383613157	0.00684809673180455	0.001	0.00850637939403092	final_result_cat_neg	Negative	>= 3 Non-advanced adenomas	592	all	ko_hum
Total_Reads_QC_ATLAS	1	0.09064319673050392	1.6201666190809247	0.00104648247564539	0.089	0.00271186101591769	final_result_cat_neg	Negative	>= 3 Non-advanced adenomas	592	all	ko_hum
final_result_cat_neg	1	0.06509357476818423	1.162227527156055	3.0715473144605717e-4	0.268	0.00218167708713074	final_result_cat_neg	Negative	Advanced serrated	528	all	ko_hum
kjonn	1	0.08536174081331183	1.5241099492922954	9.916481375704495e-4	0.119	0.00286098520035529	final_result_cat_neg	Negative	Advanced serrated	528	all	ko_hum
age_invitation	2	0.12804594283157655	1.143112204464816	5.417979794000362e-4	0.256	0.00429158946287037	final_result_cat_neg	Negative	Advanced serrated	528	all	ko_hum
senter	1	0.25712215382374737	4.59084396700969	0.00675490183429971	0.003	0.00861770940663034	final_result_cat_neg	Negative	Advanced serrated	528	all	ko_hum
Total_Reads_QC_ATLAS	1	0.08680441971706543	1.5498685766339495	0.00104033433612371	0.087	0.00290933804500417	final_result_cat_neg	Negative	Advanced serrated	528	all	ko_hum
final_result_cat_neg	1	0.06684103600651525	1.2718406783496723	3.63291338216381e-4	0.193	0.00168064981214302	final_result_cat_neg	Negative	Advanced adenoma	748	all	ko_hum
kjonn	1	0.08026788403704188	1.527324622458175	7.044827959007997e-4	0.106	0.00201825423853129	final_result_cat_neg	Negative	Advanced adenoma	748	all	ko_hum
age_invitation	2	0.20635763755497297	1.9632702708630232	0.00256897234272355	0.024	0.00518865274256428	final_result_cat_neg	Negative	Advanced adenoma	748	all	ko_hum
senter	1	0.311090840208351	5.91938738352877	0.006533750446544	0.001	0.00782206251418092	final_result_cat_neg	Negative	Advanced adenoma	748	all	ko_hum
Total_Reads_QC_ATLAS	1	0.10548713379291996	2.007192524473627	0.00134470340809273	0.043	0.00265236660268545	final_result_cat_neg	Negative	Advanced adenoma	748	all	ko_hum
final_result_cat_neg	1	0.12489218034350812	2.2144092925287477	0.00234798039403015	0.04	0.0042389937316283	final_result_cat_neg	Negative	Cancer	516	all	ko_hum
kjonn	1	0.1129906333506483	2.003388104621155	0.00194077665196675	0.043	0.00383504063415934	final_result_cat_neg	Negative	Cancer	516	all	ko_hum
age_invitation	2	0.13836815448971507	1.2266729840464554	8.778062367726809e-4	0.207	0.00469638481709289	final_result_cat_neg	Negative	Cancer	516	all	ko_hum
senter	1	0.22439481959371577	3.978647600970199	0.00573944152565676	0.002	0.00761623530833866	final_result_cat_neg	Negative	Cancer	516	all	ko_hum
Total_Reads_QC_ATLAS	1	0.10099454879747329	1.7906907120746554	0.00153000184849533	0.061	0.00342787881598042	final_result_cat_neg	Negative	Cancer	516	all	ko_hum
kjonn	1	0.10685508278881883	2.002173027256627	9.682810851743352e-4	0.033	0.00192246631082242	kjonn	Female	Male	1034	all	ko_hum
age_invitation	2	0.2412839190363414	2.2605015222349563	0.00243217748320122	0.011	0.00434102144310078	kjonn	Female	Male	1034	all	ko_hum
senter	1	0.25679948685815646	4.8117224991242455	0.00367284587029461	0.001	0.0046201673260315	kjonn	Female	Male	1034	all	ko_hum
Total_Reads_QC_ATLAS	1	0.09967920472060143	1.8677166294878664	8.384807212983471e-4	0.066	0.00179336263623184	kjonn	Female	Male	1034	all	ko_hum
kjonn	1	0.08607892820267082	1.5293241298337206	0.00117489384482591	0.101	0.00336085065850497	kjonn	Female	Male	450	negative	ko_hum
age_invitation	2	0.11378509194272368	1.0107833029335775	4.792349404454932e-5	0.394	0.00444260528294875	kjonn	Female	Male	450	negative	ko_hum
senter	1	0.319399432621676	5.674620601844028	0.01028124375109462	0.001	0.0124705757363202	kjonn	Female	Male	450	negative	ko_hum
Total_Reads_QC_ATLAS	1	0.0918591822422954	1.632019204736993	0.00140251730414621	0.09	0.00358653388901243	kjonn	Female	Male	450	negative	ko_hum
kjonn	1	0.05326725204090721	1.046281249247146	7.924243460321779e-5	0.308	0.00178664311986957	kjonn	Female	Male	584	positive	ko_hum
age_invitation	2	0.230460295736858	2.2633632943956896	0.00430794791481487	0.01	0.00772989568647463	kjonn	Female	Male	584	positive	ko_hum
senter	1	0.04707615869584103	0.9246751098069704	-1.289976145962056e-4	0.449	0.00157898693514771	kjonn	Female	Male	584	positive	ko_hum
Total_Reads_QC_ATLAS	1	0.0513508311481452	1.0086386983563564	1.4792072897432648e-5	0.368	0.00172236422295561	kjonn	Female	Male	584	positive	ko_hum
age_invitation	1	0.05139925043902593	0.996005631162078	-5.763913219505471e-6	0.388	0.00143009800378172	age_invitation	low	mid	693	all	ko_hum
kjonn	1	0.09082714912813827	1.7600325145079672	0.00109552652053658	0.063	0.00252711320783606	age_invitation	low	mid	693	all	ko_hum
senter	1	0.19134258703475385	3.707802984283101	0.00389215554672206	0.003	0.00532378681439034	age_invitation	low	mid	693	all	ko_hum
Total_Reads_QC_ATLAS	1	0.09590483727804866	1.8584270620431536	0.00123717898142122	0.054	0.00266839137094132	age_invitation	low	mid	693	all	ko_hum
age_invitation	1	0.16251276956452898	2.9824126427538364	0.00287730514796426	0.01	0.0043139483347052	age_invitation	low	high	687	all	ko_hum
kjonn	1	0.08192401851228226	1.5034586464247863	7.322998016853752e-4	0.136	0.00217469669725299	age_invitation	low	high	687	all	ko_hum
senter	1	0.1734009934939138	3.182231874135762	0.00316640762516683	0.003	0.00460297937893595	age_invitation	low	high	687	all	ko_hum
Total_Reads_QC_ATLAS	1	0.08536491017416381	1.566605430657437	8.240735169250166e-4	0.102	0.00226603615872701	age_invitation	low	high	687	all	ko_hum
age_invitation	1	0.06236520480237217	1.137630006471489	4.219997749684943e-4	0.278	0.00344955805577194	age_invitation	low	mid	326	negative	ko_hum
kjonn	1	0.10561709885217496	1.9266060495022932	0.00283429379058243	0.044	0.00584191642322521	age_invitation	low	mid	326	negative	ko_hum
senter	1	0.21542994185596245	3.929748437840919	0.00890691234756033	0.002	0.01191590877859908	age_invitation	low	mid	326	negative	ko_hum
Total_Reads_QC_ATLAS	1	0.09570323483813326	1.745763074349861	0.00228239554610587	0.069	0.00529355857557866	age_invitation	low	mid	326	negative	ko_hum
age_invitation	1	0.06506090574042034	1.131673493222355	4.358149269818575e-4	0.291	0.00372951455293333	age_invitation	low	high	302	negative	ko_hum
kjonn	1	0.07224304008057914	1.2565999904025222	8.4894751813747e-4	0.238	0.00414121915860874	age_invitation	low	high	302	negative	ko_hum
senter	1	0.1548541525645959	2.6935428853688683	0.00557648631340214	0.014	0.00887677183401117	age_invitation	low	high	302	negative	ko_hum
Total_Reads_QC_ATLAS	1	0.0731587859363465	1.272528531508834	9.015987421444605e-4	0.202	0.00419371285596824	age_invitation	low	high	302	negative	ko_hum
age_invitation	1	0.03592952602101818	0.7403413720406453	-7.08017631733465e-4	0.662	0.00202276819726806	age_invitation	low	mid	367	positive	ko_hum
kjonn	1	0.05021856631300281	1.034772411535115	9.47387390754528e-5	0.362	0.00282721566632736	age_invitation	low	mid	367	positive	ko_hum
senter	1	0.05225851393176128	1.0768062980405817	2.092376764829434e-4	0.302	0.00294206107689313	age_invitation	low	mid	367	positive	ko_hum
Total_Reads_QC_ATLAS	1	0.05355308425663097	1.1034814055818405	2.818862005493012e-4	0.279	0.00301494307596936	age_invitation	low	mid	367	positive	ko_hum
age_invitation	1	0.16688019336294957	3.205895000388564	0.005696956138507	0.005	0.00830329928286606	age_invitation	low	high	385	positive	ko_hum
kjonn	1	0.04811216362040937	0.924271129486788	-1.9673706282796928e-4	0.467	0.00239387122962894	age_invitation	low	high	385	positive	ko_hum
senter	1	0.04892181552773422	0.939825156297522	-1.5632272830706784e-4	0.434	0.00243415631059622	age_invitation	low	high	385	positive	ko_hum
Total_Reads_QC_ATLAS	1	0.04996859927959107	0.9599346655744384	-1.0407663452137546e-4	0.396	0.00248624013553046	age_invitation	low	high	385	positive	ko_hum
senter	1	0.25679948685814225	4.811722499123979	0.00367284587029435	0.001	0.00462016732603124	senter	Moss	Bærum	1034	all	ko_hum
kjonn	1	0.10685508278882594	2.00217302725676	9.682810851744636e-4	0.042	0.00192246631082255	senter	Moss	Bærum	1034	all	ko_hum
age_invitation	2	0.2412839190363414	2.2605015222349563	0.00243217748320122	0.006	0.00434102144310078	senter	Moss	Bærum	1034	all	ko_hum
Total_Reads_QC_ATLAS	1	0.09967920472060143	1.8677166294878664	8.384807212983471e-4	0.048	0.00179336263623184	senter	Moss	Bærum	1034	all	ko_hum
senter	1	0.3193994326216725	5.674620601843965	0.01028124375109448	0.001	0.01247057573632006	senter	Moss	Bærum	450	negative	ko_hum
kjonn	1	0.08607892820266727	1.5293241298336575	0.00117489384482577	0.118	0.00336085065850483	senter	Moss	Bærum	450	negative	ko_hum
age_invitation	2	0.1137850919427308	1.0107833029336406	4.792349404482982e-5	0.401	0.00444260528294903	senter	Moss	Bærum	450	negative	ko_hum
Total_Reads_QC_ATLAS	1	0.0918591822422954	1.632019204736993	0.00140251730414621	0.069	0.00358653388901243	senter	Moss	Bærum	450	negative	ko_hum
senter	1	0.04707615869583748	0.9246751098069008	-1.2899761459632514e-4	0.445	0.00157898693514759	senter	Moss	Bærum	584	positive	ko_hum
kjonn	1	0.05326725204091076	1.0462812492472158	7.924243460333727e-5	0.318	0.00178664311986969	senter	Moss	Bærum	584	positive	ko_hum
age_invitation	2	0.23046029573685445	2.2633632943956545	0.00430794791481475	0.01	0.00772989568647451	senter	Moss	Bærum	584	positive	ko_hum
Total_Reads_QC_ATLAS	1	0.0513508311481381	1.008638698356217	1.4792072897193671e-5	0.374	0.00172236422295537	senter	Moss	Bærum	584	positive	ko_hum
fobt_verdi	1	0.0625245930232694	1.1687665242372365	2.4452935632999237e-4	0.258	0.00168469030539503	fobt_verdi	low	mid	690	all	ko_hum
kjonn	1	0.07628796075242406	1.4260439039814972	6.170739179716513e-4	0.154	0.00205553657662569	fobt_verdi	low	mid	690	all	ko_hum
age_invitation	2	0.21720275697889943	2.030075679457011	0.00297683858096547	0.014	0.00585240720961181	fobt_verdi	low	mid	690	all	ko_hum
senter	1	0.1268171685508079	2.3705817844439796	0.00198241264606092	0.025	0.00341701791382604	fobt_verdi	low	mid	690	all	ko_hum
Total_Reads_QC_ATLAS	1	0.08951799824792062	1.673351790230115	9.749207617244568e-4	0.075	0.00241201256200925	fobt_verdi	low	mid	690	all	ko_hum
fobt_verdi	1	0.04134879402515423	0.7854999161278857	-3.096197652781168e-4	0.613	0.00112426730686121	fobt_verdi	low	high	693	all	ko_hum
kjonn	1	0.09076615576250192	1.724277803491027	0.001044042751083	0.072	0.00246791772043399	fobt_verdi	low	high	693	all	ko_hum
age_invitation	2	0.14906526278613086	1.4158907675137482	0.00119882305360424	0.106	0.00405306141304074	fobt_verdi	low	high	693	all	ko_hum
senter	1	0.2808047420668842	5.334426469794178	0.00621570699117337	0.001	0.00763503745539325	fobt_verdi	low	high	693	all	ko_hum
Total_Reads_QC_ATLAS	1	0.10084233718625056	1.9156942607262493	0.00131960448264799	0.064	0.0027418875330924	fobt_verdi	low	high	693	all	ko_hum
fobt_verdi	1	0.04443067654475285	0.8002096007370321	-6.18928963863076e-4	0.571	0.00246922073587584	fobt_verdi	low	mid	323	negative	ko_hum
kjonn	1	0.08942774990541125	1.610620175331799	0.00188689782492603	0.1	0.00496991879488357	fobt_verdi	low	mid	323	negative	ko_hum
age_invitation	2	0.08064109308250167	0.7261849460422778	-0.00169832868060086	0.785	0.00448160313297148	fobt_verdi	low	mid	323	negative	ko_hum
senter	1	0.1577701130954985	2.841486311405153	0.00566887663369399	0.017	0.00876802392069108	fobt_verdi	low	mid	323	negative	ko_hum
Total_Reads_QC_ATLAS	1	0.06980059411301198	1.257129305472556	7.954327442831841e-4	0.219	0.00387914584615202	fobt_verdi	low	mid	323	negative	ko_hum
fobt_verdi	1	0.04444659312378718	0.8004605265873225	-6.525152809419295e-4	0.615	0.00258028918746386	fobt_verdi	low	high	306	negative	ko_hum
kjonn	1	0.06994828325562708	1.2597329899445755	8.480807692505349e-4	0.21	0.00406075665829964	fobt_verdi	low	high	306	negative	ko_hum
age_invitation	2	0.10571365482943662	0.9519245668230316	-3.143172818068393e-4	0.473	0.00613706881344069	fobt_verdi	low	high	306	negative	ko_hum
senter	1	0.29786421529408713	5.364382956457039	0.01406212566945655	0.001	0.01729211982378937	fobt_verdi	low	high	306	negative	ko_hum
Total_Reads_QC_ATLAS	1	0.0919005707053131	1.6550825170237995	0.00213621933687478	0.109	0.00533516817030839	fobt_verdi	low	high	306	negative	ko_hum
fobt_verdi	1	0.0659070212925954	1.2772843922749864	7.549728884915992e-4	0.237	0.00346454013004189	fobt_verdi	low	mid	367	positive	ko_hum
kjonn	1	0.03409660372179246	0.6607954495483116	-9.251181327848348e-4	0.782	0.00179235913830561	fobt_verdi	low	mid	367	positive	ko_hum
age_invitation	2	0.2322093930209661	2.2501201513005613	0.00676654580942507	0.007	0.01220657139278411	fobt_verdi	low	mid	367	positive	ko_hum
senter	1	0.05461666606643334	1.0584762253940274	1.5931038017528263e-4	0.292	0.00287103904326373	fobt_verdi	low	mid	367	positive	ko_hum
Total_Reads_QC_ATLAS	1	0.05625521345835338	1.0902314309647805	2.4580177634541425e-4	0.318	0.00295717270676341	fobt_verdi	low	mid	367	positive	ko_hum
fobt_verdi	1	0.06073332451701674	1.2094264339201333	5.408608872177682e-4	0.232	0.00312126672054666	fobt_verdi	low	high	387	positive	ko_hum
kjonn	1	0.05336066457886801	1.0626093464576694	1.6175508805509045e-4	0.295	0.00274236373293887	fobt_verdi	low	high	387	positive	ko_hum
age_invitation	2	0.12085165963603473	1.2033030705077457	0.00104955913133677	0.227	0.00621092730135493	fobt_verdi	low	high	387	positive	ko_hum
senter	1	0.0547823653462558	1.0909206978101145	2.348820211184789e-4	0.289	0.00281542917645135	fobt_verdi	low	high	387	positive	ko_hum
Total_Reads_QC_ATLAS	1	0.07743638917504825	1.54204659073767	0.00139867814474875	0.131	0.00397968704024521	fobt_verdi	low	high	387	positive	ko_hum
runde	1	0.04551443244674402	0.8333565101902232	-2.142406061851548e-4	0.536	0.00106482264680947	runde	2nd round	3rd round	778	all	ko_hum
kjonn	1	0.0779954736642452	1.428075277430349	5.499227109425408e-4	0.147	0.00182472552642501	runde	2nd round	3rd round	778	all	ko_hum
age_invitation	2	0.1422641255155881	1.302408146071649	7.767949535985949e-4	0.151	0.00332830828671316	runde	2nd round	3rd round	778	all	ko_hum
senter	1	0.26074647548551866	4.774194934964131	0.00482773025691658	0.001	0.00610023540329997	runde	2nd round	3rd round	778	all	ko_hum
Total_Reads_QC_ATLAS	1	0.08551075367685002	1.5656779495439657	7.265642007669201e-4	0.11	0.00200054756625599	runde	2nd round	3rd round	778	all	ko_hum
runde	1	0.08114409530401545	1.5783148498232416	0.00109202894757357	0.1	0.00295838893880716	runde	2nd round	4th round	529	all	ko_hum
kjonn	1	0.0874894847105736	1.7017375374600858	0.00132477862112064	0.07	0.00318973207921009	runde	2nd round	4th round	529	all	ko_hum
age_invitation	2	0.2330799434144062	2.266791776460374	0.00476655404534471	0.01	0.00849773632784414	runde	2nd round	4th round	529	all	ko_hum
senter	1	0.12715267459067547	2.4732169820774916	0.00277717504845728	0.013	0.00463579099180845	runde	2nd round	4th round	529	all	ko_hum
Total_Reads_QC_ATLAS	1	0.06588275967554225	1.2814701741840542	5.317967660787818e-4	0.183	0.00240198410928083	runde	2nd round	4th round	529	all	ko_hum
runde	1	0.05030609197096325	0.8641095046280829	-3.9404070074764753e-4	0.477	0.00247462982638513	runde	2nd round	3rd round	345	negative	ko_hum
kjonn	1	0.07364661900457037	1.2650305553908825	7.676148232114797e-4	0.225	0.00362278429630999	runde	2nd round	3rd round	345	negative	ko_hum
age_invitation	2	0.12864163491997616	1.1048409354617454	6.074043746023687e-4	0.28	0.00632806911082791	runde	2nd round	3rd round	345	negative	ko_hum
senter	1	0.27257137515957197	4.681968062652973	0.01055967443085952	0.002	0.01340818235648317	runde	2nd round	3rd round	345	negative	ko_hum
Total_Reads_QC_ATLAS	1	0.10101260101741973	1.7350969873934612	0.00212618560799531	0.078	0.00496895675105771	runde	2nd round	3rd round	345	negative	ko_hum
runde	1	0.03907812389859799	0.7403454380504226	-0.00114013422369295	0.713	0.0032188885822467	runde	2nd round	4th round	228	negative	ko_hum
kjonn	1	0.06579705669165925	1.2465427174860515	0.00108015970165739	0.205	0.00541974315552593	runde	2nd round	4th round	228	negative	ko_hum
age_invitation	2	0.11577809912742865	1.0967234217482054	8.477318090080115e-4	0.287	0.00953671169891749	runde	2nd round	4th round	228	negative	ko_hum
senter	1	0.1720857191173515	3.2602096618750016	0.00981589335471378	0.003	0.01417480424269878	runde	2nd round	4th round	228	negative	ko_hum
Total_Reads_QC_ATLAS	1	0.09162641550366324	1.735886781542328	0.00321718988610277	0.065	0.00754732298465114	runde	2nd round	4th round	228	negative	ko_hum
runde	1	0.03922045331576029	0.7590730972229002	-5.567229383610718e-4	0.629	0.00175857437295777	runde	2nd round	3rd round	433	positive	ko_hum
kjonn	1	0.03427671182625858	0.6633918685003994	-7.779907841195541e-4	0.755	0.00153690592308107	runde	2nd round	3rd round	433	positive	ko_hum
age_invitation	2	0.12297527763889704	1.1900324573975936	8.76978305104804e-4	0.24	0.00551398960185473	runde	2nd round	3rd round	433	positive	ko_hum
senter	1	0.0574063978567807	1.1110440736299751	2.5638707474542573e-4	0.294	0.00257399931872244	runde	2nd round	3rd round	433	positive	ko_hum
Total_Reads_QC_ATLAS	1	0.03396013451158097	0.657264827570297	-7.921632208494071e-4	0.724	0.00152271116739659	runde	2nd round	3rd round	433	positive	ko_hum
runde	1	0.06794467336140286	1.3520194593893038	0.00116813373283779	0.18	0.00448586566251218	runde	2nd round	4th round	301	positive	ko_hum
kjonn	1	0.04753127570843496	0.9458167433609004	-1.8004322912820424e-4	0.45	0.00313812558140857	runde	2nd round	4th round	301	positive	ko_hum
age_invitation	2	0.148794024527664	1.480413450015425	0.00318195876562805	0.079	0.0098237282246589	runde	2nd round	4th round	301	positive	ko_hum
senter	1	0.03601613994641362	0.716679022071823	-9.421525232638724e-4	0.725	0.00237786948540441	runde	2nd round	4th round	301	positive	ko_hum
Total_Reads_QC_ATLAS	1	0.05943281750285223	1.1826434923423457	6.064210414800661e-4	0.252	0.00392389310408914	runde	2nd round	4th round	301	positive	ko_hum
colo_hemorrhoids	1	0.04069386602675706	0.7623158457482906	-2.299214728651176e-4	0.641	7.321372502997848e-4	colo_hemorrhoids	No	Yes	1034	all	ko_hum
kjonn	1	0.10843860629434944	2.03137415881522	9.964665657149114e-4	0.05	0.00195095602335949	colo_hemorrhoids	No	Yes	1034	all	ko_hum
age_invitation	2	0.24257189676143295	2.272042677302673	0.00245439184936838	0.006	0.00436419389050295	colo_hemorrhoids	No	Yes	1034	all	ko_hum
senter	1	0.26764850102034643	5.013843936194999	0.00386685009997007	0.001	0.0048153556473364	colo_hemorrhoids	No	Yes	1034	all	ko_hum
Total_Reads_QC_ATLAS	1	0.1004257906279662	1.8812705449799616	8.515668126024493e-4	0.058	0.0018067947184275	colo_hemorrhoids	No	Yes	1034	all	ko_hum
colo_hemorrhoids	1	0.17303499360981078	3.0886939506333633	0.00462009773432078	0.003	0.00675594810902737	colo_hemorrhoids	No	Yes	450	negative	ko_hum
kjonn	1	0.08767593990019762	1.5650253138766297	0.00125403722466699	0.113	0.00342320410466587	colo_hemorrhoids	No	Yes	450	negative	ko_hum
age_invitation	2	0.11618458983207702	1.0369539486919372	1.6421280169106255e-4	0.379	0.00453629086001039	colo_hemorrhoids	No	Yes	450	negative	ko_hum
senter	1	0.3892660858346808	6.948443083226932	0.01304630638280549	0.001	0.01519843715794023	colo_hemorrhoids	No	Yes	450	negative	ko_hum
Total_Reads_QC_ATLAS	1	0.09070072116695373	1.619017997123615	0.00137370588546168	0.105	0.00354130313685033	colo_hemorrhoids	No	Yes	450	negative	ko_hum
colo_hemorrhoids	1	0.07990814446932859	1.5711154710551636	9.76982023128103e-4	0.12	0.00268020840324239	colo_hemorrhoids	No	Yes	584	positive	ko_hum
kjonn	1	0.05404340239731908	1.0625753629841626	1.0713811434549308e-4	0.332	0.00181267606959266	colo_hemorrhoids	No	Yes	584	positive	ko_hum
age_invitation	2	0.23397009297240956	2.300103670748246	0.00443267375114095	0.008	0.00784761820533519	colo_hemorrhoids	No	Yes	584	positive	ko_hum
senter	1	0.04201752568200945	0.826128363921668	-2.978140710584146e-4	0.54	0.00140931473461507	colo_hemorrhoids	No	Yes	584	positive	ko_hum
Total_Reads_QC_ATLAS	1	0.0513580178165185	1.009776624023978	1.6740514312095383e-5	0.37	0.00172260527183859	colo_hemorrhoids	No	Yes	584	positive	ko_hum
colo_diverticulitis	1	0.12746993575395038	2.3916725782314563	0.00134410254118236	0.022	0.00229335517538255	colo_diverticulitis	No	Yes	1034	all	ko_hum
kjonn	1	0.10851318266873732	2.0359938351769116	0.00100092541838877	0.037	0.00195229775239663	colo_diverticulitis	No	Yes	1034	all	ko_hum
age_invitation	2	0.23258375530274833	2.1819426926417007	0.0022809414903575	0.006	0.00418449382419914	colo_diverticulitis	No	Yes	1034	all	ko_hum
senter	1	0.2546348774958247	4.777622663461777	0.00364010803563723	0.001	0.004581223099266	colo_diverticulitis	No	Yes	1034	all	ko_hum
Total_Reads_QC_ATLAS	1	0.09917869751559748	1.8608542460602573	8.318550677882447e-4	0.057	0.00178435784006462	colo_diverticulitis	No	Yes	1034	all	ko_hum
colo_diverticulitis	1	0.07868696059971825	1.399251590537748	8.864392849851171e-4	0.156	0.00307223996475263	colo_diverticulitis	No	Yes	450	negative	ko_hum
kjonn	1	0.08720338263460548	1.5506949426151868	0.00122227076508077	0.097	0.00340475366121347	colo_diverticulitis	No	Yes	450	negative	ko_hum
age_invitation	2	0.10830854082770004	0.9629988048014944	-1.6447680460826038e-4	0.447	0.0042287797764563	colo_diverticulitis	No	Yes	450	negative	ko_hum
senter	1	0.3194321458066227	5.680305029984893	0.01029361724756527	0.001	0.01247185298420729	colo_diverticulitis	No	Yes	450	negative	ko_hum
Total_Reads_QC_ATLAS	1	0.09116357456446876	1.6211170915260424	0.00137835771109654	0.089	0.00355937470417011	colo_diverticulitis	No	Yes	450	negative	ko_hum
colo_diverticulitis	1	0.09323383565478947	1.833951554605632	0.00142596296331432	0.05	0.00312716696712188	colo_diverticulitis	No	Yes	584	positive	ko_hum
kjonn	1	0.05452066099806885	1.0724459665668442	1.2403592579505313e-4	0.335	0.00182868385604226	colo_diverticulitis	No	Yes	584	positive	ko_hum
age_invitation	2	0.23098677293189596	2.2718069482858776	0.00433661510637516	0.005	0.00774755431954173	colo_diverticulitis	No	Yes	584	positive	ko_hum
senter	1	0.04709714607254867	0.9264220832558022	-1.2600545884136591e-4	0.473	0.00157969087520022	colo_diverticulitis	No	Yes	584	positive	ko_hum
Total_Reads_QC_ATLAS	1	0.05163619994926449	1.0157073181190757	2.6895369289305257e-5	0.344	0.00173193581123191	colo_diverticulitis	No	Yes	584	positive	ko_hum
colo_IBD	1	0.06101974857917014	1.143503389146747	1.387654505167324e-4	0.271	0.00109782714941271	colo_IBD	No	Yes	1034	all	ko_hum
kjonn	1	0.10742192583582975	2.01307509654135	9.788041532198563e-4	0.05	0.00193266457779261	colo_IBD	No	Yes	1034	all	ko_hum
age_invitation	2	0.2405995938055057	2.254404986501733	0.00242044249780067	0.011	0.00432870951401335	colo_IBD	No	Yes	1034	all	ko_hum
senter	1	0.2509961596292669	4.70364047512416	0.00356907341428272	0.001	0.0045157576826431	colo_IBD	No	Yes	1034	all	ko_hum
Total_Reads_QC_ATLAS	1	0.10089406511220744	1.8907437032604504	8.607127937708738e-4	0.052	0.00181521960470035	colo_IBD	No	Yes	1034	all	ko_hum
colo_IBD	1	0.05064466782739885	0.8995766577797958	-2.2321279554479817e-4	0.476	0.00197736157700204	colo_IBD	No	Yes	450	negative	ko_hum
kjonn	1	0.08625707281307626	1.532142525556791	0.00118114219903101	0.121	0.00336780610560093	colo_IBD	No	Yes	450	negative	ko_hum
age_invitation	2	0.11513858485085392	1.0225754041335802	1.0032506335435644e-4	0.37	0.004495450823972	colo_IBD	No	Yes	450	negative	ko_hum
senter	1	0.32024744918001957	5.6884000301412065	0.01031123738769322	0.001	0.01250368554690963	colo_IBD	No	Yes	450	negative	ko_hum
Total_Reads_QC_ATLAS	1	0.09283434373375954	1.6489713971036497	0.00144008183374236	0.09	0.00362460792419348	colo_IBD	No	Yes	450	negative	ko_hum
colo_IBD	1	0.06500734333382852	1.2774944427533066	4.749360456164122e-4	0.212	0.00218041889262824	colo_IBD	No	Yes	584	positive	ko_hum
kjonn	1	0.0538307406047025	1.057856981151489	9.906035927765318e-5	0.309	0.00180554315557738	colo_IBD	No	Yes	584	positive	ko_hum
age_invitation	2	0.23237816443387516	2.283294459189264	0.00437561389766724	0.004	0.00779422314436016	colo_IBD	No	Yes	584	positive	ko_hum
senter	1	0.04693487547241659	0.9223426079639404	-1.3299267106173655e-4	0.433	0.00157424813805545	colo_IBD	No	Yes	584	positive	ko_hum
Total_Reads_QC_ATLAS	1	0.05067760604794813	0.9958930295895588	-7.032533035695565e-6	0.392	0.00169978350126817	colo_IBD	No	Yes	584	positive	ko_hum
BMI	1	0.08806961544021874	1.62392624466201	9.785176167034294e-4	0.088	0.00253384671817682	BMI	low	mid	637	all	ko_hum
kjonn	1	0.086849003473219	1.601419233613405	9.432526582771744e-4	0.108	0.00249872854931359	BMI	low	mid	637	all	ko_hum
age_invitation	2	0.17246886393618863	1.590087075622198	0.00184928049952975	0.067	0.00496209348352426	BMI	low	mid	637	all	ko_hum
senter	1	0.14117066809500756	2.6030629491230948	0.0025102650490275	0.015	0.00406161457918677	BMI	low	mid	637	all	ko_hum
Total_Reads_QC_ATLAS	1	0.07686103094746244	1.417249805434749	6.545944678499219e-4	0.126	0.00221136506669673	BMI	low	mid	637	all	ko_hum
BMI	1	0.248331050133352	4.531973653506917	0.00563733983584406	0.001	0.00720269643598272	BMI	low	high	623	all	ko_hum
kjonn	1	0.0952809698081154	1.7388516040144302	0.00118455280140781	0.074	0.00276356863664597	BMI	low	high	623	all	ko_hum
age_invitation	2	0.11299843568053092	1.031095251916071	9.981427982630808e-5	0.384	0.00327745334105714	BMI	low	high	623	all	ko_hum
senter	1	0.12720880900710085	2.3215259251897593	0.00211673932471153	0.022	0.00368961688346678	BMI	low	high	623	all	ko_hum
Total_Reads_QC_ATLAS	1	0.092070963506103	1.6802698681400827	0.00109073495027172	0.094	0.00267046428687347	BMI	low	high	623	all	ko_hum
BMI	1	0.04412637613326709	0.7811441519533358	-7.4750663564959e-4	0.636	0.00265145517365826	BMI	low	mid	293	negative	ko_hum
kjonn	1	0.06140707946994084	1.0870546194776889	2.9702649129527127e-4	0.323	0.00368981395771291	BMI	low	mid	293	negative	ko_hum
age_invitation	2	0.10520890701134178	0.931226736103461	-4.696625537425935e-4	0.503	0.00632176773292396	BMI	low	mid	293	negative	ko_hum
senter	1	0.1891813452881408	3.348969810804052	0.00795320130051161	0.004	0.01136748359323595	BMI	low	mid	293	negative	ko_hum
Total_Reads_QC_ATLAS	1	0.06769108018104575	1.198296711770183	6.763228640619268e-4	0.247	0.00406740549494704	BMI	low	mid	293	negative	ko_hum
BMI	1	0.16111925581760644	2.791187475931298	0.00631163882100183	0.012	0.00977879003944076	BMI	low	high	282	negative	ko_hum
kjonn	1	0.091326303549506	1.5821127859419133	0.00205997747062945	0.095	0.00554285546415279	BMI	low	high	282	negative	ko_hum
age_invitation	2	0.09430848646657886	0.8168876679691882	-0.00130035775582947	0.661	0.00572385270409955	BMI	low	high	282	negative	ko_hum
senter	1	0.1177407004103852	2.0397088276330915	0.00367336735873431	0.054	0.00714602101758241	BMI	low	high	282	negative	ko_hum
Total_Reads_QC_ATLAS	1	0.0918274782115347	1.590795003550293	0.00209063781975938	0.101	0.00557327319273649	BMI	low	high	282	negative	ko_hum
BMI	1	0.07677151277921723	1.471751677821239	0.00136949307315759	0.128	0.00426648846527206	BMI	low	mid	344	positive	ko_hum
kjonn	1	0.07239420608162561	1.3878363263672997	0.00112616151169682	0.17	0.00402322468345834	BMI	low	mid	344	positive	ko_hum
age_invitation	2	0.1664024469287284	1.5950127306024198	0.00344745031266433	0.072	0.00924762447310608	BMI	low	mid	344	positive	ko_hum
senter	1	0.03472169478164133	0.6656337839614813	-9.72940507192847e-4	0.754	0.00192961822579419	BMI	low	mid	344	positive	ko_hum
Total_Reads_QC_ATLAS	1	0.04922477721572349	0.9436657665710312	-1.6378912896509635e-4	0.429	0.00273561034026315	BMI	low	mid	344	positive	ko_hum
BMI	1	0.12862303003037567	2.4552410249573606	0.00424943423438891	0.017	0.0071970355909383	BMI	low	high	341	positive	ko_hum
kjonn	1	0.03293537257710355	0.6286920616351778	-0.00109006653584436	0.825	0.00184288185857734	BMI	low	high	341	positive	ko_hum
age_invitation	2	0.09703134262882428	0.9260990550165146	-4.3362457624303714e-4	0.533	0.0054293389463089	BMI	low	high	341	positive	ko_hum
senter	1	0.0372104066507859	0.7102967247994392	-8.502921044225488e-4	0.749	0.00208208919472468	BMI	low	high	341	positive	ko_hum
Total_Reads_QC_ATLAS	1	0.04439802073063603	0.8474986314583136	-4.47418183070132e-4	0.497	0.00248426844936045	BMI	low	high	341	positive	ko_hum
Høyde	1	0.03661343078660195	0.6872386341462855	-4.84385236597387e-4	0.728	0.00105853355256997	Høyde	low	mid	646	all	ko_hum
kjonn	1	0.06785397228198065	1.2736274703197827	4.233925982572282e-4	0.217	0.00196173111321523	Høyde	low	mid	646	all	ko_hum
age_invitation	2	0.18824088371440695	1.7666523600093518	0.00236791638181711	0.024	0.00544224583974355	Høyde	low	mid	646	all	ko_hum
senter	1	0.15020929555547724	2.8194470962113987	0.0028085712838151	0.01	0.00434271183654159	Høyde	low	mid	646	all	ko_hum
Total_Reads_QC_ATLAS	1	0.08008973089740579	1.5032941761693068	7.784866383560318e-4	0.14	0.00231548001784709	Høyde	low	mid	646	all	ko_hum
Høyde	1	0.05808927635066396	1.068754526003721	1.040051061754069e-4	0.333	0.00160732760996455	Høyde	low	high	661	all	ko_hum
kjonn	1	0.03757262233830971	0.6912792291556586	-4.672693291858389e-4	0.719	0.00103963273528447	Høyde	low	high	661	all	ko_hum
age_invitation	2	0.1652938608282426	1.5205780909921272	0.00157264570678451	0.079	0.00457367354110337	Høyde	low	high	661	all	ko_hum
senter	1	0.204170582353548	3.756428857022175	0.00415277161498638	0.002	0.00564939064102576	Høyde	low	high	661	all	ko_hum
Total_Reads_QC_ATLAS	1	0.07436994529495422	1.3682941263172228	5.568669220887702e-4	0.164	0.00205781297226931	Høyde	low	high	661	all	ko_hum
Høyde	1	0.04153913992000113	0.7272592954138425	-9.381325481729944e-4	0.691	0.00247562665085981	Høyde	low	mid	291	negative	ko_hum
kjonn	1	0.05463147339138174	0.9564773590053496	-1.4958471242744895e-4	0.403	0.00325589628875107	Høyde	low	mid	291	negative	ko_hum
age_invitation	2	0.15752865976371666	1.3789907822824798	0.00259798056080677	0.121	0.0093883058035467	Høyde	low	mid	291	negative	ko_hum
senter	1	0.1966285450539829	3.442534857717503	0.00832372463965329	0.003	0.01171855910817848	Høyde	low	mid	291	negative	ko_hum
Total_Reads_QC_ATLAS	1	0.0806282026162286	1.411623108665495	0.00141251438180282	0.158	0.00480523495652711	Høyde	low	mid	291	negative	ko_hum
Høyde	1	0.04155724863064236	0.7448447285395489	-8.598473604279991e-4	0.642	0.00249035476247395	Høyde	low	high	297	negative	ko_hum
kjonn	1	0.03251668104828909	0.5828075550353297	-0.00140666429185128	0.839	0.0019485907796298	Høyde	low	high	297	negative	ko_hum
age_invitation	2	0.1167131730327462	1.0459449861228876	3.0929815100088904e-4	0.373	0.00699413979228713	Høyde	low	high	297	negative	ko_hum
senter	1	0.15229278558916803	2.7295954924468777	0.00578983642245319	0.013	0.00912627944292631	Høyde	low	high	297	negative	ko_hum
Total_Reads_QC_ATLAS	1	0.07878241344978676	1.4120440426950824	0.00138543159548687	0.16	0.00472110558323157	Høyde	low	high	297	negative	ko_hum
Høyde	1	0.03269369206493877	0.6594597166951532	-9.60189483108312e-4	0.768	0.00186215793627339	Høyde	low	mid	355	positive	ko_hum
kjonn	1	0.05514819798815651	1.112386296086747	3.1648092385333255e-4	0.308	0.00314111524482588	Høyde	low	mid	355	positive	ko_hum
age_invitation	2	0.11456601611752149	1.1554472401233613	8.749928163657996e-4	0.279	0.00652541828915241	Høyde	low	mid	355	positive	ko_hum
senter	1	0.03614915456783407	0.7291593492323366	-7.635139193646599e-4	0.678	0.00205897317850669	Høyde	low	mid	355	positive	ko_hum
Total_Reads_QC_ATLAS	1	0.04711280768069059	0.9503056046441553	-1.40003810593126e-4	0.404	0.0026834377881966	Høyde	low	mid	355	positive	ko_hum
Høyde	1	0.05175499122587013	0.97278455256159	-7.477330337175161e-5	0.419	0.00267596442071816	Høyde	low	high	364	positive	ko_hum
kjonn	1	0.06285153977486502	1.1813547939920672	4.979793490379399e-4	0.245	0.00324970558860458	Høyde	low	high	364	positive	ko_hum
age_invitation	2	0.10871475773886984	1.0216989169441228	1.1921060551151053e-4	0.388	0.00562103899209615	Høyde	low	high	364	positive	ko_hum
senter	1	0.07609431198070027	1.4302653614522576	0.00118065210919161	0.127	0.00393441611439397	Høyde	low	high	364	positive	ko_hum
Total_Reads_QC_ATLAS	1	0.05141144539502917	0.9663272801435444	-9.251603055723873e-5	0.397	0.0026582015654178	Høyde	low	high	364	positive	ko_hum
PhysAct_Score	1	0.09066382702715003	1.676703337924216	9.97092333648698e-4	0.1	0.00245696126691455	PhysAct_Score	low	mid	678	all	ko_hum
kjonn	1	0.09788081832286366	1.810171709953883	0.00119351733918928	0.067	0.00265253946671763	PhysAct_Score	low	mid	678	all	ko_hum
age_invitation	2	0.16915005562272256	1.564099333617116	0.00166124550482262	0.068	0.00458391343702067	PhysAct_Score	low	mid	678	all	ko_hum
senter	1	0.15798493989134954	2.921715139801651	0.00282637706225711	0.005	0.00428134230372418	PhysAct_Score	low	mid	678	all	ko_hum
Total_Reads_QC_ATLAS	1	0.08104330343105204	1.4987849270752485	7.351301699513843e-4	0.146	0.00219624809587256	PhysAct_Score	low	mid	678	all	ko_hum
PhysAct_Score	1	0.13972819685472615	2.566811756053849	0.00214759187343317	0.012	0.00349383218428934	PhysAct_Score	low	high	728	all	ko_hum
kjonn	1	0.1066352159553432	1.958892564885037	0.00131542748797688	0.041	0.00266635910195545	PhysAct_Score	low	high	728	all	ko_hum
age_invitation	2	0.15896492762269787	1.4600955791565016	0.00126240316769212	0.094	0.00397483681034579	PhysAct_Score	low	high	728	all	ko_hum
senter	1	0.2047208156029043	3.760728385730209	0.0037778827986949	0.002	0.00511893941557865	PhysAct_Score	low	high	728	all	ko_hum
Total_Reads_QC_ATLAS	1	0.09692476814034734	1.7805113063478435	0.00107098268167018	0.075	0.00242355431477876	PhysAct_Score	low	high	728	all	ko_hum
PhysAct_Score	1	0.04265502305608848	0.734848155410183	-9.37810978447452e-4	0.674	0.00257023436025938	PhysAct_Score	low	mid	283	negative	ko_hum
kjonn	1	0.07462988899777656	1.2857017143413512	0.00100852853713543	0.217	0.00449692184557498	PhysAct_Score	low	mid	283	negative	ko_hum
age_invitation	2	0.09850266089443592	0.8484873934552828	-0.00107190822723818	0.603	0.00593540702756038	PhysAct_Score	low	mid	283	negative	ko_hum
senter	1	0.22724493001141963	3.914908624609734	0.01019502144407882	0.005	0.01369294131061829	PhysAct_Score	low	mid	283	negative	ko_hum
Total_Reads_QC_ATLAS	1	0.1113260922188779	1.9178930792862223	0.00323295256009065	0.048	0.00670809970113292	PhysAct_Score	low	mid	283	negative	ko_hum
PhysAct_Score	1	0.04574046716477653	0.8160958604833979	-5.750309065020557e-4	0.613	0.00252123896769987	PhysAct_Score	low	high	320	negative	ko_hum
kjonn	1	0.06505783245765073	1.1607539461598892	5.0210384682853e-4	0.272	0.00358602245480848	PhysAct_Score	low	high	320	negative	ko_hum
age_invitation	2	0.10291507394459032	0.9180991257146608	-5.121426200855197e-4	0.542	0.00567273381485331	PhysAct_Score	low	high	320	negative	ko_hum
senter	1	0.2893413806149816	5.162393775642832	0.0128404585342607	0.001	0.01594865135825155	PhysAct_Score	low	high	320	negative	ko_hum
Total_Reads_QC_ATLAS	1	0.06777537049044113	1.2092399297261938	6.534475075488578e-4	0.264	0.00373581460187588	PhysAct_Score	low	high	320	negative	ko_hum
PhysAct_Score	1	0.07556096419561698	1.4815149858164862	0.00121754106720703	0.136	0.00374414723974638	PhysAct_Score	low	mid	395	positive	ko_hum
kjonn	1	0.04248809799481989	0.8330591671012106	-4.228137158802011e-4	0.533	0.00210534230899354	PhysAct_Score	low	mid	395	positive	ko_hum
age_invitation	2	0.17528456634482126	1.718391993714529	0.00362424488711072	0.048	0.0086855856358722	PhysAct_Score	low	mid	395	positive	ko_hum
senter	1	0.05273565045219541	1.033981729368131	8.60222941311701e-5	0.371	0.00261312229375007	PhysAct_Score	low	mid	395	positive	ko_hum
Total_Reads_QC_ATLAS	1	0.04005261299874618	0.785306897687691	-5.438224233809914e-4	0.616	0.00198466075704979	PhysAct_Score	low	mid	395	positive	ko_hum
PhysAct_Score	1	0.1644740758471741	3.108268976278039	0.00514076192986976	0.004	0.00756939834907435	PhysAct_Score	low	high	408	positive	ko_hum
kjonn	1	0.06076955320711263	1.148437016368809	3.6368390248877973e-4	0.275	0.00279672619135016	PhysAct_Score	low	high	408	positive	ko_hum
age_invitation	2	0.1627106012600592	1.537471213634054	0.00262773960411722	0.073	0.00748824001722426	PhysAct_Score	low	high	408	positive	ko_hum
senter	1	0.03683473829681105	0.6961113701814151	-7.453802509846824e-4	0.723	0.00169520215156301	PhysAct_Score	low	high	408	positive	ko_hum
Total_Reads_QC_ATLAS	1	0.08623415506934151	1.6296729288002811	0.00154093784792274	0.103	0.00396865382981211	PhysAct_Score	low	high	408	positive	ko_hum
Smoking	1	0.11563758820813064	2.155924719923342	0.00113978993934544	0.035	0.00211040964646534	Smoking	Non smoker	Smoker	1013	all	ko_hum
kjonn	1	0.10976889186837724	2.0465098859696504	0.00103201369539483	0.044	0.00200330473741709	Smoking	Non smoker	Smoker	1013	all	ko_hum
age_invitation	2	0.20537443950330925	1.9144805673768517	0.00180223584938747	0.02	0.0037481255444821	Smoking	Non smoker	Smoker	1013	all	ko_hum
senter	1	0.2591952345963975	4.83238557818186	0.00376894523870099	0.001	0.00473036606769722	Smoking	Non smoker	Smoker	1013	all	ko_hum
Total_Reads_QC_ATLAS	1	0.09752054514864028	1.8181540902421829	8.07002801184163e-4	0.061	0.00177976990353538	Smoking	Non smoker	Smoker	1013	all	ko_hum
Smoking	1	0.02386111536448254	0.443839694982309	-7.46079416586578e-4	0.916	5.91010788200767e-4	Smoking	Non smoker	Missing	746	all	ko_hum
kjonn	1	0.05943235861766993	1.105499031290479	1.4139961631090317e-4	0.305	0.00147206719278277	Smoking	Non smoker	Missing	746	all	ko_hum
age_invitation	2	0.1838252637600064	1.709663352927951	0.00189896976856536	0.045	0.00455312806490725	Smoking	Non smoker	Missing	746	all	ko_hum
senter	1	0.26352988421182744	4.901909304768043	0.00520322625713207	0.001	0.00652731451163941	Smoking	Non smoker	Missing	746	all	ko_hum
Total_Reads_QC_ATLAS	1	0.08744330078984319	1.626529496126593	8.391471122107287e-4	0.102	0.00216586414060123	Smoking	Non smoker	Missing	746	all	ko_hum
Smoking	1	0.05529974151190586	0.979170909055348	-4.702047480451017e-5	0.387	0.00218589368353381	Smoking	Non smoker	Smoker	443	negative	ko_hum
kjonn	1	0.08335863318893999	1.4759987371668388	0.00107333596073357	0.126	0.00329500834495738	Smoking	Non smoker	Smoker	443	negative	ko_hum
age_invitation	2	0.10479806690245042	0.9278092051662016	-3.2602406668310333e-4	0.469	0.00414246841351511	Smoking	Non smoker	Smoker	443	negative	ko_hum
senter	1	0.32966885604844975	5.83731758302521	0.0108015062459113	0.001	0.01303118333634485	Smoking	Non smoker	Smoker	443	negative	ko_hum
Total_Reads_QC_ATLAS	1	0.08621338447956717	1.5265467024908452	0.00118718193173686	0.122	0.00340785123795533	Smoking	Non smoker	Smoker	443	negative	ko_hum
Smoking	1	0.02407089481604885	0.4230161600176589	-0.00169490255532877	0.939	0.00123161277409109	Smoking	Non smoker	Missing	341	negative	ko_hum
kjonn	1	0.06069018117690916	1.0665547578694556	1.9513715707687713e-4	0.302	0.00310527726412348	Smoking	Non smoker	Missing	341	negative	ko_hum
age_invitation	2	0.1156598754044218	1.01628952175635	9.553059008049577e-5	0.385	0.00591785976742732	Smoking	Non smoker	Missing	341	negative	ko_hum
senter	1	0.2590808774927851	4.553025501068312	0.01031198462385086	0.002	0.0132561469227184	Smoking	Non smoker	Missing	341	negative	ko_hum
Total_Reads_QC_ATLAS	1	0.06199946819325674	1.0895638553811553	2.625816350661773e-4	0.295	0.00317226831811662	Smoking	Non smoker	Missing	341	negative	ko_hum
Smoking	1	0.11190533960567706	2.1848832116267745	0.00207443027022087	0.034	0.00381615347069295	Smoking	Non smoker	Smoker	570	positive	ko_hum
kjonn	1	0.05576473778351598	1.088772348248093	1.557167103685127e-4	0.32	0.0019016679488639	Smoking	Non smoker	Smoker	570	positive	ko_hum
age_invitation	2	0.19497115701313208	1.903346208547806	0.00315962097165828	0.025	0.00664883248773	Smoking	Non smoker	Smoker	570	positive	ko_hum
senter	1	0.03957675080117795	0.7727118178714993	-3.989102626612866e-4	0.618	0.00134963135325674	Smoking	Non smoker	Smoker	570	positive	ko_hum
Total_Reads_QC_ATLAS	1	0.05027054391458208	0.9815015782566364	-3.245442473508749e-5	0.412	0.0017143070322582	Smoking	Non smoker	Smoker	570	positive	ko_hum
Snus	1	0.0519657767578181	0.9699096705924044	-3.0989971066975736e-5	0.415	9.922315388603985e-4	Snus	Non snuser	Snuser	971	all	ko_hum
kjonn	1	0.09324651607602874	1.7403896051180223	7.619212014218031e-4	0.077	0.00178044359022439	Snus	Non snuser	Snuser	971	all	ko_hum
age_invitation	2	0.20422934225418743	1.905908334577729	0.00186245339346205	0.017	0.00389954326074482	Snus	Non snuser	Snuser	971	all	ko_hum
senter	1	0.2477241566291397	4.623620970272557	0.00371796957543991	0.001	0.00473003073331422	Snus	Non snuser	Snuser	971	all	ko_hum
Total_Reads_QC_ATLAS	1	0.09618540842112822	1.795242246301975	8.183228438778674e-4	0.07	0.00183655863085417	Snus	Non snuser	Snuser	971	all	ko_hum
Snus	1	0.03187120613008432	0.5967910736747873	-4.268582427290546e-4	0.857	6.277384608243882e-4	Snus	Non snuser	Missing	945	all	ko_hum
kjonn	1	0.09785499641382243	1.8323432171311136	8.800113710427808e-4	0.053	0.00192736178800605	Snus	Non snuser	Missing	945	all	ko_hum
age_invitation	2	0.19061384681413784	1.7846303311080531	0.00165784029487526	0.027	0.00375434937487274	Snus	Non snuser	Missing	945	all	ko_hum
senter	1	0.2435764966867069	4.560990832486531	0.00375409790925652	0.001	0.00479750701931485	Snus	Non snuser	Missing	945	all	ko_hum
Total_Reads_QC_ATLAS	1	0.103390225903901	1.9359908650091824	9.89486470594345e-4	0.052	0.00203638422117754	Snus	Non snuser	Missing	945	all	ko_hum
Snus	1	0.05979348426364339	1.06448399136501	1.5064083514648838e-4	0.342	0.00245909009398563	Snus	Non snuser	Snuser	428	negative	ko_hum
kjonn	1	0.07765960077031409	1.3825486641871765	8.930071156728182e-4	0.151	0.00319385895150579	Snus	Non snuser	Snuser	428	negative	ko_hum
age_invitation	2	0.09676321882612272	0.8613220876976596	-6.484478396961983e-4	0.594	0.00397952177913412	Snus	Non snuser	Snuser	428	negative	ko_hum
senter	1	0.32778431264980057	5.835437719230767	0.01117153841356074	0.001	0.0134805851528395	Snus	Non snuser	Snuser	428	negative	ko_hum
Total_Reads_QC_ATLAS	1	0.08942352165878731	1.5919779291928675	0.00138121560756479	0.116	0.00367766653822749	Snus	Non snuser	Snuser	428	negative	ko_hum
Snus	1	0.03954198478149351	0.6970854147797386	-7.304478277615246e-4	0.711	0.00166218071084137	Snus	Non snuser	Missing	415	negative	ko_hum
kjonn	1	0.08659352741528892	1.5265567803207123	0.00126720367622397	0.126	0.00364003202542254	Snus	Non snuser	Missing	415	negative	ko_hum
age_invitation	2	0.0939364980073627	0.8280029826305707	-8.295889358652571e-4	0.643	0.00394869999304901	Snus	Non snuser	Missing	415	negative	ko_hum
senter	1	0.3286124422764125	5.793106792485693	0.01141778346268807	0.001	0.01381350141912876	Snus	Non snuser	Missing	415	negative	ko_hum
Total_Reads_QC_ATLAS	1	0.08870892880663206	1.5638491788803373	0.00135682923332829	0.121	0.00372895470868712	Snus	Non snuser	Missing	415	negative	ko_hum
Snus	1	0.03643133811803878	0.7104022249287599	-5.336138277136155e-4	0.713	0.00130595848286928	Snus	Non snuser	Snuser	543	positive	ko_hum
kjonn	1	0.04668168875929268	0.9102815672206406	-1.652546209299425e-4	0.456	0.0016734040136636	Snus	Non snuser	Snuser	543	positive	ko_hum
age_invitation	2	0.21399100266010507	2.0863862303372698	0.00398547500981676	0.013	0.00767096076120498	Snus	Non snuser	Snuser	543	positive	ko_hum
senter	1	0.04453169056210981	0.8683571257432834	-2.424950220965348e-4	0.507	0.00159633277420851	Snus	Non snuser	Snuser	543	positive	ko_hum
Total_Reads_QC_ATLAS	1	0.0540538890629314	1.054037678548658	9.950700077594242e-5	0.34	0.0019376761491738	Snus	Non snuser	Snuser	543	positive	ko_hum
Snus	1	0.02790220011478794	0.5515552061980025	-8.46838781593949e-4	0.903	0.00104018830911854	Snus	Non snuser	Missing	530	positive	ko_hum
kjonn	1	0.04876659318204446	0.9639909486507192	-6.794622269491123e-5	0.396	0.00181800861203838	Snus	Non snuser	Missing	530	positive	ko_hum
age_invitation	2	0.1884904365863029	1.8629871692915412	0.00324598462719454	0.022	0.00702688489477965	Snus	Non snuser	Missing	530	positive	ko_hum
senter	1	0.04077042233105388	0.8059270811288484	-3.6630945210515425e-4	0.618	0.00151991299940937	Snus	Non snuser	Missing	530	positive	ko_hum
Total_Reads_QC_ATLAS	1	0.05487669308227083	1.0847720123838849	1.5992161416382756e-4	0.304	0.00204579188567325	Snus	Non snuser	Missing	530	positive	ko_hum
Utdanning	1	0.07158142115354593	1.33100465108809	5.616616951691867e-4	0.2	0.00224969224793704	Utdanning	Primary school	High school	589	all	ko_hum
kjonn	1	0.07646006215031775	1.421719444857879	7.154799881739548e-4	0.149	0.00240302031343273	Utdanning	Primary school	High school	589	all	ko_hum
age_invitation	2	0.20500776978695967	1.905985454733618	0.00306691637726631	0.024	0.00644307395723922	Utdanning	Primary school	High school	589	all	ko_hum
senter	1	0.0670592886226089	1.246918873877787	4.19041434021715e-4	0.215	0.00210756868661279	Utdanning	Primary school	High school	589	all	ko_hum
Total_Reads_QC_ATLAS	1	0.10032956170795516	1.8655554908370624	0.00146737757914482	0.07	0.00315320139745684	Utdanning	Primary school	High school	589	all	ko_hum
Utdanning	1	0.13828058042735591	2.60246388469626	0.00259886065748176	0.006	0.00418745928595293	Utdanning	Primary school	University/college	615	all	ko_hum
kjonn	1	0.08830196574875515	1.6618579130823474	0.00107503478504557	0.091	0.00267398997964701	Utdanning	Primary school	University/college	615	all	ko_hum
age_invitation	2	0.17127353137228596	1.6116983976463952	0.00198531377038772	0.065	0.00518656298061753	Utdanning	Primary school	University/college	615	all	ko_hum
senter	1	0.201405844997538	3.790492028258316	0.00451689053856574	0.002	0.00609903988885262	Utdanning	Primary school	University/college	615	all	ko_hum
Total_Reads_QC_ATLAS	1	0.06710535136667062	1.2629340494658812	4.273523316857926e-4	0.203	0.00203210693684584	Utdanning	Primary school	University/college	615	all	ko_hum
Utdanning	1	0.07420592049572328	1.41237866305864	0.0020273036762513	0.135	0.00689350887918898	Utdanning	Primary school	Missing	203	all	ko_hum
kjonn	1	0.07465002957624556	1.4208314951940009	0.00206877285920416	0.139	0.00693476528931713	Utdanning	Primary school	Missing	203	all	ko_hum
age_invitation	2	0.1912287312102805	1.8198506124638805	0.00801262519009202	0.033	0.01776457926467048	Utdanning	Primary school	Missing	203	all	ko_hum
senter	1	0.05052583001608646	0.9616699553260188	-1.8885361301184615e-4	0.448	0.00469369904068987	Utdanning	Primary school	Missing	203	all	ko_hum
Total_Reads_QC_ATLAS	1	0.0902237717250074	1.7172501767216553	0.00352081218502336	0.098	0.00838151952492933	Utdanning	Primary school	Missing	203	all	ko_hum
Utdanning	1	0.04096829987824968	0.7203584418777427	-0.00108086414152475	0.722	0.00278425878144482	Utdanning	Primary school	High school	259	negative	ko_hum
kjonn	1	0.0786947247224834	1.3837139801640204	0.0014793295009777	0.179	0.00534819553198698	Utdanning	Primary school	High school	259	negative	ko_hum
age_invitation	2	0.09431458240361223	0.8291814137823912	-0.00132080466566229	0.657	0.0064097413135509	Utdanning	Primary school	High school	259	negative	ko_hum
senter	1	0.08033434744228352	1.412543979729846	0.00159030081352612	0.16	0.00545962641804832	Utdanning	Primary school	High school	259	negative	ko_hum
Total_Reads_QC_ATLAS	1	0.09215900302951674	1.620460600626349	0.00238987558681209	0.106	0.00626324534424627	Utdanning	Primary school	High school	259	negative	ko_hum
Utdanning	1	0.07679154832288937	1.395120790485121	0.00145054283402172	0.14	0.00504900599096991	Utdanning	Primary school	University/college	272	negative	ko_hum
kjonn	1	0.06154378358809431	1.1181049722795424	4.340210008869995e-4	0.295	0.00404647306675834	Utdanning	Primary school	University/college	272	negative	ko_hum
age_invitation	2	0.12939368320706102	1.175388578184251	0.00128796091581227	0.24	0.00850757011642882	Utdanning	Primary school	University/college	272	negative	ko_hum
senter	1	0.27301011688483356	4.959948046330434	0.01434972021978205	0.001	0.01795027898058476	Utdanning	Primary school	University/college	272	negative	ko_hum
Total_Reads_QC_ATLAS	1	0.04904651395329829	0.891059144026521	-4.006783316687538e-4	0.495	0.00322478382315126	Utdanning	Primary school	University/college	272	negative	ko_hum
Utdanning	1	0.02398462719845273	0.4429342512466911	-0.00583663686708199	0.968	0.00472586184457391	Utdanning	Primary school	Missing	96	negative	ko_hum
kjonn	1	0.05412118159737211	0.9994787431578122	-5.429788255230761e-6	0.354	0.0106638817013081	Utdanning	Primary school	Missing	96	negative	ko_hum
age_invitation	2	0.07221321266089564	0.6667959650866557	-0.00699027547723992	0.874	0.01422868337975435	Utdanning	Primary school	Missing	96	negative	ko_hum
senter	1	0.05537999842716434	1.0227258457851451	2.3667153358719977e-4	0.361	0.0109119153428569	Utdanning	Primary school	Missing	96	negative	ko_hum
Total_Reads_QC_ATLAS	1	0.05157274374962739	0.9524156639362866	-4.95915978086188e-4	0.436	0.01016174484972085	Utdanning	Primary school	Missing	96	negative	ko_hum
Utdanning	1	0.06676757993658455	1.3023147833063324	9.152669229843726e-4	0.16	0.00392844780347008	Utdanning	Primary school	High school	330	positive	ko_hum
kjonn	1	0.03760479784695292	0.7334889808174485	-8.082619087503604e-4	0.69	0.00221257810515388	Utdanning	Primary school	High school	330	positive	ko_hum
age_invitation	2	0.2624062819810824	2.559143079478035	0.00936089758059123	0.003	0.01543937017103853	Utdanning	Primary school	High school	330	positive	ko_hum
senter	1	0.03127335909979578	0.6099930223320157	-0.00118323772314014	0.834	0.00184005109934209	Utdanning	Primary school	High school	330	positive	ko_hum
Total_Reads_QC_ATLAS	1	0.05236199829973387	1.0213310791550725	6.463545579105666e-5	0.352	0.00308085716752453	Utdanning	Primary school	High school	330	positive	ko_hum
Utdanning	1	0.11067025053486644	2.1512772222612897	0.00334526499960587	0.03	0.00624860971185317	Utdanning	Primary school	University/college	343	positive	ko_hum
kjonn	1	0.05391263771597465	1.0479874126051751	1.3988542234896615e-4	0.342	0.0030439890575428602	Utdanning	Primary school	University/college	343	positive	ko_hum
age_invitation	2	0.15035285620405858	1.4613262068644894	0.00268273231569246	0.1	0.00848914963995277	Utdanning	Primary school	University/college	343	positive	ko_hum
senter	1	0.04465001174660799	0.8679347230167783	-3.851782672238206e-4	0.508	0.00252100718744026	Utdanning	Primary school	University/college	343	positive	ko_hum
Total_Reads_QC_ATLAS	1	0.06528768782866123	1.2691027176780036	7.839409825920958e-4	0.234	0.003686241589397	Utdanning	Primary school	University/college	343	positive	ko_hum
Utdanning	1	0.11315376895611172	2.22376764680093	0.01130775312494034	0.042	0.02001410937098089	Utdanning	Primary school	Missing	107	positive	ko_hum
kjonn	1	0.05185044335365063	1.0189968877382656	1.775094916857904e-4	0.367	0.00917106388755212	Utdanning	Primary school	Missing	107	positive	ko_hum
age_invitation	2	0.24964413355740425	2.4530802311760778	0.02644219805447254	0.003	0.04415588662167828	Utdanning	Primary school	Missing	107	positive	ko_hum
senter	1	0.04026578888095411	0.7913281140561251	-0.00195401527098724	0.592	0.00712202439217747	Utdanning	Primary school	Missing	107	positive	ko_hum
Total_Reads_QC_ATLAS	1	0.10449482249352916	2.05359669114906	0.00975068598744166	0.041	0.01848255542330095	Utdanning	Primary school	Missing	107	positive	ko_hum
Sivilstatus_cat2	1	0.11110601759325787	2.0714699692927705	0.00105660202561976	0.04	0.00202792937617156	Sivilstatus_cat2	Married/cohabiting	Not married/non-cohabiting	1013	all	ko_hum
kjonn	1	0.0993090688307845	1.851526660909517	8.398928625318493e-4	0.055	0.0018126090950308	Sivilstatus_cat2	Married/cohabiting	Not married/non-cohabiting	1013	all	ko_hum
age_invitation	2	0.2237519370660621	2.085824999597319	0.00213919488314745	0.016	0.00408396535111787	Sivilstatus_cat2	Married/cohabiting	Not married/non-cohabiting	1013	all	ko_hum
senter	1	0.2781591545673976	5.186022754227444	0.00411529716353453	0.002	0.00507701682606705	Sivilstatus_cat2	Married/cohabiting	Not married/non-cohabiting	1013	all	ko_hum
Total_Reads_QC_ATLAS	1	0.0980149287673484	1.8273986043421364	8.161138725202654e-4	0.07	0.0017889881903456	Sivilstatus_cat2	Married/cohabiting	Not married/non-cohabiting	1013	all	ko_hum
Sivilstatus_cat2	1	0.02663169637857976	0.49732361015874904	-6.186806715962036e-4	0.865	6.075259883041995e-4	Sivilstatus_cat2	Married/cohabiting	Missing	813	all	ko_hum
kjonn	1	0.0729656196290307	1.3625690551416088	4.4576560188009913e-4	0.156	0.001664501935859	Sivilstatus_cat2	Married/cohabiting	Missing	813	all	ko_hum
age_invitation	2	0.1941062999248544	1.8123825921736785	0.00199449520047389	0.03	0.00442798010391733	Sivilstatus_cat2	Married/cohabiting	Missing	813	all	ko_hum
senter	1	0.2551473188589952	4.764652763139076	0.0046092258650067	0.002	0.00582045637834972	Sivilstatus_cat2	Married/cohabiting	Missing	813	all	ko_hum
Total_Reads_QC_ATLAS	1	0.10578950365934504	1.9755263475849745	0.00119847134957765	0.057	0.00241328497626412	Sivilstatus_cat2	Married/cohabiting	Missing	813	all	ko_hum
Sivilstatus_cat2	1	0.09773641848578762	1.7358325084211297	0.00165453839028632	0.081	0.0038594017713982102	Sivilstatus_cat2	Married/cohabiting	Not married/non-cohabiting	444	negative	ko_hum
kjonn	1	0.07420663363444291	1.31793541239588	7.155583582300961e-4	0.184	0.00293026097881736	Sivilstatus_cat2	Married/cohabiting	Not married/non-cohabiting	444	negative	ko_hum
age_invitation	2	0.1056587684266468	0.938268088171164	-2.7814902026860526e-4	0.508	0.00417223839738768	Sivilstatus_cat2	Married/cohabiting	Not married/non-cohabiting	444	negative	ko_hum
senter	1	0.3377912147436781	5.9992885016182935	0.01113429047583062	0.001	0.0133386513721503	Sivilstatus_cat2	Married/cohabiting	Not married/non-cohabiting	444	negative	ko_hum
Total_Reads_QC_ATLAS	1	0.09108957666024864	1.6177823046398074	0.00138946827865854	0.103	0.00359693222818061	Sivilstatus_cat2	Married/cohabiting	Not married/non-cohabiting	444	negative	ko_hum
Sivilstatus_cat2	1	0.01970631659667532	0.3535284348837702	-0.00173152659846625	0.941	9.346756648398076e-4	Sivilstatus_cat2	Married/cohabiting	Missing	374	negative	ko_hum
kjonn	1	0.07221802640365738	1.2955808214908704	7.896989348421904e-4	0.201	0.00342531956751599	Sivilstatus_cat2	Married/cohabiting	Missing	374	negative	ko_hum
age_invitation	2	0.12643344360431286	1.1340987346650866	7.165916611233065e-4	0.245	0.0059967707500845	Sivilstatus_cat2	Married/cohabiting	Missing	374	negative	ko_hum
senter	1	0.31325847838505183	5.619811243478287	0.01220171556344534	0.001	0.01485793020298134	Sivilstatus_cat2	Married/cohabiting	Missing	374	negative	ko_hum
Total_Reads_QC_ATLAS	1	0.08022096422232039	1.4391523543861349	0.00117282701775401	0.155	0.00380490096668992	Sivilstatus_cat2	Married/cohabiting	Missing	374	negative	ko_hum
Sivilstatus_cat2	1	0.08454482530004981	1.6479353679973825	0.00113743125844704	0.1	0.00288604410120933	Sivilstatus_cat2	Married/cohabiting	Not married/non-cohabiting	569	positive	ko_hum
kjonn	1	0.05757167364245674	1.1221786413715764	2.1467910750420135e-4	0.283	0.00196528159497495	Sivilstatus_cat2	Married/cohabiting	Not married/non-cohabiting	569	positive	ko_hum
age_invitation	2	0.2184810443074099	2.1293002787183704	0.00395372700775583	0.01	0.00745812563822381	Sivilstatus_cat2	Married/cohabiting	Not married/non-cohabiting	569	positive	ko_hum
senter	1	0.04781310158604057	0.9319659822780612	-1.195819918546428e-4	0.43	0.00163216044628616	Sivilstatus_cat2	Married/cohabiting	Not married/non-cohabiting	569	positive	ko_hum
Total_Reads_QC_ATLAS	1	0.04874110603844883	0.9500545093210252	-8.77853693538164e-5	0.391	0.00166383904714983	Sivilstatus_cat2	Married/cohabiting	Not married/non-cohabiting	569	positive	ko_hum
Sivilstatus_cat2	1	0.03019855858573095	0.5858449477040535	-9.442964406325732e-4	0.691	0.0013356659265756	Sivilstatus_cat2	Married/cohabiting	Missing	439	positive	ko_hum
kjonn	1	0.04313731322637082	0.8368537504680007	-3.717697092614008e-4	0.558	0.00190794005206948	Sivilstatus_cat2	Married/cohabiting	Missing	439	positive	ko_hum
age_invitation	2	0.15480305613429124	1.5015714751410931	0.00227985405639599	0.098	0.00684685551535039	Sivilstatus_cat2	Married/cohabiting	Missing	439	positive	ko_hum
senter	1	0.04402845874524175	0.8541417643451373	-3.3236153376258967e-4	0.526	0.00194735493678317	Sivilstatus_cat2	Married/cohabiting	Missing	439	positive	ko_hum
Total_Reads_QC_ATLAS	1	0.0616164816848439	1.195345280732094	4.447799432100762e-4	0.228	0.00272526368661856	Sivilstatus_cat2	Married/cohabiting	Missing	439	positive	ko_hum
Arbeid_lump	1	0.04139016851467403	0.7694623744430161	-2.5968186035638585e-4	0.617	8.613112035083999e-4	Arbeid_lump	Employed	Retired	888	all	ko_hum
kjonn	1	0.07496890111472254	1.3937065426700737	4.431667398931127e-4	0.147	0.00156006986108141	Arbeid_lump	Employed	Retired	888	all	ko_hum
age_invitation	2	0.1459738445684522	1.3568606396032885	8.030946998086774e-4	0.156	0.00303765150657521	Arbeid_lump	Employed	Retired	888	all	ko_hum
senter	1	0.2474793636985524	4.60075582320046	0.0040385293526091	0.002	0.00514993671782522	Arbeid_lump	Employed	Retired	888	all	ko_hum
Total_Reads_QC_ATLAS	1	0.0978545923492149	1.8191621266892368	9.216296875612096e-4	0.068	0.00203631103060731	Arbeid_lump	Employed	Retired	888	all	ko_hum
Arbeid_lump	1	0.13083786064412095	2.510749794876685	0.00335341564116849	0.021	0.00555264315657137	Arbeid_lump	Employed	Other	449	all	ko_hum
kjonn	1	0.07309063834174978	1.4025932885214916	8.958410443862795e-4	0.16	0.00310190208552593	Arbeid_lump	Employed	Other	449	all	ko_hum
age_invitation	2	0.08375385855021023	0.8036090705695903	-8.755584907625002e-4	0.701	0.00355443972582387	Arbeid_lump	Employed	Other	449	all	ko_hum
senter	1	0.09864891511066888	1.893051003429478	0.00198502955633042	0.056	0.00418657276032936	Arbeid_lump	Employed	Other	449	all	ko_hum
Total_Reads_QC_ATLAS	1	0.06209646217912379	1.191617463869075	4.265829023055801e-4	0.244	0.00263531896706916	Arbeid_lump	Employed	Other	449	all	ko_hum
Arbeid_lump	1	0.04927221575506735	0.8596952012278551	-3.7730574349075527e-4	0.52	0.00228910631988463	Arbeid_lump	Employed	Retired	372	negative	ko_hum
kjonn	1	0.06710533839304844	1.1708452016863482	4.5905047074217735e-4	0.276	0.0031176039449317	Arbeid_lump	Employed	Retired	372	negative	ko_hum
age_invitation	2	0.11776127567582506	1.0273416979280614	1.4697677061073646e-4	0.393	0.0054709956971944	Arbeid_lump	Employed	Retired	372	negative	ko_hum
senter	1	0.2561050440036077	4.468487441982083	0.00923775911425333	0.002	0.01189822024033287	Arbeid_lump	Employed	Retired	372	negative	ko_hum
Total_Reads_QC_ATLAS	1	0.089569037106358	1.5627888902279874	0.00151058803243446	0.129	0.00416123053863391	Arbeid_lump	Employed	Retired	372	negative	ko_hum
Arbeid_lump	1	0.1254062309665116	2.319200403532198	0.00570294381629746	0.025	0.00990375223253345	Arbeid_lump	Employed	Other	230	negative	ko_hum
kjonn	1	0.0886500447250782	1.6394497938021215	0.00277250832142466	0.089	0.00700099246738892	Arbeid_lump	Employed	Other	230	negative	ko_hum
age_invitation	2	0.11337857232592086	1.0483834362281306	4.205485968861938e-4	0.332	0.00895388753924153	Arbeid_lump	Employed	Other	230	negative	ko_hum
senter	1	0.10562747601333557	1.9534219560400652	0.00412820017112169	0.037	0.00834175736980164	Arbeid_lump	Employed	Other	230	negative	ko_hum
Total_Reads_QC_ATLAS	1	0.06060026755531034	1.120711179063867	5.245559100064577e-4	0.289	0.00478580713627617	Arbeid_lump	Employed	Other	230	negative	ko_hum
Arbeid_lump	1	0.02942355929498319	0.5753010769576964	-8.237379140450925e-4	0.876	0.00111349431883412	Arbeid_lump	Employed	Retired	516	positive	ko_hum
kjonn	1	0.04510615646083593	0.8819334237977714	-2.28863560735004e-4	0.479	0.00170698073812394	Arbeid_lump	Employed	Retired	516	positive	ko_hum
age_invitation	2	0.12983595793089364	1.2693020187773978	0.00104271787886668	0.181	0.00491346407438499	Arbeid_lump	Employed	Retired	516	positive	ko_hum
senter	1	0.05935051105597466	1.1604446826497166	3.108426542610459e-4	0.275	0.0022460388363687	Arbeid_lump	Employed	Retired	516	positive	ko_hum
Total_Reads_QC_ATLAS	1	0.05244923022458536	1.025508108359647	4.943187489539854e-5	0.375	0.00198486931158789	Arbeid_lump	Employed	Retired	516	positive	ko_hum
Arbeid_lump	1	0.04374990730756245	0.8779140581746865	-5.577810002011657e-4	0.472	0.00404913807621359	Arbeid_lump	Employed	Other	219	positive	ko_hum
kjonn	1	0.05859565523279997	1.1758184792300157	8.021800965542048e-4	0.257	0.00542314060315283	Arbeid_lump	Employed	Other	219	positive	ko_hum
age_invitation	2	0.05626891185075422	0.5645642675845209	-0.0039924583694036404	0.958	0.00520779602754978	Arbeid_lump	Employed	Other	219	positive	ko_hum
senter	1	0.04012717360434692	0.8052179305070881	-8.902076071822702e-4	0.574	0.00371384710349108	Arbeid_lump	Employed	Other	219	positive	ko_hum
Total_Reads_QC_ATLAS	1	0.03084605099319759	0.6189768955560835	-0.00174286381655673	0.821	0.00285486135317577	Arbeid_lump	Employed	Other	219	positive	ko_hum
Nasj_cat2	1	0.15421360640554838	2.8780559665681573	0.00189534519940112	0.012	0.00288184818165575	Nasj_cat2	Native	Non-native	989	all	ko_hum
kjonn	1	0.10798074857747508	2.015221905261902	0.00102546090484157	0.054	0.00201787722364443	Nasj_cat2	Native	Non-native	989	all	ko_hum
age_invitation	2	0.22181066356576903	2.0698027839550472	0.00215873279191999	0.016	0.00414506003956515	Nasj_cat2	Native	Non-native	989	all	ko_hum
senter	1	0.2986148029644866	5.572985000541395	0.00460256575971507	0.001	0.00558032813703613	Nasj_cat2	Native	Non-native	989	all	ko_hum
Total_Reads_QC_ATLAS	1	0.09718714507419436	1.813783162679779	8.221578407198543e-4	0.074	0.00181617305917763	Nasj_cat2	Native	Non-native	989	all	ko_hum
Nasj_cat2	1	0.04979269274927134	0.9329401272375544	-7.09678644004258e-5	0.42	9.800976412288414e-4	Nasj_cat2	Native	Missing	945	all	ko_hum
kjonn	1	0.10522657547853242	1.971576335709436	0.00102706715509667	0.048	0.00207123400496566	Nasj_cat2	Native	Missing	945	all	ko_hum
age_invitation	2	0.20144287432741947	1.8871658714307196	0.0018740809540064	0.016	0.00396511365562873	Nasj_cat2	Native	Missing	945	all	ko_hum
senter	1	0.2606225384639629	4.883150734986152	0.00409233816827534	0.001	0.00512998034643027	Nasj_cat2	Native	Missing	945	all	ko_hum
Total_Reads_QC_ATLAS	1	0.11560845982299384	2.166096374022269	0.00123244362537516	0.037	0.0022755864871412	Nasj_cat2	Native	Missing	945	all	ko_hum
Nasj_cat2	1	0.19522614795748083	3.4896639203658415	0.00567781666301258	0.006	0.00787313814032183	Nasj_cat2	Native	Non-native	436	negative	ko_hum
kjonn	1	0.07958406335556134	1.4225637161498363	9.68244429324861e-4	0.155	0.00320948976928502	Nasj_cat2	Native	Non-native	436	negative	ko_hum
age_invitation	2	0.10093219829844102	0.9020806241641148	-4.4937329444217613e-4	0.557	0.00407042370258236	Nasj_cat2	Native	Non-native	436	negative	ko_hum
senter	1	0.32061088053340114	5.730913783730481	0.01073424539956816	0.001	0.01292969091558086	Nasj_cat2	Native	Non-native	436	negative	ko_hum
Total_Reads_QC_ATLAS	1	0.08715036079833638	1.557811148284588	0.00127774863727067	0.092	0.00351462566220191	Nasj_cat2	Native	Non-native	436	negative	ko_hum
Nasj_cat2	1	0.03612164617661406	0.647881479375176	-8.637810635663499e-4	0.752	0.00157153614518831	Nasj_cat2	Native	Missing	408	negative	ko_hum
kjonn	1	0.08292635480341559	1.4873754414883589	0.00119312240913592	0.139	0.00360785782921077	Nasj_cat2	Native	Missing	408	negative	ko_hum
age_invitation	2	0.1070762998821877	0.9602656428571792	-1.948142056865001e-4	0.453	0.00465854393055944	Nasj_cat2	Native	Missing	408	negative	ko_hum
senter	1	0.2574670069585494	4.617954135949621	0.00878959262975851	0.002	0.01120155780416151	Nasj_cat2	Native	Missing	408	negative	ko_hum
Total_Reads_QC_ATLAS	1	0.12204088751649422	2.188937634842237	0.00290559574194363	0.025	0.00530960479999392	Nasj_cat2	Native	Missing	408	negative	ko_hum
Nasj_cat2	1	0.03180694191572897	0.617070848755063	-6.929376080561584e-4	0.832	0.00111404026095144	Nasj_cat2	Native	Non-native	553	positive	ko_hum
kjonn	1	0.05801033378594411	1.1254299769119014	2.2676588367513125e-4	0.273	0.0020318158080081	Nasj_cat2	Native	Non-native	553	positive	ko_hum
age_invitation	2	0.2047803736001157	1.9864216949966127	0.0035548467163588	0.015	0.00717244623666232	Nasj_cat2	Native	Non-native	553	positive	ko_hum
senter	1	0.05637856006987007	1.0937727369728405	1.6954220350160146e-4	0.279	0.00197466282482332	Nasj_cat2	Native	Non-native	553	positive	ko_hum
Total_Reads_QC_ATLAS	1	0.05001537836676917	0.970323775902696	-5.366693802781806e-5	0.408	0.00175179196148206	Nasj_cat2	Native	Non-native	553	positive	ko_hum
Nasj_cat2	1	0.03449784405843204	0.6715160584677657	-6.120763478277234e-4	0.713	0.00124926197111816	Nasj_cat2	Native	Missing	537	positive	ko_hum
kjonn	1	0.06117302639681554	1.1907604863931671	3.551075342778517e-4	0.22	0.00221524381078157	Nasj_cat2	Native	Missing	537	positive	ko_hum
age_invitation	2	0.18757439054969183	1.825609959829289	0.00306547141934415	0.03	0.00679258542859931	Nasj_cat2	Native	Missing	537	positive	ko_hum
senter	1	0.05623367368047027	1.0946137630836126	1.7615846567649123e-4	0.292	0.00203637624154977	Nasj_cat2	Native	Missing	537	positive	ko_hum
Total_Reads_QC_ATLAS	1	0.04704223829871878	0.9156983372743784	-1.5701098512613392e-4	0.468	0.001703529044984	Nasj_cat2	Native	Missing	537	positive	ko_hum
wcrf_index_main	1	0.09147924568590328	1.736202703147573	0.00109109708386503	0.079	0.00255329881265726	wcrf_index_main	low	mid	674	all	ko_hum
kjonn	1	0.05818322683475685	1.104270973715734	1.546807789321953e-4	0.293	0.00162396577365575	wcrf_index_main	low	mid	674	all	ko_hum
age_invitation	2	0.17192512426911577	1.6315004745443529	0.00187038375760784	0.061	0.00479864271257246	wcrf_index_main	low	mid	674	all	ko_hum
senter	1	0.26336925284798696	4.998537157713956	0.0058975601547409	0.001	0.00735096136336878	wcrf_index_main	low	mid	674	all	ko_hum
Total_Reads_QC_ATLAS	1	0.06934041934866997	1.316025537900765	4.6866087402960935e-4	0.19	0.00193537680666947	wcrf_index_main	low	mid	674	all	ko_hum
wcrf_index_main	1	0.4141137884476649	7.700737400375572	0.0107780753621019	0.001	0.01232859981875757	wcrf_index_main	low	high	615	all	ko_hum
kjonn	1	0.153208606816726	2.849021890808404	0.00299752747461713	0.009	0.0045611801754133	wcrf_index_main	low	high	615	all	ko_hum
age_invitation	2	0.1663603809034342	1.5467941938930454	0.00177503614450497	0.073	0.00495272222048631	wcrf_index_main	low	high	615	all	ko_hum
senter	1	0.06814911815065727	1.2672808237383857	4.3441416774274384e-4	0.196	0.00202887039533305	wcrf_index_main	low	high	615	all	ko_hum
Total_Reads_QC_ATLAS	1	0.07870829496546605	1.4636361494564347	7.53312011018385e-4	0.126	0.00234322811293832	wcrf_index_main	low	high	615	all	ko_hum
wcrf_index_main	1	0.05810283380165693	1.0523879880817348	1.8909054876649735e-4	0.349	0.00373218200143574	wcrf_index_main	low	mid	277	negative	ko_hum
kjonn	1	0.0544787965682243	0.9867475880653642	-4.784493139124739e-5	0.377	0.00349939530842655	wcrf_index_main	low	mid	277	negative	ko_hum
age_invitation	2	0.09346296846953096	0.846424338643801	-0.00111008045267781	0.618	0.00600350767595077	wcrf_index_main	low	mid	277	negative	ko_hum
senter	1	0.3113284798072833	5.638939291934993	0.01647122838765723	0.001	0.01999789808596148	wcrf_index_main	low	mid	277	negative	ko_hum
Total_Reads_QC_ATLAS	1	0.11645085102343168	2.109216862594063	0.00398842179740521	0.03	0.00748011313398508	wcrf_index_main	low	mid	277	negative	ko_hum
wcrf_index_main	1	0.15225660849488243	2.690479413661256	0.00619926085170308	0.02	0.00981810300416597	wcrf_index_main	low	high	271	negative	ko_hum
kjonn	1	0.11405937846522109	2.0155079817503605	0.00373327237584737	0.056	0.00735499586804687	wcrf_index_main	low	high	271	negative	ko_hum
age_invitation	2	0.14245474427959337	1.2586368521255575	0.00190512263619202	0.195	0.00918604037351969	wcrf_index_main	low	high	271	negative	ko_hum
senter	1	0.07947375642363141	1.4043561570025134	0.00148986612716194	0.154	0.00512477937351032	wcrf_index_main	low	high	271	negative	ko_hum
Total_Reads_QC_ATLAS	1	0.04723517212192973	0.834678109877047	-6.104162556904261e-4	0.546	0.00304590907348499	wcrf_index_main	low	high	271	negative	ko_hum
wcrf_index_main	1	0.06376807583388455	1.2583875372446898	6.504268892761011e-4	0.218	0.00317139259508345	wcrf_index_main	low	mid	397	positive	ko_hum
kjonn	1	0.03279011284556787	0.6470740854279284	-8.897731450202508e-4	0.806	0.0016307583333905	wcrf_index_main	low	mid	397	positive	ko_hum
age_invitation	2	0.14953624926450715	1.4754604869289516	0.00238954334250773	0.088	0.00743692117744621	wcrf_index_main	low	mid	397	positive	ko_hum
senter	1	0.05262819169038479	1.0385551024532216	9.710669645992618e-5	0.339	0.00261737013759525	wcrf_index_main	low	mid	397	positive	ko_hum
Total_Reads_QC_ATLAS	1	0.0317572071520793	0.6266909135219568	-9.412101984821724e-4	0.802	0.00157938859351812	wcrf_index_main	low	mid	397	positive	ko_hum
wcrf_index_main	1	0.32386823013607113	6.295813386049933	0.01516139954473738	0.001	0.01804612900494489	wcrf_index_main	low	high	344	positive	ko_hum
kjonn	1	0.06301664689040365	1.2250076176656692	6.536643552509921e-4	0.24	0.00351132477169956	wcrf_index_main	low	high	344	positive	ko_hum
age_invitation	2	0.12046463927590524	1.1708818864083617	9.925132782969818e-4	0.241	0.00671236082648112	wcrf_index_main	low	high	344	positive	ko_hum
senter	1	0.03876518860415601	0.7535731220819535	-7.168707387676506e-4	0.604	0.00216001919718307	wcrf_index_main	low	high	344	positive	ko_hum
Total_Reads_QC_ATLAS	1	0.05855529356880495	1.138281457615273	4.018194576597963e-4	0.299	0.00326273553049988	wcrf_index_main	low	high	344	positive	ko_hum
first_round	1	0.06440198644921225	1.20696064479634	2.0011530832020948e-4	0.216	0.00115867814676952	first_round	No	Yes	1034	all	ko_hum
kjonn	1	0.10815468260583572	2.0269319729543795	9.921789870693085e-4	0.031	0.00194584785525212	first_round	No	Yes	1034	all	ko_hum
age_invitation	2	0.24056470859356693	2.2542172362051947	0.00242008110014772	0.005	0.00432808188224378	first_round	No	Yes	1034	all	ko_hum
senter	1	0.2573656794017367	4.823302253326192	0.00368396262159947	0.001	0.00463035388957217	first_round	No	Yes	1034	all	ko_hum
Total_Reads_QC_ATLAS	1	0.10030501585721652	1.8798210007202971	8.501673168866289e-4	0.049	0.0018046218182537	first_round	No	Yes	1034	all	ko_hum
first_round	1	0.09966860881367624	1.7738519253406406	0.00171671875383936	0.078	0.00389144377791317	first_round	No	Yes	450	negative	ko_hum
kjonn	1	0.08458911366043154	1.5054746315353962	0.00112201662354673	0.12	0.00330268259937735	first_round	No	Yes	450	negative	ko_hum
age_invitation	2	0.11988332903567668	1.0668116900463882	2.968526969600424e-4	0.329	0.00468070378832645	first_round	No	Yes	450	negative	ko_hum
senter	1	0.3218028510543931	5.727285789551574	0.01039587009023111	0.001	0.01256441438639309	first_round	No	Yes	450	negative	ko_hum
Total_Reads_QC_ATLAS	1	0.09569278882276322	1.7030922746378496	0.00155998990619176	0.069	0.00373621255566681	first_round	No	Yes	450	negative	ko_hum
first_round	1	0.10179941004954784	2.003025161930523	0.00171456405999419	0.048	0.00341446589796167	first_round	No	Yes	584	positive	ko_hum
kjonn	1	0.05317483967202108	1.04627857659331	7.923785886642023e-5	0.339	0.00178354350581525	first_round	No	Yes	584	positive	ko_hum
age_invitation	2	0.21334337593934904	2.098893058072379	0.00374922281898435	0.014	0.00715577508107729	first_round	No	Yes	584	positive	ko_hum
senter	1	0.04782266160221482	0.940968070965264	-1.0109228888280692e-4	0.442	0.0016040254762876	first_round	No	Yes	584	positive	ko_hum
Total_Reads_QC_ATLAS	1	0.05158669054770826	1.015029842879154	2.5735370001004123e-5	0.41	0.00173027521061389	first_round	No	Yes	584	positive	ko_hum
Tarmkreft_Familie	1	0.02735109430089011	0.5074564896787168	-5.339181887976359e-4	0.94	5.464453138164762e-4	Tarmkreft_Familie	No	Yes	923	all	ko_hum
kjonn	1	0.1129672593351998	2.095929626808392	0.00118594789964173	0.029	0.00225696379089305	Tarmkreft_Familie	No	Yes	923	all	ko_hum
age_invitation	2	0.2027399525012683	1.8807602994256656	0.00190483769016537	0.03	0.00405052520929985	Tarmkreft_Familie	No	Yes	923	all	ko_hum
senter	1	0.2174441266872051	4.034333398731776	0.0032766964347803	0.001	0.00434429872304131	Tarmkreft_Familie	No	Yes	923	all	ko_hum
Total_Reads_QC_ATLAS	1	0.10700500161870964	1.9853093226229217	0.00106636903496361	0.048	0.0021378443233829	Tarmkreft_Familie	No	Yes	923	all	ko_hum
Tarmkreft_Familie	1	0.04848404316874877	0.90683708784698	-1.122570727094257e-4	0.479	0.00108626293932511	Tarmkreft_Familie	No	Unknown	830	all	ko_hum
kjonn	1	0.11094587598790896	2.0751123155990703	0.00129364036976575	0.042	0.00248569189943932	Tarmkreft_Familie	No	Unknown	830	all	ko_hum
age_invitation	2	0.1691331114357908	1.5817181098026964	0.00139976828732634	0.066	0.00378935044930134	Tarmkreft_Familie	No	Unknown	830	all	ko_hum
senter	1	0.20137927961504687	3.766562925522299	0.00332213497598092	0.001	0.00451181118357749	Tarmkreft_Familie	No	Unknown	830	all	ko_hum
Total_Reads_QC_ATLAS	1	0.09151855129838538	1.7117470227172895	8.567918116822123e-4	0.085	0.00205043152424711	Tarmkreft_Familie	No	Unknown	830	all	ko_hum
Tarmkreft_Familie	1	0.02700604180006038	0.4727696564680949	-0.00132645651169408	0.956	0.00117736163680613	Tarmkreft_Familie	No	Yes	398	negative	ko_hum
kjonn	1	0.09198264843300664	1.6102546764406198	0.00153095578771794	0.102	0.00401009678940086	Tarmkreft_Familie	No	Yes	398	negative	ko_hum
age_invitation	2	0.11776311783891558	1.030784688432042	1.5467299935652197e-4	0.372	0.00513402808900003	Tarmkreft_Familie	No	Yes	398	negative	ko_hum
senter	1	0.26760614425416307	4.6847318768316955	0.00917319376222032	0.001	0.01166661928286562	Tarmkreft_Familie	No	Yes	398	negative	ko_hum
Total_Reads_QC_ATLAS	1	0.09050104526603064	1.5843176277809483	0.00146598248335152	0.103	0.00394550447547783	Tarmkreft_Familie	No	Yes	398	negative	ko_hum
Tarmkreft_Familie	1	0.0338056574536445	0.5976281560636054	-0.00107414413144324	0.847	0.00158040343466835	Tarmkreft_Familie	No	Unknown	375	negative	ko_hum
kjonn	1	0.11600365581117345	2.050752925427716	0.00279417849121042	0.048	0.005423132986822	Tarmkreft_Familie	No	Unknown	375	negative	ko_hum
age_invitation	2	0.08299474555570541	0.7336049715559826	-0.00142279495438058	0.763	0.00387997722320654	Tarmkreft_Familie	No	Unknown	375	negative	ko_hum
senter	1	0.26028590677248786	4.601424679495932	0.00951244354810526	0.001	0.01216828105245623	Tarmkreft_Familie	No	Unknown	375	negative	ko_hum
Total_Reads_QC_ATLAS	1	0.07979913521014126	1.410716833314114	0.00109404663984719	0.157	0.00373058348421725	Tarmkreft_Familie	No	Unknown	375	negative	ko_hum
Tarmkreft_Familie	1	0.0277835403097022	0.5418140693883879	-8.734974378057904e-4	0.908	0.00103027168135688	Tarmkreft_Familie	No	Yes	525	positive	ko_hum
kjonn	1	0.06093907825142963	1.1883888663625242	3.58707218888e-4	0.254	0.00225974825060414	Tarmkreft_Familie	No	Yes	525	positive	ko_hum
age_invitation	2	0.20009567373587345	1.9510589731429155	0.00361000246819987	0.019	0.00741996534329742	Tarmkreft_Familie	No	Yes	525	positive	ko_hum
senter	1	0.04711160545776494	0.9187357112865148	-1.5481308474038147e-4	0.426	0.00174699669031898	Tarmkreft_Familie	No	Yes	525	positive	ko_hum
Total_Reads_QC_ATLAS	1	0.06202693322709507	1.209603410106752	3.990852580490318e-4	0.258	0.00230008818433317	Tarmkreft_Familie	No	Yes	525	positive	ko_hum
Tarmkreft_Familie	1	0.06804656940958864	1.343563312868402	7.545144821391453e-4	0.158	0.00294704834383141	Tarmkreft_Familie	No	Unknown	455	positive	ko_hum
kjonn	1	0.04125000695341185	0.8144715667379548	-4.0792113017631054e-4	0.582	0.00178650835346824	Tarmkreft_Familie	No	Unknown	455	positive	ko_hum
age_invitation	2	0.19121992690178757	1.88779596608449	0.00388723032388441	0.022	0.00828159852543673	Tarmkreft_Familie	No	Unknown	455	positive	ko_hum
senter	1	0.04101312972909454	0.8097944823381351	-4.182089303471482e-4	0.607	0.00177624936998571	Tarmkreft_Familie	No	Unknown	455	positive	ko_hum
Total_Reads_QC_ATLAS	1	0.0462660223471012	0.9135115965031364	-1.901205422396348e-4	0.455	0.00200374839932016	Tarmkreft_Familie	No	Unknown	455	positive	ko_hum
Energi_kcal	1	0.10256456657964463	1.9397857439060515	0.00148950147881069	0.056	0.00307257535926008	Energi_kcal	low	mid	630	all	ko_hum
kjonn	1	0.05101105881373513	0.9647632507821144	-5.593447645556368e-5	0.408	0.00152816247937965	Energi_kcal	low	mid	630	all	ko_hum
age_invitation	2	0.1198721434277772	1.1335604617999322	4.2382176498184215e-4	0.266	0.00359106664650964	Energi_kcal	low	mid	630	all	ko_hum
senter	1	0.08871718996851286	1.6778927272772226	0.0010748636270502	0.046	0.00265774293140871	Energi_kcal	low	mid	630	all	ko_hum
Total_Reads_QC_ATLAS	1	0.0595499005168989	1.1262568733618523	2.00367580281973e-4	0.281	0.00178396460957625	Energi_kcal	low	mid	630	all	ko_hum
Energi_kcal	1	0.0885221007537993	1.6262489158624118	9.930587522149993e-4	0.088	0.00255681404947939	Energi_kcal	low	high	630	all	ko_hum
kjonn	1	0.06679794597660305	1.227152160887058	3.604290296097391e-4	0.201	0.00192934787239574	Energi_kcal	low	high	630	all	ko_hum
age_invitation	2	0.2454549713947074	2.2546396759938516	0.00396718188001682	0.008	0.0070895597148333	Energi_kcal	low	high	630	all	ko_hum
senter	1	0.19424512437691277	3.5684978128578355	0.00406042637554441	0.003	0.00561044822502641	Energi_kcal	low	high	630	all	ko_hum
Total_Reads_QC_ATLAS	1	0.08522808309412255	1.5657341675423315	8.971850782364512e-4	0.126	0.00246167181313641	Energi_kcal	low	high	630	all	ko_hum
Energi_kcal	1	0.06572499643455032	1.157959232697037	5.761613966602582e-4	0.283	0.00421538626704831	Energi_kcal	low	mid	274	negative	ko_hum
kjonn	1	0.05804823124576153	1.022708086103863	8.28693587566752e-5	0.375	0.00372302366061744	Energi_kcal	low	mid	274	negative	ko_hum
age_invitation	2	0.10489506214823584	0.924033566132138	-5.548071575847301e-4	0.486	0.00672762614603066	Energi_kcal	low	mid	274	negative	ko_hum
senter	1	0.10310692992106496	1.8165633767061065	0.00297130335476467	0.059	0.00661294119444471	Energi_kcal	low	mid	274	negative	ko_hum
Total_Reads_QC_ATLAS	1	0.08825713563616944	1.5549360305111182	0.00202122037408735	0.111	0.00566052396671041	Energi_kcal	low	mid	274	negative	ko_hum
Energi_kcal	1	0.07479632402549896	1.324894641894535	0.00114268798834424	0.196	0.00461555242153232	Energi_kcal	low	high	284	negative	ko_hum
kjonn	1	0.04339565082359797	0.76868303364896	-8.151603054929452e-4	0.609	0.002677870922835	Energi_kcal	low	high	284	negative	ko_hum
age_invitation	2	0.10284754776622052	0.9108881134385992	-6.279425613217774e-4	0.538	0.00634654515881302	Energi_kcal	low	high	284	negative	ko_hum
senter	1	0.2604685665237394	4.613774977117942	0.01256467975988093	0.001	0.01607306694031984	Energi_kcal	low	high	284	negative	ko_hum
Total_Reads_QC_ATLAS	1	0.06865138841532747	1.2160471501123504	7.601511324877528e-4	0.245	0.00423635902125214	Energi_kcal	low	high	284	negative	ko_hum
Energi_kcal	1	0.06040608026621541	1.214605225710227	6.024604902829452e-4	0.242	0.00343028232187212	Energi_kcal	low	mid	356	positive	ko_hum
kjonn	1	0.03572557786545261	0.7183461230336673	-7.917890095803942e-4	0.711	0.00202874971609552	Energi_kcal	low	mid	356	positive	ko_hum
age_invitation	2	0.09122138347121478	0.9171094082943032	-4.6589443804122e-4	0.506	0.00518019208859404	Energi_kcal	low	mid	356	positive	ko_hum
senter	1	0.02697660478174057	0.542427599927342	-0.00128696989318962	0.941	0.00153192145689829	Energi_kcal	low	mid	356	positive	ko_hum
Total_Reads_QC_ATLAS	1	0.03412848224631659	0.6862327881439931	-8.821460684504334e-4	0.722	0.00193805538790013	Energi_kcal	low	mid	356	positive	ko_hum
Energi_kcal	1	0.05546301599020609	1.0550141788672525	1.589752398120635e-4	0.342	0.00303339972870107	Energi_kcal	low	high	346	positive	ko_hum
kjonn	1	0.04094671159698748	0.7788859033637531	-6.39466739152033e-4	0.614	0.00223946970124084	Energi_kcal	low	high	346	positive	ko_hum
age_invitation	2	0.25320309276724373	2.4082070568399483	0.00807420178559034	0.004	0.01384825868542846	Energi_kcal	low	high	346	positive	ko_hum
senter	1	0.05176414957214703	0.9846545626956882	-4.435294196416747e-5	0.424	0.00283110022895833	Energi_kcal	low	high	346	positive	ko_hum
Total_Reads_QC_ATLAS	1	0.0566623155434236	1.077827183366991	2.2488347202247863e-4	0.328	0.00309899217574729	Energi_kcal	low	high	346	positive	ko_hum
ROKJOT_nonproc	1	0.04622802117647495	0.8400511817414867	-2.5395148809353e-4	0.549	0.0013276859001166701	ROKJOT_nonproc	low	mid	630	all	ko_hum
kjonn	1	0.07653389128634558	1.39076655634758	6.198798857448862e-4	0.169	0.00219808172091201	ROKJOT_nonproc	low	mid	630	all	ko_hum
age_invitation	2	0.187717317260379	1.705590572392607	0.00223496381902306	0.039	0.00539131091903981	ROKJOT_nonproc	low	mid	630	all	ko_hum
senter	1	0.14357031768222583	2.608946088597235	0.00254737697836778	0.016	0.0041233927304456	ROKJOT_nonproc	low	mid	630	all	ko_hum
Total_Reads_QC_ATLAS	1	0.07268359901984667	1.3207994133419327	5.089462598101e-4	0.175	0.00208749990011454	ROKJOT_nonproc	low	mid	630	all	ko_hum
ROKJOT_nonproc	1	0.08695890852740717	1.5882442461485782	9.328500039701956e-4	0.106	0.00249617462091898	ROKJOT_nonproc	low	high	630	all	ko_hum
kjonn	1	0.08824569054085174	1.6117464285415033	9.700841000918846e-4	0.104	0.00253311198201296	ROKJOT_nonproc	low	high	630	all	ko_hum
age_invitation	2	0.16639435191623164	1.5195388057296282	0.00164661373332418	0.082	0.00477638651808345	ROKJOT_nonproc	low	high	630	all	ko_hum
senter	1	0.2513486559499398	4.590709144697374	0.0056672376865257	0.001	0.0072150185255211	ROKJOT_nonproc	low	high	630	all	ko_hum
Total_Reads_QC_ATLAS	1	0.1093678393604094	1.9975278498709037	0.00158087441843074	0.048	0.00313942791577421	ROKJOT_nonproc	low	high	630	all	ko_hum
ROKJOT_nonproc	1	0.05881021207053827	1.0220688271111813	7.88110280151056e-5	0.359	0.00362894213644874	ROKJOT_nonproc	low	mid	280	negative	ko_hum
kjonn	1	0.06940349315301297	1.2061705670987497	7.357816806157005e-4	0.234	0.0042826109930978	ROKJOT_nonproc	low	mid	280	negative	ko_hum
age_invitation	2	0.09770475747429153	0.8490106000226294	-0.00107966012293937	0.636	0.00602896841971405	ROKJOT_nonproc	low	mid	280	negative	ko_hum
senter	1	0.17521482891146434	3.0450768390910103	0.00725088649662104	0.009	0.01081180382081982	ROKJOT_nonproc	low	mid	280	negative	ko_hum
Total_Reads_QC_ATLAS	1	0.08882692980330908	1.543732504332124	0.00193813812726587	0.113	0.00548115330765976	ROKJOT_nonproc	low	mid	280	negative	ko_hum
ROKJOT_nonproc	1	0.0740941440443752	1.2587419239930764	9.434227043336436e-4	0.226	0.00455083928947525	ROKJOT_nonproc	low	high	274	negative	ko_hum
kjonn	1	0.04816310749477637	0.818214764140493	-6.638902237241298e-4	0.58	0.00295816308720942	ROKJOT_nonproc	low	high	274	negative	ko_hum
age_invitation	2	0.12663626298069097	1.075674571637818	5.520641928212384e-4	0.324	0.00777795989787939	ROKJOT_nonproc	low	high	274	negative	ko_hum
senter	1	0.21773892801192396	3.699038847250513	0.00975442075438685	0.005	0.01337345725799111	ROKJOT_nonproc	low	high	274	negative	ko_hum
Total_Reads_QC_ATLAS	1	0.07909457556164412	1.343691320062394	0.00125277646593093	0.199	0.00485796423850616	ROKJOT_nonproc	low	high	274	negative	ko_hum
ROKJOT_nonproc	1	0.02781941976700253	0.5281969811192009	-0.00134982820543741	0.927	0.00151070501040452	ROKJOT_nonproc	low	mid	350	positive	ko_hum
kjonn	1	0.0448138769508013	0.8508644219005947	-4.26283291727289e-4	0.519	0.00243357154866072	ROKJOT_nonproc	low	mid	350	positive	ko_hum
age_invitation	2	0.1816509460723097	1.724469491751352	0.00412275816707108	0.04	0.00986436800891365	ROKJOT_nonproc	low	mid	350	positive	ko_hum
senter	1	0.03614556441094052	0.6862823941911971	-8.971401556300061e-4	0.757	0.0019628477415002	ROKJOT_nonproc	low	mid	350	positive	ko_hum
Total_Reads_QC_ATLAS	1	0.05922846900648082	1.1245489225710807	3.5572747742011214e-4	0.294	0.00321634116153675	ROKJOT_nonproc	low	mid	350	positive	ko_hum
ROKJOT_nonproc	1	0.08359577234623927	1.6220777026610211	0.00174436116425659	0.086	0.00454144581780508	ROKJOT_nonproc	low	high	356	positive	ko_hum
kjonn	1	0.06609388169125907	1.282474086484469	7.92837445088306e-4	0.183	0.00359063352326065	ROKJOT_nonproc	low	high	356	positive	ko_hum
age_invitation	2	0.10611412239384777	1.0295099084651642	1.6575852217049248e-4	0.369	0.00576478359885955	ROKJOT_nonproc	low	high	356	positive	ko_hum
senter	1	0.08249467335238236	1.6007121709334096	0.00168455123736674	0.106	0.00448162722554507	ROKJOT_nonproc	low	high	356	positive	ko_hum
Total_Reads_QC_ATLAS	1	0.08242350528179188	1.5993312381756128	0.00168068525561904	0.11	0.00447776093030701	ROKJOT_nonproc	low	high	356	positive	ko_hum
GRSAK_modified	1	0.07490271839731122	1.397870210253753	6.311414252098491e-4	0.164	0.00221032654071045	GRSAK_modified	low	mid	630	all	ko_hum
kjonn	1	0.06706344912490181	1.2515700328966106	3.99158121706035e-4	0.207	0.00197899521785148	GRSAK_modified	low	mid	630	all	ko_hum
age_invitation	2	0.15417987711727932	1.438689154775494	0.00139072716777694	0.112	0.00454973973879206	GRSAK_modified	low	mid	630	all	ko_hum
senter	1	0.12165317037737113	2.2703494144420246	0.00201236984379257	0.036	0.00358989949897901	GRSAK_modified	low	mid	630	all	ko_hum
Total_Reads_QC_ATLAS	1	0.07050801891183056	1.3158542350633062	5.011046968612578e-4	0.205	0.00208064204969265	GRSAK_modified	low	mid	630	all	ko_hum
GRSAK_modified	1	0.07817870834302454	1.454902980610593	7.215472168745802e-4	0.131	0.00228930471779713	GRSAK_modified	low	high	630	all	ko_hum
kjonn	1	0.1305219631793193	2.429009090704441	0.002263135000342	0.013	0.00382207064321778	GRSAK_modified	low	high	630	all	ko_hum
age_invitation	2	0.2311786282667541	2.151113023273547	0.00364102157435329	0.008	0.00676959667871221	GRSAK_modified	low	high	630	all	ko_hum
senter	1	0.14410622652126648	2.681811748160492	0.00266243497419393	0.01	0.00421985820987938	GRSAK_modified	low	high	630	all	ko_hum
Total_Reads_QC_ATLAS	1	0.08265068601023273	1.538126325881246	8.534397896236428e-4	0.088	0.00242025750262063	GRSAK_modified	low	high	630	all	ko_hum
GRSAK_modified	1	0.03600963765047638	0.6342138677763342	-0.00132227365194423	0.77	0.00227374007797139	GRSAK_modified	low	mid	277	negative	ko_hum
kjonn	1	0.06800308571478375	1.1976932517488974	7.131850537058903e-4	0.245	0.00429388773406284	GRSAK_modified	low	mid	277	negative	ko_hum
age_invitation	2	0.11747021149436244	1.034462466735735	2.487645754139335e-4	0.374	0.00741736782899771	GRSAK_modified	low	mid	277	negative	ko_hum
senter	1	0.1865472918432829	3.2855337404808314	0.00818350205923879	0.006	0.01177907031495742	GRSAK_modified	low	mid	277	negative	ko_hum
Total_Reads_QC_ATLAS	1	0.08200623634658655	1.4443214574934995	0.00160147973171465	0.165	0.00517808226882732	GRSAK_modified	low	mid	277	negative	ko_hum
GRSAK_modified	1	0.04990406085994969	0.8648457165349362	-4.8292697540853926e-4	0.524	0.00306409894906496	GRSAK_modified	low	high	280	negative	ko_hum
kjonn	1	0.08445403108629712	1.46360247584	0.00165298624045141	0.126	0.005185459929244	GRSAK_modified	low	high	280	negative	ko_hum
age_invitation	2	0.11144842292519463	0.9657098993599388	-2.4498929534038586e-4	0.47	0.00684290996915839	GRSAK_modified	low	high	280	negative	ko_hum
senter	1	0.1828658025729215	3.169094925956972	0.0076872165129429	0.002	0.01122792221370691	GRSAK_modified	low	high	280	negative	ko_hum
Total_Reads_QC_ATLAS	1	0.08809862658866408	1.5267639251170506	0.00187776708983697	0.129	0.00540923733445176	GRSAK_modified	low	high	280	negative	ko_hum
GRSAK_modified	1	0.1013140078815482	1.9982380409096447	0.00281989550692137	0.047	0.00567010709770508	GRSAK_modified	low	mid	353	positive	ko_hum
kjonn	1	0.03359544383252455	0.6626101885721591	-9.56692889125488e-4	0.788	0.001880191777114	GRSAK_modified	low	mid	353	positive	ko_hum
age_invitation	2	0.11705900496958677	1.15439000811585	8.73966438698506e-4	0.263	0.00655128652796325	GRSAK_modified	low	mid	353	positive	ko_hum
senter	1	0.04123517263452214	0.8132902083798147	-5.292028299441616e-4	0.595	0.00230775437591469	GRSAK_modified	low	mid	353	positive	ko_hum
Total_Reads_QC_ATLAS	1	0.03562591653694369	0.7026576398954026	-8.430397493862376e-4	0.711	0.00199382855778981	GRSAK_modified	low	mid	353	positive	ko_hum
GRSAK_modified	1	0.06612179383624905	1.310721686847902	8.869888005473737e-4	0.176	0.00372574241545219	GRSAK_modified	low	high	350	positive	ko_hum
kjonn	1	0.09451727954726152	1.8736008341102368	0.00248978786672317	0.05	0.00532573327146081	GRSAK_modified	low	high	350	positive	ko_hum
age_invitation	2	0.2025510269756197	2.0075682187913833	0.0057245732611844	0.009	0.01141307439972619	GRSAK_modified	low	high	350	positive	ko_hum
senter	1	0.02825657799503744	0.5601256019448881	-0.00125836548804771	0.881	0.00159216386978796	GRSAK_modified	low	high	350	positive	ko_hum
Total_Reads_QC_ATLAS	1	0.0608438907500286	1.2060986626552626	5.885067777011848e-4	0.257	0.00342835019040645	GRSAK_modified	low	high	350	positive	ko_hum
FRUKTB_modified	1	0.07380818946593237	1.4372941199365643	6.936361855733935e-4	0.142	0.00227380497048991	FRUKTB_modified	low	mid	630	all	ko_hum
kjonn	1	0.06305119838684803	1.2278192616850376	3.6148715547328433e-4	0.223	0.00194241491797511	FRUKTB_modified	low	mid	630	all	ko_hum
age_invitation	2	0.12881914378919035	1.254271370448168	8.065596362670041e-4	0.185	0.00396852451688053	FRUKTB_modified	low	mid	630	all	ko_hum
senter	1	0.11984428526283251	2.33377200772247	0.00211262578822752	0.022	0.00369203652720974	FRUKTB_modified	low	mid	630	all	ko_hum
Total_Reads_QC_ATLAS	1	0.06403302588078574	1.2469387509184118	3.9181269393837574e-4	0.204	0.00197266202540361	FRUKTB_modified	low	mid	630	all	ko_hum
FRUKTB_modified	1	0.17848020428946398	3.308620529763929	0.00365109766782826	0.006	0.00518705452364116	FRUKTB_modified	low	high	630	all	ko_hum
kjonn	1	0.11087840672804816	2.0554356393102315	0.00167249274739387	0.042	0.0032223872864919	FRUKTB_modified	low	high	630	all	ko_hum
age_invitation	2	0.212118756456924	1.966101717429521	0.00305761191526017	0.019	0.00616466996779416	FRUKTB_modified	low	high	630	all	ko_hum
senter	1	0.20244958329398344	3.7529587675856746	0.00435076395841375	0.002	0.00588366105369992	FRUKTB_modified	low	high	630	all	ko_hum
Total_Reads_QC_ATLAS	1	0.06502683538061405	1.20545089794353	3.2600622170245424e-4	0.243	0.00188983277984176	FRUKTB_modified	low	high	630	all	ko_hum
FRUKTB_modified	1	0.07949194932492176	1.4668886504587677	0.00164127590621789	0.139	0.00514472041033389	FRUKTB_modified	low	mid	284	negative	ko_hum
kjonn	1	0.0635774845988557	1.1732142861609252	6.095376955074284e-4	0.273	0.00411473596296468	FRUKTB_modified	low	mid	284	negative	ko_hum
age_invitation	2	0.09847991728410044	0.9086396433159007	-6.437970014632748e-4	0.515	0.0063736220430144	FRUKTB_modified	low	mid	284	negative	ko_hum
senter	1	0.12101129204044804	2.233057465302752	0.00432298232280719	0.028	0.00783185302824352	FRUKTB_modified	low	mid	284	negative	ko_hum
Total_Reads_QC_ATLAS	1	0.05596496877421586	1.0327382611114169	1.1526228036896434e-4	0.365	0.00362205379993291	FRUKTB_modified	low	mid	284	negative	ko_hum
FRUKTB_modified	1	0.1070653451584711	1.8643386825653443	0.00331336466659446	0.077	0.00709614212031295	FRUKTB_modified	low	high	260	negative	ko_hum
kjonn	1	0.06378342250981817	1.1106665907204107	4.254596405865305e-4	0.258	0.0042274765039958	FRUKTB_modified	low	high	260	negative	ko_hum
age_invitation	2	0.1185271569668469	1.0319621318210612	2.4580211893333805e-4	0.344	0.00785581506049849	FRUKTB_modified	low	high	260	negative	ko_hum
senter	1	0.18971369403006655	3.303501967598475	0.00878181934407806	0.004	0.01257395969736341	FRUKTB_modified	low	high	260	negative	ko_hum
Total_Reads_QC_ATLAS	1	0.08326610788486732	1.4499203794341382	0.00172747366856044	0.136	0.00551876178498061	FRUKTB_modified	low	high	260	negative	ko_hum
FRUKTB_modified	1	0.06068457419678808	1.2429467656157165	7.016656018127516e-4	0.198	0.0035962337329157	FRUKTB_modified	low	mid	346	positive	ko_hum
kjonn	1	0.03697195590914504	0.7572628402522591	-7.020450062386427e-4	0.649	0.00219099823591374	FRUKTB_modified	low	mid	346	positive	ko_hum
age_invitation	2	0.14462280246621972	1.4810884556654162	0.00277314639853878	0.092	0.00857050424530048	FRUKTB_modified	low	mid	346	positive	ko_hum
senter	1	0.03706986361990516	0.7592681945622936	-6.962410774835519e-4	0.635	0.00219680035312077	FRUKTB_modified	low	mid	346	positive	ko_hum
Total_Reads_QC_ATLAS	1	0.03765445910147491	0.7712419304355057	-6.615878992345968e-4	0.592	0.00223144411586867	FRUKTB_modified	low	mid	346	positive	ko_hum
FRUKTB_modified	1	0.11076444067748524	2.154602370374715	0.00311083942648389	0.034	0.00579155728270974	FRUKTB_modified	low	high	370	positive	ko_hum
kjonn	1	0.06382696262160081	1.2415692628173318	6.524639124080989e-4	0.208	0.00333733017513006	FRUKTB_modified	low	high	370	positive	ko_hum
age_invitation	2	0.14939191131496798	1.4529941390272685	0.00244263588803357	0.087	0.0078112777590182	FRUKTB_modified	low	high	370	positive	ko_hum
senter	1	0.06570657176947847	1.2781316315759763	7.511424732279767e-4	0.204	0.00343560958666733	FRUKTB_modified	low	high	370	positive	ko_hum
Total_Reads_QC_ATLAS	1	0.04107202216235706	0.7989375991593413	-5.437073512055319e-4	0.566	0.00214753911648078	FRUKTB_modified	low	high	370	positive	ko_hum
PROKJOT_red	1	0.03302917728991161	0.6129228422366889	-6.147859164261497e-4	0.828	9.697183451778456e-4	PROKJOT_red	low	mid	630	all	ko_hum
kjonn	1	0.08331977631063836	1.5461660961939832	8.661793942470215e-4	0.116	0.00244622246855718	PROKJOT_red	low	mid	630	all	ko_hum
age_invitation	2	0.14371864579665328	1.3334943236839008	0.00105759245271158	0.154	0.0042194998122372	PROKJOT_red	low	mid	630	all	ko_hum
senter	1	0.1425500895156233	2.6453037343348274	0.00260479057567224	0.016	0.0041851916472732	PROKJOT_red	low	mid	630	all	ko_hum
Total_Reads_QC_ATLAS	1	0.07247935145515783	1.3450002011081308	5.473196440013966e-4	0.169	0.00212795360101587	PROKJOT_red	low	mid	630	all	ko_hum
PROKJOT_red	1	0.06194455576198265	1.13509471785419	2.1439008712041235e-4	0.29	0.00178534370499925	PROKJOT_red	low	high	630	all	ko_hum
kjonn	1	0.07082384013974519	1.2978019755226544	4.724782072684739e-4	0.193	0.00204125924549725	PROKJOT_red	low	high	630	all	ko_hum
age_invitation	2	0.2494230501539292	2.2852596427413943	0.0040636090477095	0.006	0.00718878143520932	PROKJOT_red	low	high	630	all	ko_hum
senter	1	0.23135006322394247	4.239343256407669	0.0051155116795957	0.002	0.00666788830668376	PROKJOT_red	low	high	630	all	ko_hum
Total_Reads_QC_ATLAS	1	0.05925396842073383	1.0857914103817474	1.361583002684639e-4	0.32	0.0017077965644417	PROKJOT_red	low	high	630	all	ko_hum
PROKJOT_red	1	0.03044583774540399	0.5380032758817779	-0.00167670781752616	0.928	0.00194205801067733	PROKJOT_red	low	mid	276	negative	ko_hum
kjonn	1	0.05296164153976868	0.9358762561484548	-2.3238639614958905e-4	0.452	0.0033782805081938	PROKJOT_red	low	mid	276	negative	ko_hum
age_invitation	2	0.1355468909602191	1.1976131512951471	0.0014299317244995	0.197	0.00864617119794771	PROKJOT_red	low	mid	276	negative	ko_hum
senter	1	0.15411934120804285	2.723416945857743	0.00620551541821813	0.013	0.00983085779068688	PROKJOT_red	low	mid	276	negative	ko_hum
Total_Reads_QC_ATLAS	1	0.06412877078484946	1.1332087180202128	4.82407453412248e-4	0.301	0.00409060161389082	PROKJOT_red	low	mid	276	negative	ko_hum
PROKJOT_red	1	0.03652078707544604	0.6474468714226499	-0.00125175332669817	0.787	0.00226753745297954	PROKJOT_red	low	high	282	negative	ko_hum
kjonn	1	0.05790367077062086	1.0265263562605669	9.405624571306476e-5	0.372	0.00359517832587062	PROKJOT_red	low	high	282	negative	ko_hum
age_invitation	2	0.16020394493589585	1.4200617134022355	0.00297031204988101	0.115	0.00994689529847103	PROKJOT_red	low	high	282	negative	ko_hum
senter	1	0.26672167802524527	4.728488343400121	0.01304906054351525	0.002	0.01656046988238155	PROKJOT_red	low	high	282	negative	ko_hum
Total_Reads_QC_ATLAS	1	0.06524656425662556	1.1567024503541092	5.553738365711202e-4	0.275	0.00405109089857499	PROKJOT_red	low	high	282	negative	ko_hum
PROKJOT_red	1	0.0388403079647972	0.7544147841642664	-6.942251617851107e-4	0.648	0.00213584316472927	PROKJOT_red	low	mid	354	positive	ko_hum
kjonn	1	0.0547965614008028	1.064341098417613	1.8172148660327336e-4	0.347	0.00301328355132119	PROKJOT_red	low	mid	354	positive	ko_hum
age_invitation	2	0.13533263194693035	1.314316797039313	0.00177265323363082	0.17	0.00744199240568981	PROKJOT_red	low	mid	354	positive	ko_hum
senter	1	0.03266074560507803	0.6343860447407141	-0.00103387557796212	0.8	0.00179602670294975	PROKJOT_red	low	mid	354	positive	ko_hum
Total_Reads_QC_ATLAS	1	0.06025138046231859	1.1702927852239675	4.808217648204525e-4	0.254	0.00331324610614781	PROKJOT_red	low	mid	354	positive	ko_hum
PROKJOT_red	1	0.08774318177109564	1.6554034141487206	0.00187980283033274	0.095	0.00474994235022077	PROKJOT_red	low	high	348	positive	ko_hum
kjonn	1	0.04406786334233814	0.831404673943304	-4.8470415204382455e-4	0.554	0.00238559630672599	PROKJOT_red	low	high	348	positive	ko_hum
age_invitation	2	0.173592041448007	1.6375338361432703	0.00365061176792296	0.046	0.00939733632507491	PROKJOT_red	low	high	348	positive	ko_hum
senter	1	0.05001321382768253	0.9435724035957976	-1.6217456185323495e-4	0.453	0.00270744549759436	PROKJOT_red	low	high	348	positive	ko_hum
Total_Reads_QC_ATLAS	1	0.03848309053417864	0.7260397693745289	-7.878622803376251e-4	0.675	0.00208326684542331	PROKJOT_red	low	high	348	positive	ko_hum
FISK_modified	1	0.03461762295901849	0.6468601779540213	-5.608537807147525e-4	0.819	0.00102146025305968	FISK_modified	low	mid	630	all	ko_hum
kjonn	1	0.08848349548107848	1.6533905202169052	0.00103605329018834	0.067	0.00261087752306695	FISK_modified	low	mid	630	all	ko_hum
age_invitation	2	0.12703076493993137	1.186839768171784	5.927905121584692e-4	0.239	0.00374828963431482	FISK_modified	low	mid	630	all	ko_hum
senter	1	0.15402647622209287	2.8781177129522564	0.00297227845102469	0.006	0.00454485056833525	FISK_modified	low	mid	630	all	ko_hum
Total_Reads_QC_ATLAS	1	0.1324047003404374	2.4740961597957316	0.00233437312592899	0.019	0.00390685804383923	FISK_modified	low	mid	630	all	ko_hum
FISK_modified	1	0.10010178052399256	1.8370935950828091	0.00132695683811535	0.064	0.00288502232913543	FISK_modified	low	high	630	all	ko_hum
kjonn	1	0.07549267033854079	1.385460882200697	6.114685476109476e-4	0.169	0.0021757658902036	FISK_modified	low	high	630	all	ko_hum
age_invitation	2	0.2327878570357527	2.136091280968441	0.00359367788842157	0.014	0.00670915304387382	FISK_modified	low	high	630	all	ko_hum
senter	1	0.24740649477910637	4.540467557733876	0.00558838422963287	0.002	0.007130475183104	FISK_modified	low	high	630	all	ko_hum
Total_Reads_QC_ATLAS	1	0.05857621832777227	1.0750058085962877	1.190426661981774e-4	0.333	0.00168821870047986	FISK_modified	low	high	630	all	ko_hum
FISK_modified	1	0.06879238498163076	1.2238689282700694	7.76718906392112e-4	0.221	0.00422392797095076	FISK_modified	low	mid	288	negative	ko_hum
kjonn	1	0.05568957070637026	0.9907598818448456	-3.208477299391616e-5	0.402	0.00341940078774256	FISK_modified	low	mid	288	negative	ko_hum
age_invitation	2	0.10215074852998995	0.9086698125000848	-6.346399255785627e-4	0.519	0.00627216811983764	FISK_modified	low	mid	288	negative	ko_hum
senter	1	0.15219542822850762	2.707672596078269	0.00589446796757493	0.011	0.00934496640168651	FISK_modified	low	mid	288	negative	ko_hum
Total_Reads_QC_ATLAS	1	0.0834611454245362	1.4848373498054306	0.00168063373541374	0.15	0.00512460596823941	FISK_modified	low	mid	288	negative	ko_hum
FISK_modified	1	0.045618264355749	0.7868690633034516	-7.784556557651034e-4	0.561	0.0028437482962296	FISK_modified	low	high	274	negative	ko_hum
kjonn	1	0.08379278684069469	1.4453410848502382	0.00162269500764653	0.129	0.00522346911220277	FISK_modified	low	high	274	negative	ko_hum
age_invitation	2	0.10358627812954602	0.8933794259164378	-7.788585140544564e-4	0.588	0.00645735444133658	FISK_modified	low	high	274	negative	ko_hum
senter	1	0.21196328418980315	3.6561529299861335	0.00960091760785212	0.009	0.01321335295830956	FISK_modified	low	high	274	negative	ko_hum
Total_Reads_QC_ATLAS	1	0.07088433370759262	1.2226832838797708	8.120527492951606e-4	0.23	0.00441878282870123	FISK_modified	low	high	274	negative	ko_hum
FISK_modified	1	0.03508947325738276	0.6866277224390224	-9.171335725070812e-4	0.758	0.00200832422304311	FISK_modified	low	mid	342	positive	ko_hum
kjonn	1	0.0910258488194806	1.7811857932306998	0.00227896344842543	0.041	0.00520980796053302	FISK_modified	low	mid	342	positive	ko_hum
age_invitation	2	0.09135678221367272	0.8938307343717963	-6.212586210512626e-4	0.551	0.0052287487279505	FISK_modified	low	mid	342	positive	ko_hum
senter	1	0.03884916390441972	0.7601970179116222	-7.016703061995535e-4	0.668	0.0022235077837141	FISK_modified	low	mid	342	positive	ko_hum
Total_Reads_QC_ATLAS	1	0.09082088906072272	1.7771751587217317	0.00226728970026041	0.068	0.00519807721595207	FISK_modified	low	mid	342	positive	ko_hum
FISK_modified	1	0.06865836002199543	1.3335116342086877	9.359536033508156e-4	0.161	0.00372701081423588	FISK_modified	low	high	356	positive	ko_hum
kjonn	1	0.07838382989316983	1.5224038130664748	0.00146527625607613	0.106	0.0042549426112054	FISK_modified	low	high	356	positive	ko_hum
age_invitation	2	0.1973097331649285	1.9161164396713832	0.00512036846038008	0.02	0.01071064774958358	FISK_modified	low	high	356	positive	ko_hum
senter	1	0.06394713101514071	1.2420081568455583	6.793363817413909e-4	0.199	0.0034712691761999	FISK_modified	low	high	356	positive	ko_hum
Total_Reads_QC_ATLAS	1	0.04751992665116589	0.9229520633142484	-2.1647363913762391e-4	0.441	0.00257954428949152	FISK_modified	low	high	356	positive	ko_hum
MILK	1	0.05507055815277795	1.0212683995065053	3.297317553462808e-5	0.371	0.00157900246615309	MILK	low	mid	645	all	ko_hum
kjonn	1	0.05705691405520952	1.058104825019005	9.007688545323657e-5	0.308	0.00163595596315408	MILK	low	mid	645	all	ko_hum
age_invitation	2	0.11874037049895492	1.1010038049719684	3.1309203561260505e-4	0.286	0.00340456578140426	MILK	low	mid	645	all	ko_hum
senter	1	0.14988943109787556	2.779658397062138	0.00275156828752581	0.01	0.00429768263283691	MILK	low	mid	645	all	ko_hum
Total_Reads_QC_ATLAS	1	0.08044415717943565	1.4918148355129357	7.619226521691251e-4	0.142	0.00230652324644231	MILK	low	mid	645	all	ko_hum
MILK	1	0.06276530803832969	1.202150631881195	3.285922061123545e-4	0.244	0.00194412137968859	MILK	low	high	615	all	ko_hum
kjonn	1	0.1079901701636139	2.0683472344287246	0.00173413751773582	0.036	0.00334493695917306	MILK	low	high	615	all	ko_hum
age_invitation	2	0.17292311109841307	1.6560073850579276	0.0021288158248955	0.051	0.00535619959235107	MILK	low	high	615	all	ko_hum
senter	1	0.13076584604623775	2.504572181131721	0.00244048827701098	0.006	0.00405040116868872	MILK	low	high	615	all	ko_hum
Total_Reads_QC_ATLAS	1	0.07164610326681853	1.3722454490533766	6.049110141159183e-4	0.172	0.00221919919595292	MILK	low	high	615	all	ko_hum
MILK	1	0.02722450042986146	0.4737356259023891	-0.00188305485278966	0.956	0.00168668570763608	MILK	low	mid	280	negative	ko_hum
kjonn	1	0.06486546044822816	1.1287288662671855	4.595346817449786e-4	0.288	0.00401872002533628	MILK	low	mid	280	negative	ko_hum
age_invitation	2	0.0768639336339696	0.6687576105063827	-0.00237162838103959	0.852	0.00476208181035721	MILK	low	mid	280	negative	ko_hum
senter	1	0.16368618434195523	2.8483158833561233	0.00655783901905965	0.013	0.01014112814956315	MILK	low	mid	280	negative	ko_hum
Total_Reads_QC_ATLAS	1	0.1101616522875748	1.9169313843369271	0.00326406592802491	0.052	0.00682503192011646	MILK	low	mid	280	negative	ko_hum
MILK	1	0.04359816688168649	0.7956325162941047	-8.020839356138733e-4	0.612	0.00310024209429463	MILK	low	high	255	negative	ko_hum
kjonn	1	0.0600387730708789	1.0956607470040098	3.7499950694529167e-4	0.297	0.00426932471884106	MILK	low	high	255	negative	ko_hum
age_invitation	2	0.11493512163641384	1.0487381302786043	3.8211377856849614e-4	0.358	0.00817297440915481	MILK	low	high	255	negative	ko_hum
senter	1	0.1811159519099661	3.3052247575037064	0.00895910590108015	0.006	0.01287905749760733	MILK	low	high	255	negative	ko_hum
Total_Reads_QC_ATLAS	1	0.07228137174951854	1.3190786172804894	0.00124972492854238	0.194	0.00513988929716552	MILK	low	high	255	negative	ko_hum
MILK	1	0.05838225048814038	1.1411756435659195	3.8663304218456313e-4	0.296	0.0031377114576483	MILK	low	mid	365	positive	ko_hum
kjonn	1	0.03743870174861641	0.7318000626051359	-7.35334668786293e-4	0.668	0.00201211571074969	MILK	low	mid	365	positive	ko_hum
age_invitation	2	0.10572519015107672	1.0332850387147456	1.823505160041687e-4	0.393	0.00568212320911587	MILK	low	mid	365	positive	ko_hum
senter	1	0.04703540911183879	0.919383251155974	-2.209165984163179e-4	0.438	0.00252788374636863	MILK	low	mid	365	positive	ko_hum
Total_Reads_QC_ATLAS	1	0.03969431230904163	0.7758896242682346	-6.143782582851264e-4	0.624	0.00213334185465924	MILK	low	mid	365	positive	ko_hum
MILK	1	0.05390021583045268	1.0729029540254742	2.024672043560652e-4	0.318	0.00298278086941825	MILK	low	high	360	positive	ko_hum
kjonn	1	0.07334282806452919	1.459915061092529	0.00127591180565689	0.14	0.004058714442778	MILK	low	high	360	positive	ko_hum
age_invitation	2	0.12499134207516605	1.243998545032616	0.00135371245091222	0.194	0.0069168885178022	MILK	low	high	360	positive	ko_hum
senter	1	0.03843065086080344	0.7649757649093138	-6.532715826241635e-4	0.632	0.00212671152463424	MILK	low	high	360	positive	ko_hum
Total_Reads_QC_ATLAS	1	0.04405123462229454	0.8768554824232534	-3.4218515500717187e-4	0.48	0.00243774867839025	MILK	low	high	360	positive	ko_hum
OST	1	0.14086236320052592	2.6141923783729237	0.00255566198139818	0.022	0.00411492130544426	OST	low	mid	630	all	ko_hum
kjonn	1	0.10467558193364113	1.9426204578374808	0.00149398761040025	0.061	0.00305782021877159	OST	low	mid	630	all	ko_hum
age_invitation	2	0.17648903785825354	1.6376847837581012	0.00202030623876542	0.046	0.00515566035922912	OST	low	mid	630	all	ko_hum
senter	1	0.1441896752690539	2.675942257136718	0.00265316777958672	0.011	0.00421211992549834	OST	low	mid	630	all	ko_hum
Total_Reads_QC_ATLAS	1	0.09226613522488948	1.712319898704717	0.00112938954295219	0.075	0.00269531106096395	OST	low	mid	630	all	ko_hum
OST	1	0.08947109596126523	1.6562521147621931	0.00103729649800908	0.081	0.00260550736398156	OST	low	high	632	all	ko_hum
kjonn	1	0.05523214183988756	1.022434683987362	3.549665764409071e-5	0.361	0.00160842728868106	OST	low	high	632	all	ko_hum
age_invitation	2	0.14126818716205491	1.3075492773502515	9.723108982156508e-4	0.156	0.00411390179132723	OST	low	high	632	all	ko_hum
senter	1	0.15586723762480403	2.8853501699586457	0.00297427629373851	0.016	0.00453904393448707	OST	low	high	632	all	ko_hum
Total_Reads_QC_ATLAS	1	0.09734832111674764	1.802072065686612	0.00126749279291764	0.075	0.00283490176146649	OST	low	high	632	all	ko_hum
OST	1	0.11338283766559344	2.0452164450015915	0.00374568845263684	0.04	0.00726800338544111	OST	low	mid	278	negative	ko_hum
kjonn	1	0.1131332438457715	2.0407142346549416	0.00372961428768337	0.042	0.00725200406169159	OST	low	mid	278	negative	ko_hum
age_invitation	2	0.1109691046207022	1.0008385851425603	6.032950240415773e-6	0.425	0.00711327961680902	OST	low	mid	278	negative	ko_hum
senter	1	0.1332769796526332	2.4040699292572363	0.00502523076923229	0.024	0.00854324657293921	OST	low	mid	278	negative	ko_hum
Total_Reads_QC_ATLAS	1	0.13121698751703725	2.3669114855364963	0.00489288970647214	0.028	0.00841119810666558	OST	low	mid	278	negative	ko_hum
OST	1	0.0764995841739946	1.3163057751428278	0.00113649746198621	0.174	0.00470368453911807	OST	low	high	278	negative	ko_hum
kjonn	1	0.04275180600214412	0.7356177127762499	-9.519207129463832e-4	0.677	0.00262865492777436	OST	low	high	278	negative	ko_hum
age_invitation	2	0.11125562370343012	0.9571713466105712	-3.0821477563470334e-4	0.447	0.0068407085182779	OST	low	high	278	negative	ko_hum
senter	1	0.1818838296174956	3.1296213948832237	0.00760227134952363	0.011	0.01118338310626044	OST	low	high	278	negative	ko_hum
Total_Reads_QC_ATLAS	1	0.06760026117047069	1.163177749796226	5.866259909606079e-4	0.269	0.00415649714624172	OST	low	high	278	negative	ko_hum
OST	1	0.09106265290314396	1.7360056289054742	0.00208656223680149	0.072	0.00493269463951146	OST	low	mid	352	positive	ko_hum
kjonn	1	0.03080101702630955	0.5871862638414375	-0.00117414329158394	0.862	0.00166843383904899	OST	low	mid	352	positive	ko_hum
age_invitation	2	0.1579237731256029	1.505318318452879	0.00286290704023534	0.091	0.00855443723978297	OST	low	mid	352	positive	ko_hum
senter	1	0.04292740717485088	0.8183620629757149	-5.162832774253317e-4	0.557	0.00232529785272928	OST	low	mid	352	positive	ko_hum
Total_Reads_QC_ATLAS	1	0.04541544786863127	0.8657937214179819	-3.814132574883734e-4	0.534	0.0024600703923142	OST	low	mid	352	positive	ko_hum
OST	1	0.06237060872803823	1.2343649056416026	6.616097388067672e-4	0.21	0.00347562077833688	OST	low	high	354	positive	ko_hum
kjonn	1	0.0467910437580592	0.9260326857660526	-2.0899088341325676e-4	0.457	0.00260744487254736	OST	low	high	354	positive	ko_hum
age_invitation	2	0.17733490769464666	1.7548007873222968	0.00424630324457672	0.041	0.00988204063544585	OST	low	high	354	positive	ko_hum
senter	1	0.051910225346397	1.0273454391144126	7.724103650946794e-5	0.347	0.00289271279375827	OST	low	high	354	positive	ko_hum
Total_Reads_QC_ATLAS	1	0.06920419379607878	1.3696070935844271	0.00104299885257038	0.163	0.00385642434491066	OST	low	high	354	positive	ko_hum
SABR_S	1	0.04165683140759313	0.7672898898550058	-2.9097227791979755e-4	0.606	9.547077203078818e-4	SABR_S	low	mid	800	all	ko_hum
kjonn	1	0.09668277374172618	1.7808295136351504	9.750851729422612e-4	0.055	0.00221581400680372	SABR_S	low	mid	800	all	ko_hum
age_invitation	2	0.16964970563888926	1.562414849558988	0.00140406295925247	0.077	0.00388809898037238	SABR_S	low	mid	800	all	ko_hum
senter	1	0.1844046032645892	3.3966046611469305	0.00298680807872937	0.005	0.0042262575536392	SABR_S	low	mid	800	all	ko_hum
Total_Reads_QC_ATLAS	1	0.08226510808313492	1.5152661301193715	6.436680871937526e-4	0.11	0.00188538424899535	SABR_S	low	mid	800	all	ko_hum
SABR_S	1	0.1569197970266316	2.920023768741656	0.00241536722101773	0.011	0.00365556436245947	SABR_S	low	high	793	all	ko_hum
kjonn	1	0.10510874170977048	1.9559037795783565	0.00120397590726114	0.052	0.00244858697027236	SABR_S	low	high	793	all	ko_hum
age_invitation	2	0.19234178581200467	1.7895848609782208	0.00198742904688658	0.025	0.00448074615790414	SABR_S	low	high	793	all	ko_hum
senter	1	0.13857150388435713	2.578591692569724	0.0019867030260746	0.013	0.00322812711238786	SABR_S	low	high	793	all	ko_hum
Total_Reads_QC_ATLAS	1	0.07509849654456957	1.3974616272903388	5.00961556487878e-4	0.177	0.00174947580129754	SABR_S	low	high	793	all	ko_hum
SABR_S	1	0.02745089741582873	0.4786013904140995	-0.00147923478908833	0.964	0.00134885967294518	SABR_S	low	mid	353	negative	ko_hum
kjonn	1	0.0793186986601917	1.382907046336309	0.00108354716286857	0.145	0.00389749713142461	SABR_S	low	mid	353	negative	ko_hum
age_invitation	2	0.10061712038713466	0.8771205725496259	-6.966857552242995e-4	0.579	0.00494404150225773	SABR_S	low	mid	353	negative	ko_hum
senter	1	0.21302617682859548	3.714072544891613	0.00762992738936155	0.002	0.01046750548272039	SABR_S	low	mid	353	negative	ko_hum
Total_Reads_QC_ATLAS	1	0.07918859369337028	1.380638689966123	0.00107713510105478	0.157	0.00389110414031992	SABR_S	low	mid	353	negative	ko_hum
SABR_S	1	0.07217934844911866	1.29276043435998	8.454130949568978e-4	0.204	0.00372299715016587	SABR_S	low	high	346	negative	ko_hum
kjonn	1	0.06189785465221575	1.1086148487826424	3.138172357544378e-4	0.306	0.00319267964345824	SABR_S	low	high	346	negative	ko_hum
age_invitation	2	0.09910822962858036	0.8875336279435242	-6.505175341242652e-4	0.564	0.00511198375149221	SABR_S	low	high	346	negative	ko_hum
senter	1	0.12167523775281808	2.1792512205768957	0.00339666387444239	0.028	0.00627598576508109	SABR_S	low	high	346	negative	ko_hum
Total_Reads_QC_ATLAS	1	0.0789034615237405	1.413191936248106	0.00119277194363933	0.168	0.00406982563160966	SABR_S	low	high	346	negative	ko_hum
SABR_S	1	0.06436819286045647	1.2469502605289349	5.521563878413978e-4	0.216	0.00278867045942107	SABR_S	low	mid	447	positive	ko_hum
kjonn	1	0.04508313731420443	0.8733572797558621	-2.8339733882334775e-4	0.506	0.00195316984459542	SABR_S	low	mid	447	positive	ko_hum
age_invitation	2	0.17116747205273342	1.657940936239619	0.00293516675559919	0.051	0.00741561401237472	SABR_S	low	mid	447	positive	ko_hum
senter	1	0.0379887119850153	0.7359230110680098	-5.911254844966823e-4	0.683	0.00164581284942595	SABR_S	low	mid	447	positive	ko_hum
Total_Reads_QC_ATLAS	1	0.04817226903404403	0.9332004015165258	-1.494621532333302e-4	0.436	0.00208700256522271	SABR_S	low	mid	447	positive	ko_hum
SABR_S	1	0.1275073932707258	2.450870488540522	0.00323529417382989	0.022	0.00546021803778437	SABR_S	low	high	447	positive	ko_hum
kjonn	1	0.06604418033584736	1.2694615455066245	6.024590737215099e-4	0.18	0.00282819384437428	SABR_S	low	high	447	positive	ko_hum
age_invitation	2	0.17448969055320163	1.6769679865676994	0.00301979276750795	0.039	0.00747212950815414	SABR_S	low	high	447	positive	ko_hum
senter	1	0.03949988246664304	0.7592430035234737	-5.388965091308193e-4	0.658	0.00169149384362988	SABR_S	low	high	447	positive	ko_hum
Total_Reads_QC_ATLAS	1	0.05082319355031117	0.9768928844884354	-5.169644310346073e-5	0.371	0.00217638923550111	SABR_S	low	high	447	positive	ko_hum
Ca	1	0.1430698822803933	2.67524413814622	0.0026478736977109	0.011	0.00421639075829645	Ca	low	mid	631	all	ko_hum
kjonn	1	0.05232463440993484	0.9784111739987472	-3.421484098177697e-5	0.397	0.00154205134889891	Ca	low	mid	631	all	ko_hum
age_invitation	2	0.13875984777464367	1.297325696548958	9.415079620866058e-4	0.169	0.00408937038637522	Ca	low	mid	631	all	ko_hum
senter	1	0.11393711598073251	2.13049453026993	0.00178838790416208	0.037	0.00335782342999766	Ca	low	mid	631	all	ko_hum
Total_Reads_QC_ATLAS	1	0.08195047205404649	1.5323806554284725	8.429981925486504e-4	0.12	0.00241514990785776	Ca	low	mid	631	all	ko_hum
Ca	1	0.06178190331136335	1.1504217669319232	2.3908712722384037e-4	0.262	0.00181624638803573	Ca	low	high	629	all	ko_hum
kjonn	1	0.10477340712584748	1.9509533001231747	0.00150956720541721	0.054	0.00308009808787353	Ca	low	high	629	all	ko_hum
age_invitation	2	0.19861077810346472	1.849135021998321	0.00269268226132628	0.032	0.00583870177222328	Ca	low	high	629	all	ko_hum
senter	1	0.1231306526989755	2.2927779082419875	0.00205107523607099	0.022	0.00361975904325796	Ca	low	high	629	all	ko_hum
Total_Reads_QC_ATLAS	1	0.097265255944734	1.811146332625948	0.00128791993814214	0.076	0.00285937564760168	Ca	low	high	629	all	ko_hum
Ca	1	0.0589876197633874	1.0259999260698291	9.59314828722018e-5	0.337	0.00376820204847559	Ca	low	mid	271	negative	ko_hum
kjonn	1	0.07174313461187687	1.2478627058196874	9.137867607403248e-4	0.207	0.00458304010049803	Ca	low	mid	271	negative	ko_hum
age_invitation	2	0.08224889144255343	0.7152971833571339	-0.00210555183158602	0.817	0.00525416083005006	Ca	low	mid	271	negative	ko_hum
senter	1	0.13041443578426382	2.2683607511171986	0.00465849483068147	0.036	0.00833103532646816	Ca	low	mid	271	negative	ko_hum
Total_Reads_QC_ATLAS	1	0.11224956259313323	1.952410410589379	0.0035021215996999	0.052	0.00717064077853282	Ca	low	mid	271	negative	ko_hum
Ca	1	0.0503048060670821	0.8997154916180138	-3.6348173901989007e-4	0.506	0.00322818925059439	Ca	low	high	276	negative	ko_hum
kjonn	1	0.05764118520889028	1.030928679428857	1.1204787657971594e-4	0.352	0.00369898363656794	Ca	low	high	276	negative	ko_hum
age_invitation	2	0.12623421736939022	1.1288670985836085	9.32948349541121e-4	0.285	0.0081007755606024	Ca	low	high	276	negative	ko_hum
senter	1	0.131244022852405	2.347335965973374	0.00485793729108929	0.025	0.00842226770960842	Ca	low	high	276	negative	ko_hum
Total_Reads_QC_ATLAS	1	0.13097249990673454	2.3424797023347925	0.00484051236498514	0.023	0.00840484338133779	Ca	low	high	276	negative	ko_hum
Ca	1	0.12508006817204276	2.490294734274649	0.00412264106667134	0.019	0.00691860709162998	Ca	low	mid	360	positive	ko_hum
kjonn	1	0.03065479295870332	0.6103248151443003	-0.00108360399567506	0.858	0.00169562162106287	Ca	low	mid	360	positive	ko_hum
age_invitation	2	0.1197107702667104	1.191697067278159	0.00106385072341366	0.241	0.00662161282941219	Ca	low	mid	360	positive	ko_hum
senter	1	0.03787073789341022	0.7539914275497206	-6.83824442014072e-4	0.667	0.00209476025703967	Ca	low	mid	360	positive	ko_hum
Total_Reads_QC_ATLAS	1	0.03452075125025544	0.6872945171685715	-8.693815088775743e-4	0.728	0.00190946101884037	Ca	low	mid	360	positive	ko_hum
Ca	1	0.05292839018102668	1.0199305076708105	5.645717408121561e-5	0.356	0.0028895149886273	Ca	low	high	353	positive	ko_hum
kjonn	1	0.06839803852822968	1.318030756673048	9.001260309074715e-4	0.178	0.00373404815155089	Ca	low	high	353	positive	ko_hum
age_invitation	2	0.14356398334009057	1.3832395611362425	0.00216662450375228	0.137	0.00783757602053305	Ca	low	high	353	positive	ko_hum
senter	1	0.04141329659550408	0.7980345609701855	-5.72467585544077e-4	0.623	0.00226087248888354	Ca	low	high	353	positive	ko_hum
Total_Reads_QC_ATLAS	1	0.05104145845390207	0.9835693179991798	-4.6548007978291925e-5	0.389	0.00278650188943054	Ca	low	high	353	positive	ko_hum
Alko	1	0.11968048453611146	2.178027228333438	0.0018663945472032	0.036	0.00343988619138829	Alko	low	mid	630	all	ko_hum
kjonn	1	0.0898741449915832	1.635591096356164	0.00100785795367367	0.105	0.00258318498222735	Alko	low	mid	630	all	ko_hum
age_invitation	2	0.1692832981794794	1.540366560872941	0.00171251167247628	0.069	0.00486558257260861	Alko	low	mid	630	all	ko_hum
senter	1	0.10935815805173375	1.9901744783227344	0.00156923913932791	0.044	0.0031431993215595	Alko	low	mid	630	all	ko_hum
Total_Reads_QC_ATLAS	1	0.06404346313069453	1.1655066992424583	2.626400484999081e-4	0.27	0.00184075311297297	Alko	low	mid	630	all	ko_hum
Alko	1	0.10002935237746158	1.814657598009554	0.00128329991795089	0.071	0.00284200929651419	Alko	low	high	634	all	ko_hum
kjonn	1	0.06234810413370439	1.1310726121746857	2.0669640368632067e-4	0.257	0.00177141896210004	Alko	low	high	634	all	ko_hum
age_invitation	2	0.14892010835462344	1.350798539124668	0.0011053967430979	0.129	0.00423108140083392	Alko	low	high	634	all	ko_hum
senter	1	0.18469917440000927	3.3506740992015804	0.00369399168552641	0.007	0.00524762740362993	Alko	low	high	634	all	ko_hum
Total_Reads_QC_ATLAS	1	0.08585257600496021	1.5574731381665603	8.785226898512593e-4	0.117	0.00243922222164425	Alko	low	high	634	all	ko_hum
Alko	1	0.0871814642373323	1.5224546949389277	0.00171003697734948	0.124	0.00496033219755821	Alko	low	mid	305	negative	ko_hum
kjonn	1	0.08353759248780435	1.4588215625826968	0.00150207337354208	0.134	0.0047530081462696	Alko	low	mid	305	negative	ko_hum
age_invitation	2	0.11454120288699345	1.0001196563098205	7.846309241605002e-7	0.45	0.00651700933905748	Alko	low	mid	305	negative	ko_hum
senter	1	0.125595377204597	2.19327896543729	0.00389714290747703	0.034	0.007145954691888	Alko	low	mid	305	negative	ko_hum
Total_Reads_QC_ATLAS	1	0.07318365955201145	1.2780102634484185	9.106789683557666e-4	0.202	0.00416390417374445	Alko	low	mid	305	negative	ko_hum
Alko	1	0.0874329052045173	1.52569159166015	0.00195769569959642	0.115	0.00563590102220617	Alko	low	high	268	negative	ko_hum
kjonn	1	0.03825082568104143	0.6674713939690509	-0.0012423198242924	0.778	0.00246563770301062	Alko	low	high	268	negative	ko_hum
age_invitation	2	0.09695845740242426	0.8459555521642134	-0.0011509084992542	0.621	0.00624991549700471	Alko	low	high	268	negative	ko_hum
senter	1	0.21140206530493977	3.6889355642579345	0.00993367371537658	0.002	0.01362691898618335	Alko	low	high	268	negative	ko_hum
Total_Reads_QC_ATLAS	1	0.07150584206556765	1.2477666359001265	9.23648457571044e-4	0.215	0.00460924691279988	Alko	low	high	268	negative	ko_hum
Alko	1	0.0946647729915604	1.8056345261373583	0.00247274583605375	0.06	0.00555711809489708	Alko	low	mid	325	positive	ko_hum
kjonn	1	0.04168406325825558	0.7950812264189356	-6.309171087422127e-4	0.603	0.00244698481685408	Alko	low	mid	325	positive	ko_hum
age_invitation	2	0.14585061348437023	1.3909762578164762	0.00240023276180539	0.118	0.00856188693779567	Alko	low	mid	325	positive	ko_hum
senter	1	0.04196689870029857	0.800476025595327	-6.142970504419759e-4	0.566	0.00246358814144025	Alko	low	mid	325	positive	ko_hum
Total_Reads_QC_ATLAS	1	0.04559514067810966	0.8696810611886692	-4.011422007299764e-4	0.489	0.00267657728735366	Alko	low	mid	325	positive	ko_hum
Alko	1	0.06303940436107425	1.1833189197782596	5.006206189813367e-4	0.254	0.00323436300890911	Alko	low	high	366	positive	ko_hum
kjonn	1	0.05505067146591003	1.0333616212327807	9.1143662656911e-5	0.345	0.00282448505358805	Alko	low	high	366	positive	ko_hum
age_invitation	2	0.13676768926651306	1.28363993888997	0.00154754640940424	0.181	0.00701714046097068	Alko	low	high	366	positive	ko_hum
senter	1	0.05530673730767788	1.0381682585788017	1.0427398530701436e-4	0.328	0.00283762302490699	Alko	low	high	366	positive	ko_hum
Total_Reads_QC_ATLAS	1	0.0507683344920018	0.952977448611686	-1.284934248005048e-4	0.43	0.0026047711708115	Alko	low	high	366	positive	ko_hum
Fiber_resid	1	0.04453483262217617	0.854886216048288	-2.303924080410105e-4	0.526	0.00135491804721717	Fiber_resid	low	mid	630	all	ko_hum
kjonn	1	0.06094691472242886	1.1699309111342728	2.696588694553822e-4	0.271	0.0018542356581914	Fiber_resid	low	mid	630	all	ko_hum
age_invitation	2	0.1240217432670363	1.190354522141775	6.039351122605589e-4	0.242	0.00377321050301123	Fiber_resid	low	mid	630	all	ko_hum
senter	1	0.126287722579022	2.424206557704147	0.00225554633939108	0.017	0.00384215016402842	Fiber_resid	low	mid	630	all	ko_hum
Total_Reads_QC_ATLAS	1	0.05842000280014048	1.121424561287642	1.9270025832272264e-4	0.285	0.00177735744027413	Fiber_resid	low	mid	630	all	ko_hum
Fiber_resid	1	0.0891342538735529	1.6334169483285033	0.00100441386597247	0.095	0.00257159357063315	Fiber_resid	low	high	630	all	ko_hum
kjonn	1	0.06581412685331145	1.2060673149757295	3.269840226288043e-4	0.234	0.00189878950142901	Fiber_resid	low	high	630	all	ko_hum
age_invitation	2	0.26679950024561094	2.4445979327149594	0.00456508956750186	0.003	0.00769737614512443	Fiber_resid	low	high	630	all	ko_hum
senter	1	0.1505936291497747	2.7596818896637996	0.00278536592332134	0.015	0.00434474505221364	Fiber_resid	low	high	630	all	ko_hum
Total_Reads_QC_ATLAS	1	0.06730293776919893	1.2333503052649284	3.702601665746518e-4	0.199	0.00194174287134913	Fiber_resid	low	high	630	all	ko_hum
Fiber_resid	1	0.04925212846937832	0.9182610964600232	-3.050889596157386e-4	0.475	0.00341327264325192	Fiber_resid	low	mid	268	negative	ko_hum
kjonn	1	0.05562230941670343	1.037027320847185	1.3814255894900048e-4	0.342	0.0038547391348694	Fiber_resid	low	mid	268	negative	ko_hum
age_invitation	2	0.09359174871678456	0.8724664747201568	-9.526494031087868e-4	0.572	0.00648609847852006	Fiber_resid	low	mid	268	negative	ko_hum
senter	1	0.15964054118980364	2.9763525546629217	0.00732046542581081	0.004	0.01106341408850726	Fiber_resid	low	mid	268	negative	ko_hum
Total_Reads_QC_ATLAS	1	0.07392414229341604	1.3782483329511996	0.00140938520651622	0.164	0.00512309336484529	Fiber_resid	low	mid	268	negative	ko_hum
Fiber_resid	1	0.04661194955019354	0.7962995535158883	-7.494599699066311e-4	0.566	0.00290465975392958	Fiber_resid	low	high	272	negative	ko_hum
kjonn	1	0.07950499425384017	1.3582309265661967	0.0013152931906904	0.17	0.00495441532212362	Fiber_resid	low	high	272	negative	ko_hum
age_invitation	2	0.134615818135444	1.1498608930956522	0.00110070544407917	0.264	0.00838868901544806	Fiber_resid	low	high	272	negative	ko_hum
senter	1	0.21673983392126497	3.7026950094580298	0.00983861847210845	0.005	0.01350631069371064	Fiber_resid	low	high	272	negative	ko_hum
Total_Reads_QC_ATLAS	1	0.05806373481557969	0.991937186822066	-2.964357422255469e-5	0.355	0.00361828662626607	Fiber_resid	low	high	272	negative	ko_hum
Fiber_resid	1	0.05717115740254286	1.1260261350874137	3.4801733648495334e-4	0.278	0.0031198638625024	Fiber_resid	low	mid	362	positive	ko_hum
kjonn	1	0.04564407017334915	0.8989920488240637	-2.7910536750627165e-4	0.487	0.00249082389689424	Fiber_resid	low	mid	362	positive	ko_hum
age_invitation	2	0.11640019091414544	1.146291793391807	8.075892249489798e-4	0.267	0.006352027241017	Fiber_resid	low	mid	362	positive	ko_hum
senter	1	0.04364539541626655	0.8596267444596921	-3.8792184915239944e-4	0.538	0.00238175503366286	Fiber_resid	low	mid	362	positive	ko_hum
Total_Reads_QC_ATLAS	1	0.03298767571918759	0.6497154628872633	-9.685740708088104e-4	0.774	0.00180015696830485	Fiber_resid	low	mid	362	positive	ko_hum
Fiber_resid	1	0.0771475065965177	1.5028106666560934	0.00140252921789117	0.112	0.00418362876484789	Fiber_resid	low	high	358	positive	ko_hum
kjonn	1	0.04592462370920458	0.8945981201092406	-2.9450536678786806e-4	0.477	0.00249044441279864	Fiber_resid	low	high	358	positive	ko_hum
age_invitation	2	0.20474254032523476	1.9941621388248256	0.00552330212831043	0.021	0.01110297427462608	Fiber_resid	low	high	358	positive	ko_hum
senter	1	0.02680424010650384	0.5221386888670135	-0.00133659222582813	0.898	0.00145356596572779	Fiber_resid	low	high	358	positive	ko_hum
Total_Reads_QC_ATLAS	1	0.04519004216153988	0.8802886882939926	-3.345009923423675e-4	0.473	0.00245060882214229	Fiber_resid	low	high	358	positive	ko_hum
antibiotics_reg_quest_comb	1	0.3087209621862783	5.8116648338584795	0.00463189334192548	0.001	0.00555430433216516	antibiotics_reg_quest_comb	No	Yes	1034	all	ko_hum
kjonn	1	0.1008655677683663	1.898791934941172	8.684829298725033e-4	0.052	0.00181470689924869	antibiotics_reg_quest_comb	No	Yes	1034	all	ko_hum
age_invitation	2	0.2515409884690314	2.367626588435864	0.00263833333388643	0.006	0.00452555988448764	antibiotics_reg_quest_comb	No	Yes	1034	all	ko_hum
senter	1	0.24812877932841104	4.671018420255661	0.00353774785562036	0.003	0.00446416966375956	antibiotics_reg_quest_comb	No	Yes	1034	all	ko_hum
Total_Reads_QC_ATLAS	1	0.09859572626589852	1.8560622221775631	8.272283010444131e-4	0.069	0.00177386940508826	antibiotics_reg_quest_comb	No	Yes	1034	all	ko_hum
antibiotics_reg_quest_comb	1	0.11492157502592804	2.046570682000624	0.00232031623789571	0.043	0.00448697793021934	antibiotics_reg_quest_comb	No	Yes	450	negative	ko_hum
kjonn	1	0.08240073799425929	1.4674262384258	0.0010376471442763	0.126	0.00321724004157279	antibiotics_reg_quest_comb	No	Yes	450	negative	ko_hum
age_invitation	2	0.11440511018246012	1.0186866318080343	8.304479991304448e-5	0.389	0.0044668131669549	antibiotics_reg_quest_comb	No	Yes	450	negative	ko_hum
senter	1	0.2988523371083396	5.3220853546020725	0.00951326271367294	0.001	0.01166833852300626	antibiotics_reg_quest_comb	No	Yes	450	negative	ko_hum
Total_Reads_QC_ATLAS	1	0.08903488223205969	1.5855698080225658	0.00129957514678522	0.098	0.00347626241203879	antibiotics_reg_quest_comb	No	Yes	450	negative	ko_hum
antibiotics_reg_quest_comb	1	0.21192561817438715	4.185608664305449	0.00542521583856913	0.002	0.00710822190235379	antibiotics_reg_quest_comb	No	Yes	584	positive	ko_hum
kjonn	1	0.05179657180278951	1.0230012850106531	3.9384210827388785e-5	0.373	0.00173731486229505	antibiotics_reg_quest_comb	No	Yes	584	positive	ko_hum
age_invitation	2	0.2419682608719889	2.3894809365598455	0.00473596030820305	0.011	0.00811588568867319	antibiotics_reg_quest_comb	No	Yes	584	positive	ko_hum
senter	1	0.04886577435440742	0.9651169607890384	-5.973479955876196e-5	0.415	0.0016390126428965	antibiotics_reg_quest_comb	No	Yes	584	positive	ko_hum
Total_Reads_QC_ATLAS	1	0.051288609703807	1.0129688473046536	2.220643717938459e-5	0.351	0.00172027724622646	antibiotics_reg_quest_comb	No	Yes	584	positive	ko_hum
PPI_antacids_reg_quest_comb	1	0.34676641267613917	6.532425095922651	0.00532203225446493	0.001	0.00623879303347824	PPI_antacids_reg_quest_comb	No	Yes	1034	all	ko_hum
kjonn	1	0.09521731291869884	1.7937145632882912	7.670268500067772e-4	0.068	0.0017130872160289	PPI_antacids_reg_quest_comb	No	Yes	1034	all	ko_hum
age_invitation	2	0.2388311356829078	2.249564039928841	0.00241112415066608	0.009	0.00429689257958156	PPI_antacids_reg_quest_comb	No	Yes	1034	all	ko_hum
senter	1	0.2178048996448396	4.10303345550273	0.00299202042169696	0.001	0.00391860238157129	PPI_antacids_reg_quest_comb	No	Yes	1034	all	ko_hum
Total_Reads_QC_ATLAS	1	0.09835857701455096	1.8528900533661896	8.241655036806312e-4	0.055	0.00176960277186452	PPI_antacids_reg_quest_comb	No	Yes	1034	all	ko_hum
PPI_antacids_reg_quest_comb	1	0.17660657064543628	3.152900739874102	0.0047614440521143	0.008	0.0068953961398372	PPI_antacids_reg_quest_comb	No	Yes	450	negative	ko_hum
kjonn	1	0.07475732617860942	1.334618684673712	7.430445512962296e-4	0.172	0.00291881200383783	PPI_antacids_reg_quest_comb	No	Yes	450	negative	ko_hum
age_invitation	2	0.113718835657469	1.0150930392105446	6.707567482113074e-5	0.382	0.00444001838410396	PPI_antacids_reg_quest_comb	No	Yes	450	negative	ko_hum
senter	1	0.2937875278539863	5.244894969373853	0.00934494810263096	0.001	0.01147058899390412	PPI_antacids_reg_quest_comb	No	Yes	450	negative	ko_hum
Total_Reads_QC_ATLAS	1	0.08888714170836565	1.586873771646062	0.00130246530870645	0.096	0.00347049405680119	PPI_antacids_reg_quest_comb	No	Yes	450	negative	ko_hum
PPI_antacids_reg_quest_comb	1	0.20222519436108044	3.992696003479572	0.0050983530525256	0.003	0.00678285885466825	PPI_antacids_reg_quest_comb	No	Yes	584	positive	ko_hum
kjonn	1	0.05247238271264365	1.0360048035149458	6.164826007098462e-5	0.35	0.0017599823149261	PPI_antacids_reg_quest_comb	No	Yes	584	positive	ko_hum
age_invitation	2	0.23614267431340963	2.33117815750159	0.00453814069770253	0.006	0.00792048900975126	PPI_antacids_reg_quest_comb	No	Yes	584	positive	ko_hum
senter	1	0.04078894818300327	0.8053292811064079	-3.334514248667587e-4	0.565	0.00136810687327955	PPI_antacids_reg_quest_comb	No	Yes	584	positive	ko_hum
Total_Reads_QC_ATLAS	1	0.05223284350516977	1.0312753866913926	5.355087648462821e-5	0.32	0.00175194790240106	PPI_antacids_reg_quest_comb	No	Yes	584	positive	ko_hum
Blindtarm	1	0.08786424404856774	1.6382539147868351	6.334157246483523e-4	0.09	0.00161386239752641	Blindtarm	No	Yes	1007	all	ko_hum
kjonn	1	0.11350328918156548	2.116301231022917	0.00110731393754846	0.035	0.00208479219720415	Blindtarm	No	Yes	1007	all	ko_hum
age_invitation	2	0.2336271147900888	2.178022126916912	0.00233420532551081	0.013	0.00429118829490981	Blindtarm	No	Yes	1007	all	ko_hum
senter	1	0.2591720188911353	4.832336283652703	0.00379126799380238	0.002	0.00476038894215272	Blindtarm	No	Yes	1007	all	ko_hum
Total_Reads_QC_ATLAS	1	0.1004347038902864	1.87263372729604	8.658174635309641e-4	0.047	0.00184475259271152	Blindtarm	No	Yes	1007	all	ko_hum
Blindtarm	1	0.08111959311619188	1.5075697116249769	5.797433730837535e-4	0.144	0.00170968265282998	Blindtarm	No	Unknown	875	all	ko_hum
kjonn	1	0.10434279693822646	1.9391620969423589	0.00107217731274174	0.064	0.00219913664529265	Blindtarm	No	Unknown	875	all	ko_hum
age_invitation	2	0.2367597077191803	2.200034236977534	0.00273543228476088	0.008	0.00498996542791809	Blindtarm	No	Unknown	875	all	ko_hum
senter	1	0.21745259640581335	4.041254836991768	0.00346368102892429	0.002	0.00458304729605024	Blindtarm	No	Unknown	875	all	ko_hum
Total_Reads_QC_ATLAS	1	0.0919269720675544	1.708419796582754	8.089676661408736e-4	0.097	0.00193745978540557	Blindtarm	No	Unknown	875	all	ko_hum
Blindtarm	1	0.04268857353922328	0.7553841150852095	-5.587958339091069e-4	0.667	0.00170687219667448	Blindtarm	No	Yes	438	negative	ko_hum
kjonn	1	0.08782890450826741	1.5541526411024715	0.00126358999855593	0.113	0.00351177616726397	Blindtarm	No	Yes	438	negative	ko_hum
age_invitation	2	0.11043877086381926	0.977119710071978	-1.044871261358984e-4	0.456	0.00441581556359934	Blindtarm	No	Yes	438	negative	ko_hum
senter	1	0.3124260180637535	5.528450159334562	0.01023312774060983	0.001	0.01249213172374474	Blindtarm	No	Yes	438	negative	ko_hum
Total_Reads_QC_ATLAS	1	0.09006986231570835	1.593806904292168	0.00135388802793046	0.079	0.00360137926847622	Blindtarm	No	Yes	438	negative	ko_hum
Blindtarm	1	0.04911380178877067	0.8680188003018966	-3.4471722164640454e-4	0.477	0.0022483632361952	Blindtarm	No	Unknown	383	negative	ko_hum
kjonn	1	0.06556977506332728	1.1588554624893186	4.145942609040661e-4	0.279	0.00300169537459186	Blindtarm	No	Unknown	383	negative	ko_hum
age_invitation	2	0.1037067134768499	0.9164366607433932	-4.3655257988482006e-4	0.515	0.00474755269263825	Blindtarm	No	Unknown	383	negative	ko_hum
senter	1	0.26996730114029077	4.771300211382018	0.00975072403076673	0.001	0.01235873690799173	Blindtarm	No	Unknown	383	negative	ko_hum
Total_Reads_QC_ATLAS	1	0.06896566813554017	1.21887319524748	5.711440916845598e-4	0.23	0.00315715475381994	Blindtarm	No	Unknown	383	negative	ko_hum
Blindtarm	1	0.08639483134421866	1.6857994663322855	0.00120382053927748	0.072	0.00295165980881792	Blindtarm	No	Yes	569	positive	ko_hum
kjonn	1	0.05767308439905605	1.1253596238216588	2.2026715503332796e-4	0.278	0.00197038784175656	Blindtarm	No	Yes	569	positive	ko_hum
age_invitation	2	0.22031519358529297	2.1494760160547197	0.00402407885386813	0.014	0.0075270185965953	Blindtarm	No	Yes	569	positive	ko_hum
senter	1	0.04678460433249398	0.9128955955947156	-1.5310674987265797e-4	0.448	0.00159838539101346	Blindtarm	No	Yes	569	positive	ko_hum
Total_Reads_QC_ATLAS	1	0.05257905795400219	1.0259612347173437	4.562398991605025e-5	0.37	0.00179635158415899	Blindtarm	No	Yes	569	positive	ko_hum
Blindtarm	1	0.06032752427402244	1.1716491803704512	3.4875877279055806e-4	0.288	0.00237324492875163	Blindtarm	No	Unknown	492	positive	ko_hum
kjonn	1	0.06050559081522166	1.1751074942919677	3.557829147098798e-4	0.233	0.00238024994878133	Blindtarm	No	Unknown	492	positive	ko_hum
age_invitation	2	0.2263103626805716	2.1976399175575807	0.00484486792817683	0.009	0.00890290007784864	Blindtarm	No	Unknown	492	positive	ko_hum
senter	1	0.03842191520572413	0.7462100591857765	-5.160994342664638e-4	0.696	0.00151149274750157	Blindtarm	No	Unknown	492	positive	ko_hum
Total_Reads_QC_ATLAS	1	0.06010590606573274	1.1673450290693244	3.4001652234656125e-4	0.25	0.00236452661492603	Blindtarm	No	Unknown	492	positive	ko_hum
Bowel_disorder_merged	1	0.12822281789959078	2.4176850014051197	0.00155206651314501	0.02	0.00262831841560084	Bowel_disorder_merged	No bowel disease	IBS	912	all	ko_hum
kjonn	1	0.0926346968389069	1.7466588305095287	8.180351286809562e-4	0.091	0.00189883114108411	Bowel_disorder_merged	No bowel disease	IBS	912	all	ko_hum
age_invitation	2	0.20593423024779156	1.9414801043285417	0.00206039535765845	0.019	0.00422125124552096	Bowel_disorder_merged	No bowel disease	IBS	912	all	ko_hum
senter	1	0.2191474022995763	4.132099078117908	0.00342256498408602	0.003	0.00449209557729507	Bowel_disorder_merged	No bowel disease	IBS	912	all	ko_hum
Total_Reads_QC_ATLAS	1	0.1045583727351982	1.971483809778458	0.00106408998200525	0.059	0.00214324330931784	Bowel_disorder_merged	No bowel disease	IBS	912	all	ko_hum
Bowel_disorder_merged	1	0.06085297262958988	1.1368600123538175	1.5746658397605223e-4	0.279	0.0013006865638735	Bowel_disorder_merged	No bowel disease	Celiac disease	869	all	ko_hum
kjonn	1	0.07494683961320447	1.4001627418792122	4.6027451917790666e-4	0.153	0.00160193238024786	Bowel_disorder_merged	No bowel disease	Celiac disease	869	all	ko_hum
age_invitation	2	0.17170006323998166	1.6038570309812683	0.00138784573205534	0.076	0.00366995983305309	Bowel_disorder_merged	No bowel disease	Celiac disease	869	all	ko_hum
senter	1	0.214096038028309	3.999758991550306	0.00344009153743283	0.002	0.00457614193700973	Bowel_disorder_merged	No bowel disease	Celiac disease	869	all	ko_hum
Total_Reads_QC_ATLAS	1	0.1094612910743109	2.04496443387378	0.0012010464706887	0.06	0.00233965284541206	Bowel_disorder_merged	No bowel disease	Celiac disease	869	all	ko_hum
Bowel_disorder_merged	1	0.07212730088116359	1.349505978788758	3.979121937335024e-4	0.195	0.00152756283492448	Bowel_disorder_merged	No bowel disease	IBD	878	all	ko_hum
kjonn	1	0.07484778090611144	1.4004063176894377	4.5583576101469064e-4	0.144	0.00158517907909965	Bowel_disorder_merged	No bowel disease	IBD	878	all	ko_hum
age_invitation	2	0.19597916797138737	1.83339079422354	0.00189478746194929	0.038	0.00415058500394678	Bowel_disorder_merged	No bowel disease	IBD	878	all	ko_hum
senter	1	0.1889486118559276	3.535239476152391	0.00287920274225555	0.001	0.00400168692929787	Bowel_disorder_merged	No bowel disease	IBD	878	all	ko_hum
Total_Reads_QC_ATLAS	1	0.1063368236755764	1.989568132488826	0.00112580190751441	0.059	0.00225207622975324	Bowel_disorder_merged	No bowel disease	IBD	878	all	ko_hum
Bowel_disorder_merged	1	0.04570992428531895	0.8552543519132655	-1.5787186406980802e-4	0.516	9.273064737033955e-4	Bowel_disorder_merged	No bowel disease	Other	917	all	ko_hum
kjonn	1	0.09316720583958472	1.7432025866535044	8.098154086663813e-4	0.067	0.00189006117298802	Bowel_disorder_merged	No bowel disease	Other	917	all	ko_hum
age_invitation	2	0.1645132500008657	1.5390604470529112	0.00117432369813568	0.077	0.00333744157578456	Bowel_disorder_merged	No bowel disease	Other	917	all	ko_hum
senter	1	0.21515358394011488	4.02562554787735	0.00328863182052737	0.002	0.0043647701095019	Bowel_disorder_merged	No bowel disease	Other	917	all	ko_hum
Total_Reads_QC_ATLAS	1	0.10453547402812546	1.9559082735253015	0.00104134443158948	0.051	0.00212068655359964	Bowel_disorder_merged	No bowel disease	Other	917	all	ko_hum
Bowel_disorder_merged	1	0.09279839110189414	1.7386883208497372	8.473735658934729e-4	0.088	0.00198272713069057	Bowel_disorder_merged	No bowel disease	Missing	871	all	ko_hum
kjonn	1	0.08693454871982453	1.6288222537342694	7.214335250047721e-4	0.097	0.00185744048247426	Bowel_disorder_merged	No bowel disease	Missing	871	all	ko_hum
age_invitation	2	0.15588064333095986	1.4603047034969086	0.00105584086103887	0.096	0.00333054029290693	Bowel_disorder_merged	No bowel disease	Missing	871	all	ko_hum
senter	1	0.20653647262385277	3.869706667503469	0.00328390679480935	0.002	0.00441285094370656	Bowel_disorder_merged	No bowel disease	Missing	871	all	ko_hum
Total_Reads_QC_ATLAS	1	0.11004401240723638	2.0618055645147937	0.00121758063217486	0.037	0.00235119646342041	Bowel_disorder_merged	No bowel disease	Missing	871	all	ko_hum
Bowel_disorder_merged	1	0.07890442625970806	1.4074990573013657	0.00104915342337725	0.181	0.00358134311235022	Bowel_disorder_merged	No bowel disease	IBS	388	negative	ko_hum
kjonn	1	0.08412242439236195	1.5005778337509568	0.00128848671613859	0.116	0.00381817953026077	Bowel_disorder_merged	No bowel disease	IBS	388	negative	ko_hum
age_invitation	2	0.1024579781474273	0.9138239417700912	-4.4440389281264674e-4	0.536	0.004650400386106	Bowel_disorder_merged	No bowel disease	IBS	388	negative	ko_hum
senter	1	0.289422034973267	5.162717235232367	0.01061477048246641	0.001	0.01313639374427828	Bowel_disorder_merged	No bowel disease	IBS	388	negative	ko_hum
Total_Reads_QC_ATLAS	1	0.10003136944146718	1.7843619789594118	0.00201747306647549	0.071	0.00454026057789226	Bowel_disorder_merged	No bowel disease	IBS	388	negative	ko_hum
Bowel_disorder_merged	1	0.07630560719742974	1.338908632369091	9.302015907147098e-4	0.213	0.00363455018750256	Bowel_disorder_merged	No bowel disease	Celiac disease	364	negative	ko_hum
kjonn	1	0.06734891977180979	1.181748673199037	4.990603561578546e-4	0.248	0.00320792977050016	Bowel_disorder_merged	No bowel disease	Celiac disease	364	negative	ko_hum
age_invitation	2	0.0930393590676708	0.8162650529959214	-0.00101055286198142	0.68	0.00443160381477066	Bowel_disorder_merged	No bowel disease	Celiac disease	364	negative	ko_hum
senter	1	0.3027271110729224	5.311850035069838	0.01170706300831556	0.001	0.01441934503535753	Bowel_disorder_merged	No bowel disease	Celiac disease	364	negative	ko_hum
Total_Reads_QC_ATLAS	1	0.10215447841340364	1.7924700163774494	0.00217238589475783	0.088	0.00486577058106641	Bowel_disorder_merged	No bowel disease	Celiac disease	364	negative	ko_hum
Bowel_disorder_merged	1	0.05047082569518224	0.891963399538868	-2.8741396725819046e-4	0.462	0.00235273382446677	Bowel_disorder_merged	No bowel disease	IBD	376	negative	ko_hum
kjonn	1	0.07341775826992958	1.2975011276508652	7.906008590525942e-4	0.194	0.00342242158353825	Bowel_disorder_merged	No bowel disease	IBD	376	negative	ko_hum
age_invitation	2	0.1007951337588473	0.8906687073785917	-5.818878253697695e-4	0.553	0.00469863762420534	Bowel_disorder_merged	No bowel disease	IBD	376	negative	ko_hum
senter	1	0.243106469166662	4.29638448947519	0.00869078805987579	0.001	0.01133258283526938	Bowel_disorder_merged	No bowel disease	IBD	376	negative	ko_hum
Total_Reads_QC_ATLAS	1	0.09171368427537983	1.6208423080803898	0.0016484544622534	0.103	0.00427529932766188	Bowel_disorder_merged	No bowel disease	IBD	376	negative	ko_hum
Bowel_disorder_merged	1	0.06075835520357131	1.0732323773907042	1.9017779277613608e-4	0.32	0.00275678421861105	Bowel_disorder_merged	No bowel disease	Other	385	negative	ko_hum
kjonn	1	0.07124519589176614	1.2584713774492076	6.709038130299163e-4	0.224	0.00323260284167023	Bowel_disorder_merged	No bowel disease	Other	385	negative	ko_hum
age_invitation	2	0.09716759921003516	0.8581816702915246	-7.372617503296889e-4	0.586	0.00440877807118128	Bowel_disorder_merged	No bowel disease	Other	385	negative	ko_hum
senter	1	0.2922387679365208	5.162090162371728	0.0106950041321732	0.001	0.0132597273381486	Bowel_disorder_merged	No bowel disease	Other	385	negative	ko_hum
Total_Reads_QC_ATLAS	1	0.0957138028185014	1.690683557904599	0.0017907706546946	0.086	0.00434281507834144	Bowel_disorder_merged	No bowel disease	Other	385	negative	ko_hum
Bowel_disorder_merged	1	0.07041351345729296	1.2511591211310031	6.820321264715636e-4	0.2	0.00336166930871033	Bowel_disorder_merged	No bowel disease	Missing	368	negative	ko_hum
kjonn	1	0.070778305302468425	1.2576410110693927	6.996216300143201e-4	0.184	0.00337908513544276	Bowel_disorder_merged	No bowel disease	Missing	368	negative	ko_hum
age_invitation	2	0.0887826018536515	0.7887773003566357	-0.00114926875702629	0.698	0.00423864302666688	Bowel_disorder_merged	No bowel disease	Missing	368	negative	ko_hum
senter	1	0.28005371519534705	4.976200490063622	0.01068939487210509	0.002	0.01337027415530837	Bowel_disorder_merged	No bowel disease	Missing	368	negative	ko_hum
Total_Reads_QC_ATLAS	1	0.09790327955578704	1.739617513606324	0.00200579888484326	0.085	0.00467408078286553	Bowel_disorder_merged	No bowel disease	Missing	368	negative	ko_hum
Bowel_disorder_merged	1	0.10265594603153616	2.0289391097163696	0.00195977599151225	0.044	0.00385764520856962	Bowel_disorder_merged	No bowel disease	IBS	524	positive	ko_hum
kjonn	1	0.04934525589947114	0.9752822261522264	-4.717354937576066e-5	0.41	0.00185431528659585	Bowel_disorder_merged	No bowel disease	IBS	524	positive	ko_hum
age_invitation	2	0.2116647626185113	2.091719630607658	0.00414957807163403	0.011	0.0079540210665195	Bowel_disorder_merged	No bowel disease	IBS	524	positive	ko_hum
senter	1	0.03775447753012173	0.7461967766021043	-4.8459201223785217e-4	0.639	0.00141875249292799	Bowel_disorder_merged	No bowel disease	IBS	524	positive	ko_hum
Total_Reads_QC_ATLAS	1	0.05346317875559592	1.056670738523637	1.081385691432451e-4	0.329	0.00200906019898806	Bowel_disorder_merged	No bowel disease	IBS	524	positive	ko_hum
Bowel_disorder_merged	1	0.03213279779662059	0.6329810511734314	-7.272987747690439e-4	0.764	0.00125207186523381	Bowel_disorder_merged	No bowel disease	Celiac disease	505	positive	ko_hum
kjonn	1	0.05357547846969268	1.0553784607710746	1.0964829429170393e-4	0.323	0.00208759752832343	Bowel_disorder_merged	No bowel disease	Celiac disease	505	positive	ko_hum
age_invitation	2	0.19435671852325953	1.9143076300441224	0.00360795583562277	0.024	0.00757321477645289	Bowel_disorder_merged	No bowel disease	Celiac disease	505	positive	ko_hum
senter	1	0.03550864118103902	0.6994814819043895	-5.954405128636639e-4	0.702	0.00138361343064055	Bowel_disorder_merged	No bowel disease	Celiac disease	505	positive	ko_hum
Total_Reads_QC_ATLAS	1	0.06128371269840471	1.2072222633451009	4.1017280476858233e-4	0.224	0.00238795304885696	Bowel_disorder_merged	No bowel disease	Celiac disease	505	positive	ko_hum
Bowel_disorder_merged	1	0.059563909858241	1.1690481772107526	3.3663599503866106e-4	0.287	0.00232454007245673	Bowel_disorder_merged	No bowel disease	IBD	502	positive	ko_hum
kjonn	1	0.05153858343828688	1.0115368042149684	2.2981153557568183e-5	0.379	0.00201134382825235	Bowel_disorder_merged	No bowel disease	IBD	502	positive	ko_hum
age_invitation	2	0.18835520721982135	1.848403774974993	0.00336870816831952	0.028	0.0073507469217585	Bowel_disorder_merged	No bowel disease	IBD	502	positive	ko_hum
senter	1	0.03635737383799053	0.7135784355766589	-5.708866108755707e-4	0.735	0.0014188822160405201	Bowel_disorder_merged	No bowel disease	IBD	502	positive	ko_hum
Total_Reads_QC_ATLAS	1	0.06031437208440948	1.183777339545055	3.659563447442795e-4	0.249	0.0023538275977677	Bowel_disorder_merged	No bowel disease	IBD	502	positive	ko_hum
Bowel_disorder_merged	1	0.03474539206643357	0.6821052900950453	-5.979037224348669e-4	0.751	0.00128124167888483	Bowel_disorder_merged	No bowel disease	Other	532	positive	ko_hum
kjonn	1	0.06102242184069695	1.1979636514783265	3.71973710910264e-4	0.239	0.00225021119517959	Bowel_disorder_merged	No bowel disease	Other	532	positive	ko_hum
age_invitation	2	0.16892702847499308	1.658148216352196	0.0024681346538798	0.037	0.00622921016860299	Bowel_disorder_merged	No bowel disease	Other	532	positive	ko_hum
senter	1	0.03839069287168328	0.7536681309602279	-4.6324432496271106e-4	0.638	0.0014156627069978	Bowel_disorder_merged	No bowel disease	Other	532	positive	ko_hum
Total_Reads_QC_ATLAS	1	0.05871386574834858	1.1526431577546932	2.868409275371066e-4	0.276	0.00216508283404598	Bowel_disorder_merged	No bowel disease	Other	532	positive	ko_hum
Bowel_disorder_merged	1	0.08431090197565183	1.6528575417533458	0.00129624508622831	0.084	0.00327755346241604	Bowel_disorder_merged	No bowel disease	Missing	503	positive	ko_hum
kjonn	1	0.05748457560403963	1.1269457697068213	2.523135975407035e-4	0.292	0.00223469047764365	Bowel_disorder_merged	No bowel disease	Missing	503	positive	ko_hum
age_invitation	2	0.17788734937932915	1.7436798807409708	0.00294825971890585	0.035	0.00691530139301092	Bowel_disorder_merged	No bowel disease	Missing	503	positive	ko_hum
senter	1	0.03624756634625115	0.7106087350709165	-5.756617423635734e-4	0.727	0.00140911001778417	Bowel_disorder_merged	No bowel disease	Missing	503	positive	ko_hum
Total_Reads_QC_ATLAS	1	0.05958108115788008	1.1680463265125551	3.3397654668139974e-4	0.27	0.00231619131414222	Bowel_disorder_merged	No bowel disease	Missing	503	positive	ko_hum
bowel_disorder_merged_2	1	0.09279839110188703	1.738688320849604	8.473735658933203e-4	0.083	0.00198272713069042	bowel_disorder_merged_2	No	Missing	871	all	ko_hum
kjonn	1	0.08693454871982453	1.6288222537342694	7.214335250047721e-4	0.1	0.00185744048247426	bowel_disorder_merged_2	No	Missing	871	all	ko_hum
age_invitation	2	0.15588064333095986	1.4603047034969086	0.00105584086103887	0.097	0.00333054029290693	bowel_disorder_merged_2	No	Missing	871	all	ko_hum
senter	1	0.20653647262384567	3.869706667503335	0.00328390679480919	0.002	0.00441285094370641	bowel_disorder_merged_2	No	Missing	871	all	ko_hum
Total_Reads_QC_ATLAS	1	0.11004401240723638	2.0618055645147937	0.00121758063217486	0.061	0.00235119646342041	bowel_disorder_merged_2	No	Missing	871	all	ko_hum
bowel_disorder_merged_2	1	0.1352573136289763	2.529130624374829	0.00152375310064336	0.011	0.00250231118767429	bowel_disorder_merged_2	No	Yes	1002	all	ko_hum
kjonn	1	0.08878759678988501	1.6602091530659806	6.584575183487642e-4	0.093	0.00164260394364691	bowel_disorder_merged_2	No	Yes	1002	all	ko_hum
age_invitation	2	0.23198657578409865	2.1689191420319673	0.00232774092038411	0.006	0.00429183892833459	bowel_disorder_merged_2	No	Yes	1002	all	ko_hum
senter	1	0.22785611514353832	4.260604201717219	0.00324354121517224	0.001	0.00421542385255189	bowel_disorder_merged_2	No	Yes	1002	all	ko_hum
Total_Reads_QC_ATLAS	1	0.09792308597266695	1.8310305662739763	8.286845350255205e-4	0.058	0.00181161393041672	bowel_disorder_merged_2	No	Yes	1002	all	ko_hum
bowel_disorder_merged_2	1	0.07041351345729296	1.2511591211310031	6.820321264715636e-4	0.223	0.00336166930871033	bowel_disorder_merged_2	No	Missing	368	negative	ko_hum
kjonn	1	0.07077830530246487	1.2576410110693297	6.996216300141488e-4	0.196	0.00337908513544259	bowel_disorder_merged_2	No	Missing	368	negative	ko_hum
age_invitation	2	0.0887826018536515	0.7887773003566357	-0.00114926875702629	0.71	0.00423864302666688	bowel_disorder_merged_2	No	Missing	368	negative	ko_hum
senter	1	0.28005371519534705	4.976200490063622	0.01068939487210509	0.001	0.01337027415530837	bowel_disorder_merged_2	No	Missing	368	negative	ko_hum
Total_Reads_QC_ATLAS	1	0.09790327955578704	1.739617513606324	0.00200579888484326	0.072	0.00467408078286553	bowel_disorder_merged_2	No	Missing	368	negative	ko_hum
bowel_disorder_merged_2	1	0.08093010317426064	1.4324166028660423	9.907985438660071e-4	0.152	0.00324579514817686	bowel_disorder_merged_2	No	Yes	436	negative	ko_hum
kjonn	1	0.07453169348481126	1.3191684058215931	7.315021409390246e-4	0.189	0.00298917954642302	bowel_disorder_merged_2	No	Yes	436	negative	ko_hum
age_invitation	2	0.11249949290053962	0.9955883850645764	-2.0237175293799556e-5	0.409	0.0045119219413656	bowel_disorder_merged_2	No	Yes	436	negative	ko_hum
senter	1	0.2977598133354853	5.270178630189783	0.0096989958381364	0.001	0.01194200080735527	bowel_disorder_merged_2	No	Yes	436	negative	ko_hum
Total_Reads_QC_ATLAS	1	0.09144979505997952	1.6186091409095549	0.00141681808323912	0.088	0.00366769952669298	bowel_disorder_merged_2	No	Yes	436	negative	ko_hum
bowel_disorder_merged_2	1	0.08431090197565538	1.6528575417534157	0.00129624508622845	0.1	0.00327755346241618	bowel_disorder_merged_2	No	Missing	503	positive	ko_hum
kjonn	1	0.05748457560404319	1.1269457697068908	2.523135975408419e-4	0.289	0.00223469047764379	bowel_disorder_merged_2	No	Missing	503	positive	ko_hum
age_invitation	2	0.17788734937932915	1.7436798807409708	0.00294825971890585	0.037	0.00691530139301092	bowel_disorder_merged_2	No	Missing	503	positive	ko_hum
senter	1	0.0362475663462547	0.7106087350709861	-5.756617423634347e-4	0.71	0.00140911001778431	bowel_disorder_merged_2	No	Missing	503	positive	ko_hum
Total_Reads_QC_ATLAS	1	0.05958108115788008	1.1680463265125551	3.3397654668139974e-4	0.252	0.00231619131414222	bowel_disorder_merged_2	No	Missing	503	positive	ko_hum
bowel_disorder_merged_2	1	0.0768152026778317	1.5062803796257582	8.93688908949943e-4	0.118	0.00265288146441655	bowel_disorder_merged_2	No	Yes	566	positive	ko_hum
kjonn	1	0.05024668448790237	0.9852944774851916	-2.5982163597350185e-5	0.407	0.00173531401701048	bowel_disorder_merged_2	No	Yes	566	positive	ko_hum
age_invitation	2	0.2186593743670393	2.143861592162187	0.00402564245362441	0.01	0.00755159631241387	bowel_disorder_merged_2	No	Yes	566	positive	ko_hum
senter	1	0.04199551832588	0.8234961710872699	-3.119414978471677e-4	0.544	0.00145035264207464	bowel_disorder_merged_2	No	Yes	566	positive	ko_hum
Total_Reads_QC_ATLAS	1	0.05354929158797361	1.050055776069719	8.842994636064648e-5	0.351	0.00184937249573084	bowel_disorder_merged_2	No	Yes	566	positive	ko_hum
symtomduration_smerter_cat	1	0.04456348904987095	0.8348641984818795	-1.5973131419411745e-4	0.538	8.017569605031979e-4	symtomduration_smerter_cat	No	Yes	1034	all	ko_hum
kjonn	1	0.10653460557158922	1.995847497299262	9.621753552995398e-4	0.043	0.00191670049568822	symtomduration_smerter_cat	No	Yes	1034	all	ko_hum
age_invitation	2	0.2408331396252521	2.255915889531241	0.00242335080222981	0.008	0.00433291131666773	symtomduration_smerter_cat	No	Yes	1034	all	ko_hum
senter	1	0.2500615398214947	4.684719070820181	0.00355090424201255	0.001	0.00449894261828701	symtomduration_smerter_cat	No	Yes	1034	all	ko_hum
Total_Reads_QC_ATLAS	1	0.09848680368326512	1.84507784671114	8.166225696986106e-4	0.082	0.00177190974168119	symtomduration_smerter_cat	No	Yes	1034	all	ko_hum
symtomduration_smerter_cat	1	0.04527782459027207	0.8040749978574684	-4.3557853970857167e-4	0.567	0.0017678194857585	symtomduration_smerter_cat	No	Yes	450	negative	ko_hum
kjonn	1	0.08885516280223626	1.5779515797493355	0.00128268943858217	0.114	0.00346924547796817	symtomduration_smerter_cat	No	Yes	450	negative	ko_hum
age_invitation	2	0.1127287985001466	1.0009580764173336	4.258099278885227e-6	0.422	0.00440136354601981	symtomduration_smerter_cat	No	Yes	450	negative	ko_hum
senter	1	0.32161984128798693	5.711548104060611	0.01036161963272236	0.001	0.01255726898499485	symtomduration_smerter_cat	No	Yes	450	negative	ko_hum
Total_Reads_QC_ATLAS	1	0.09125394145499754	1.6205507540147432	0.00137710264872826	0.087	0.00356290297328176	symtomduration_smerter_cat	No	Yes	450	negative	ko_hum
symtomduration_smerter_cat	1	0.04601785424389959	0.9037372392465296	-1.648606690010412e-4	0.501	0.00154349022196385	symtomduration_smerter_cat	No	Yes	584	positive	ko_hum
kjonn	1	0.05234085212358863	1.0279135777882025	4.779493777481003e-5	0.367	0.00175557063208188	symtomduration_smerter_cat	No	Yes	584	positive	ko_hum
age_invitation	2	0.23122271381713233	2.2704728465678863	0.00433208578496263	0.013	0.00775546804032049	symtomduration_smerter_cat	No	Yes	584	positive	ko_hum
senter	1	0.04492341938669497	0.8822438090847704	-2.016779790168324e-4	0.491	0.00150678165463868	symtomduration_smerter_cat	No	Yes	584	positive	ko_hum
Total_Reads_QC_ATLAS	1	0.05100369129655391	1.001653291338337	2.830970304654521e-6	0.37	0.00171072076466342	symtomduration_smerter_cat	No	Yes	584	positive	ko_hum
symtomduration_synlig_blod_i_avforingen_cat	1	0.07488926571066656	1.403771884168404	3.903426255232352e-4	0.152	0.00134735837185697	symtomduration_synlig_blod_i_avforingen_cat	No	Yes	1034	all	ko_hum
kjonn	1	0.1069526812430368	2.0047888764920323	9.70806016832773e-4	0.056	0.00192422223796529	symtomduration_synlig_blod_i_avforingen_cat	No	Yes	1034	all	ko_hum
age_invitation	2	0.2408388495702951	2.257218056780135	0.00242585730208275	0.008	0.0043330140462403	symtomduration_synlig_blod_i_avforingen_cat	No	Yes	1034	all	ko_hum
senter	1	0.2628987435786527	4.9279407551508045	0.00378440602754465	0.001	0.00472990113803354	symtomduration_synlig_blod_i_avforingen_cat	No	Yes	1034	all	ko_hum
Total_Reads_QC_ATLAS	1	0.0998762138340794	1.8721430841523492	8.427544310480385e-4	0.055	0.00179690709451778	symtomduration_synlig_blod_i_avforingen_cat	No	Yes	1034	all	ko_hum
symtomduration_synlig_blod_i_avforingen_cat	1	0.05172882880894747	0.9188740270742618	-1.803124465519897e-4	0.437	0.00201969136926182	symtomduration_synlig_blod_i_avforingen_cat	No	Yes	450	negative	ko_hum
kjonn	1	0.0860818028279553	1.52909576040226	0.00117438754873146	0.109	0.00336096289487317	symtomduration_synlig_blod_i_avforingen_cat	No	Yes	450	negative	ko_hum
age_invitation	2	0.11247124292520638	0.9989294779747284	-4.757898305362774e-6	0.424	0.00439130759107575	symtomduration_synlig_blod_i_avforingen_cat	No	Yes	450	negative	ko_hum
senter	1	0.31777219763201003	5.64467871501196	0.01021606307620157	0.001	0.01240704225721269	symtomduration_synlig_blod_i_avforingen_cat	No	Yes	450	negative	ko_hum
Total_Reads_QC_ATLAS	1	0.09199511160613484	1.634135560750486	0.00140720711262007	0.104	0.00359184109138482	symtomduration_synlig_blod_i_avforingen_cat	No	Yes	450	negative	ko_hum
symtomduration_synlig_blod_i_avforingen_cat	1	0.06454642941312727	1.2684168627186383	4.594067640348023e-4	0.187	0.00216495932500045	symtomduration_synlig_blod_i_avforingen_cat	No	Yes	584	positive	ko_hum
kjonn	1	0.05298155460517151	1.0411528241805486	7.046219942130875e-5	0.332	0.00177706050882124	symtomduration_synlig_blod_i_avforingen_cat	No	Yes	584	positive	ko_hum
age_invitation	2	0.23267169292410372	2.2861427151399054	0.00438528292961013	0.004	0.00780406841772154	symtomduration_synlig_blod_i_avforingen_cat	No	Yes	584	positive	ko_hum
senter	1	0.04842157428183569	0.9515435926804708	-8.298018534450295e-5	0.392	0.00162411367640023	symtomduration_synlig_blod_i_avforingen_cat	No	Yes	584	positive	ko_hum
Total_Reads_QC_ATLAS	1	0.0510711962230701	1.0036119283056713	6.184770490965224e-6	0.356	0.00171298495528517	symtomduration_synlig_blod_i_avforingen_cat	No	Yes	584	positive	ko_hum
symtomduration_annet_se_fritekst_cat	1	0.03658560065548499	0.6853045930403031	-3.044402445902931e-4	0.708	6.582240440576633e-4	symtomduration_annet_se_fritekst_cat	No	Yes	1034	all	ko_hum
kjonn	1	0.10725822774860204	2.009111639566861	9.749785081295744e-4	0.045	0.00192971942956356	symtomduration_annet_se_fritekst_cat	No	Yes	1034	all	ko_hum
age_invitation	2	0.24235275938207224	2.2698200407381535	0.00245011380488707	0.006	0.00436025131502345	symtomduration_annet_se_fritekst_cat	No	Yes	1034	all	ko_hum
senter	1	0.2581362249875596	4.83528867763821	0.0036954695214931	0.001	0.00464421703853089	symtomduration_annet_se_fritekst_cat	No	Yes	1034	all	ko_hum
Total_Reads_QC_ATLAS	1	0.09983150387108708	1.8699976741456028	8.406830578728817e-4	0.067	0.00179610270229453	symtomduration_annet_se_fritekst_cat	No	Yes	1034	all	ko_hum
symtomduration_annet_se_fritekst_cat	1	0.04474173067572806	0.794537595402153	-4.567916847017469e-4	0.603	0.00174688832846674	symtomduration_annet_se_fritekst_cat	No	Yes	450	negative	ko_hum
kjonn	1	0.0861373295360508	1.5296535393313315	0.00117562414631402	0.117	0.00336313086997886	symtomduration_annet_se_fritekst_cat	No	Yes	450	negative	ko_hum
age_invitation	2	0.11224922787760504	0.996678383431458	-1.4762958246350182e-5	0.441	0.00438263927428198	symtomduration_annet_se_fritekst_cat	No	Yes	450	negative	ko_hum
senter	1	0.31026559568121215	5.509793130606373	0.0099223233443299	0.001	0.01211395579997807	symtomduration_annet_se_fritekst_cat	No	Yes	450	negative	ko_hum
Total_Reads_QC_ATLAS	1	0.09104690004899396	1.616839222381526	0.00136887743353308	0.098	0.00355481928473876	symtomduration_annet_se_fritekst_cat	No	Yes	450	negative	ko_hum
symtomduration_annet_se_fritekst_cat	1	0.07936446575867961	1.5603970139153562	9.586640093615784e-4	0.119	0.00266197281213185	symtomduration_annet_se_fritekst_cat	No	Yes	584	positive	ko_hum
kjonn	1	0.0544315945691558	1.070187984212232	1.201704617975282e-4	0.336	0.00182569646855123	symtomduration_annet_se_fritekst_cat	No	Yes	584	positive	ko_hum
age_invitation	2	0.2343657488263311	2.3039505850428323	0.00444573140744231	0.006	0.00786088894452598	symtomduration_annet_se_fritekst_cat	No	Yes	584	positive	ko_hum
senter	1	0.04705941233096666	0.9252423710774004	-1.280260271315555e-4	0.467	0.00157842524336825	symtomduration_annet_se_fritekst_cat	No	Yes	584	positive	ko_hum
Total_Reads_QC_ATLAS	1	0.05278757129236311	1.037864588755694	6.483242106632245e-5	0.333	0.001770554091878	symtomduration_annet_se_fritekst_cat	No	Yes	584	positive	ko_hum
symtomduration_vekslende_avforing_cat	1	0.07402160344965125	1.3874858997379844	3.746042029896937e-4	0.151	0.00133174796360648	symtomduration_vekslende_avforing_cat	No	Yes	1034	all	ko_hum
kjonn	1	0.1046288836763054	1.961199082980463	9.28729583130388e-4	0.05	0.00188241400181389	symtomduration_vekslende_avforing_cat	No	Yes	1034	all	ko_hum
age_invitation	2	0.23425312561577985	2.1954597956157667	0.0023069669427194	0.008	0.00421452803598701	symtomduration_vekslende_avforing_cat	No	Yes	1034	all	ko_hum
senter	1	0.2575422265540652	4.827458353748679	0.00368795248472224	0.003	0.00463353020972246	symtomduration_vekslende_avforing_cat	No	Yes	1034	all	ko_hum
Total_Reads_QC_ATLAS	1	0.09987331943292332	1.8720591829311637	8.426734253697852e-4	0.052	0.00179685502035746	symtomduration_vekslende_avforing_cat	No	Yes	1034	all	ko_hum
symtomduration_vekslende_avforing_cat	1	0.070897907799921	1.260348626393577	5.782179736408522e-4	0.223	0.00276812554583592	symtomduration_vekslende_avforing_cat	No	Yes	450	negative	ko_hum
kjonn	1	0.08561599148436017	1.5219912775022362	0.00115863662064991	0.113	0.00334277583802257	symtomduration_vekslende_avforing_cat	No	Yes	450	negative	ko_hum
age_invitation	2	0.11067015664129444	0.9836889707609456	-7.249871896790745e-5	0.433	0.00432098629235955	symtomduration_vekslende_avforing_cat	No	Yes	450	negative	ko_hum
senter	1	0.32274449373955605	5.737413020828142	0.0104179090727491	0.001	0.01260117971914741	symtomduration_vekslende_avforing_cat	No	Yes	450	negative	ko_hum
Total_Reads_QC_ATLAS	1	0.09197721856959971	1.635074499107095	0.00140928776973917	0.092	0.00359114247878732	symtomduration_vekslende_avforing_cat	No	Yes	450	negative	ko_hum
symtomduration_vekslende_avforing_cat	1	0.05233353667298957	1.0279908890908545	4.7927307470730514e-5	0.349	0.00175532526369923	symtomduration_vekslende_avforing_cat	No	Yes	584	positive	ko_hum
kjonn	1	0.0557614221658298	1.0953250552777385	1.6320119540199563e-4	0.283	0.00187030037123398	symtomduration_vekslende_avforing_cat	No	Yes	584	positive	ko_hum
age_invitation	2	0.22856449474717877	2.2448532347234154	0.00424509832309654	0.008	0.00766630840413743	symtomduration_vekslende_avforing_cat	No	Yes	584	positive	ko_hum
senter	1	0.04689623229819162	0.9211855838535536	-1.3497440766366647e-4	0.448	0.00157295200283702	symtomduration_vekslende_avforing_cat	No	Yes	584	positive	ko_hum
Total_Reads_QC_ATLAS	1	0.05097319856851712	1.0012696837914896	2.174111354547194e-6	0.371	0.00170969800451219	symtomduration_vekslende_avforing_cat	No	Yes	584	positive	ko_hum
symtomduration_endrede_avforingsvaner_cat	1	0.03173158454231384	0.5943287849708396	-3.9248591418457394e-4	0.843	5.708937813671812e-4	symtomduration_endrede_avforingsvaner_cat	No	Yes	1034	all	ko_hum
kjonn	1	0.1065656472487646	1.9959618330604496	9.622857187737444e-4	0.052	0.00191725897711038	symtomduration_endrede_avforingsvaner_cat	No	Yes	1034	all	ko_hum
age_invitation	2	0.2420626237948511	2.2669020025615905	0.00244449722269806	0.006	0.0043550313865236	symtomduration_endrede_avforingsvaner_cat	No	Yes	1034	all	ko_hum
senter	1	0.2557604109930196	4.7903619217762445	0.00365233871969794	0.003	0.00460147295705083	symtomduration_endrede_avforingsvaner_cat	No	Yes	1034	all	ko_hum
Total_Reads_QC_ATLAS	1	0.09964988804500764	1.866430489952172	8.372389560863082e-4	0.074	0.00179283518990263	symtomduration_endrede_avforingsvaner_cat	No	Yes	1034	all	ko_hum
symtomduration_endrede_avforingsvaner_cat	1	0.02661300583999448	0.4722588521956648	-0.00117413508266786	0.957	0.00103907355806699	symtomduration_endrede_avforingsvaner_cat	No	Yes	450	negative	ko_hum
kjonn	1	0.08501978296624557	1.5087113931799292	0.00112919324380378	0.108	0.00331949757663444	symtomduration_endrede_avforingsvaner_cat	No	Yes	450	negative	ko_hum
age_invitation	2	0.11530279364663444	1.023048003481828	1.0242507905888504e-4	0.385	0.00450186216355248	symtomduration_endrede_avforingsvaner_cat	No	Yes	450	negative	ko_hum
senter	1	0.31489923000431475	5.588017746407527	0.01009269397190085	0.001	0.01229487061027176	symtomduration_endrede_avforingsvaner_cat	No	Yes	450	negative	ko_hum
Total_Reads_QC_ATLAS	1	0.09109330648081482	1.616488592832565	0.00136810038788796	0.1	0.00355663116936838	symtomduration_endrede_avforingsvaner_cat	No	Yes	450	negative	ko_hum
symtomduration_endrede_avforingsvaner_cat	1	0.04757718328464833	0.9344102439446536	-1.123238413505135e-4	0.434	0.00159579185937753	symtomduration_endrede_avforingsvaner_cat	No	Yes	584	positive	ko_hum
kjonn	1	0.05332368946594812	1.047270944641712	8.093684705564307e-5	0.331	0.00178853609413217	symtomduration_endrede_avforingsvaner_cat	No	Yes	584	positive	ko_hum
age_invitation	2	0.23145114737929265	2.272836558966054	0.00434011064202372	0.009	0.00776312995709944	symtomduration_endrede_avforingsvaner_cat	No	Yes	584	positive	ko_hum
senter	1	0.04702559368655201	0.9235770895767106	-1.3087827486637997e-4	0.441	0.00157729092826748	symtomduration_endrede_avforingsvaner_cat	No	Yes	584	positive	ko_hum
Total_Reads_QC_ATLAS	1	0.05130074116134153	1.0075404795680307	1.2911613370331994e-5	0.373	0.00172068414886002	symtomduration_endrede_avforingsvaner_cat	No	Yes	584	positive	ko_hum
symtomduration_diare_cat	1	0.05616670318112682	1.05246465064382	5.073693302548757e-5	0.342	0.00101051435118983	symtomduration_diare_cat	No	Yes	1034	all	ko_hum
kjonn	1	0.10688802149749677	2.002892422590561	9.68975478168114e-4	0.048	0.00192305892238663	symtomduration_diare_cat	No	Yes	1034	all	ko_hum
age_invitation	2	0.23932281760626495	2.242243102740173	0.00239703173423842	0.009	0.00430573859709074	symtomduration_diare_cat	No	Yes	1034	all	ko_hum
senter	1	0.2545343886539726	4.769524135458918	0.00363233265941126	0.001	0.00457941517017145	symtomduration_diare_cat	No	Yes	1034	all	ko_hum
Total_Reads_QC_ATLAS	1	0.0990499950685546	1.856021673907459	8.2718915093408e-4	0.058	0.00178204231035745	symtomduration_diare_cat	No	Yes	1034	all	ko_hum
symtomduration_diare_cat	1	0.06104698944149689	1.084800509293362	1.884100711630476e-4	0.315	0.00238350800768724	symtomduration_diare_cat	No	Yes	450	negative	ko_hum
kjonn	1	0.08633397914587704	1.5341484552079732	0.00118558927672732	0.103	0.00337080882304448	symtomduration_diare_cat	No	Yes	450	negative	ko_hum
age_invitation	2	0.11018250436978504	0.9789674965880684	-9.348653185658588e-5	0.441	0.00430194648212905	symtomduration_diare_cat	No	Yes	450	negative	ko_hum
senter	1	0.31547809774349034	5.606022577591793	0.01013189959841687	0.001	0.01231747182131165	symtomduration_diare_cat	No	Yes	450	negative	ko_hum
Total_Reads_QC_ATLAS	1	0.091966646839019	1.6342405455485849	0.00140743975597761	0.09	0.00359072971798249	symtomduration_diare_cat	No	Yes	450	negative	ko_hum
symtomduration_diare_cat	1	0.03404405918031372	0.6683134380798315	-5.68279199476119e-4	0.755	0.00114187576374747	symtomduration_diare_cat	No	Yes	584	positive	ko_hum
kjonn	1	0.05284612541773015	1.0374137696113517	6.406056997250965e-5	0.354	0.00177251806263337	symtomduration_diare_cat	No	Yes	584	positive	ko_hum
age_invitation	2	0.23142269955629757	2.2715108555506847	0.0043356098648701	0.008	0.00776217578534697	symtomduration_diare_cat	No	Yes	584	positive	ko_hum
senter	1	0.04532804141161151	0.8898274743552453	-1.886871811439351e-4	0.467	0.00152035312921766	symtomduration_diare_cat	No	Yes	584	positive	ko_hum
Total_Reads_QC_ATLAS	1	0.05082311497436365	0.9977003776942246	-3.937724933314266e-6	0.356	0.00170466403315782	symtomduration_diare_cat	No	Yes	584	positive	ko_hum
symtomduration_luftplager_cat	1	0.04220655396490969	0.790674758051648	-2.0248319805877773e-4	0.6	7.593525359369988e-4	symtomduration_luftplager_cat	No	Yes	1034	all	ko_hum
kjonn	1	0.10674919130158143	1.9997816233649388	9.659727867737444e-4	0.049	0.00192056118088846	symtomduration_luftplager_cat	No	Yes	1034	all	ko_hum
age_invitation	2	0.24247530899685896	2.2712006580066255	0.00245277116766798	0.012	0.00436245614702285	symtomduration_luftplager_cat	No	Yes	1034	all	ko_hum
senter	1	0.2613405610843813	4.895812746908234	0.00375356822819963	0.002	0.00470186734429001	symtomduration_luftplager_cat	No	Yes	1034	all	ko_hum
Total_Reads_QC_ATLAS	1	0.09966708664641288	1.8671093045260836	8.378943506174596e-4	0.054	0.0017931446158179099	symtomduration_luftplager_cat	No	Yes	1034	all	ko_hum
symtomduration_luftplager_cat	1	0.03352255086970146	0.595036294268523	-9.00729930359864e-4	0.837	0.00130884862901565	symtomduration_luftplager_cat	No	Yes	450	negative	ko_hum
kjonn	1	0.08608404989326957	1.528020174932885	0.00117200296382867	0.121	0.00336105062889936	symtomduration_luftplager_cat	No	Yes	450	negative	ko_hum
age_invitation	2	0.11395900350038346	1.011404880925843	5.068579049083308e-5	0.402	0.00444939545547165	symtomduration_luftplager_cat	No	Yes	450	negative	ko_hum
senter	1	0.3163363955741474	5.615074977329092	0.01015161007927253	0.001	0.01235098305210399	symtomduration_luftplager_cat	No	Yes	450	negative	ko_hum
Total_Reads_QC_ATLAS	1	0.0925867258258215	1.6434448096742709	0.00142783572486231	0.079	0.00361493997378648	symtomduration_luftplager_cat	No	Yes	450	negative	ko_hum
symtomduration_luftplager_cat	1	0.05785514468237451	1.1366658400160652	2.3396209826947477e-4	0.283	0.00194052616261191	symtomduration_luftplager_cat	No	Yes	584	positive	ko_hum
kjonn	1	0.05322348367429441	1.0456687319918432	7.819376880406215e-5	0.346	0.00178517507997488	symtomduration_luftplager_cat	No	Yes	584	positive	ko_hum
age_invitation	2	0.2337097691326235	2.2958192612732677	0.00441813069322658	0.005	0.00783888665303107	symtomduration_luftplager_cat	No	Yes	584	positive	ko_hum
senter	1	0.04759733510366004	0.9351331706998576	-1.1108567649958478e-4	0.444	0.0015964677738918	symtomduration_luftplager_cat	No	Yes	584	positive	ko_hum
Total_Reads_QC_ATLAS	1	0.05114088320117105	1.0047523912031944	8.13758994894429e-6	0.393	0.00171532233435389	symtomduration_luftplager_cat	No	Yes	584	positive	ko_hum
symtomduration_obstipasjon_cat	1	0.12324630534092051	2.312247699116176	0.0012674897858424	0.023	0.00221736639724962	symtomduration_obstipasjon_cat	No	Yes	1034	all	ko_hum
kjonn	1	0.10009496970295118	1.8779010271223724	8.483136283527269e-4	0.061	0.0018008428061117	symtomduration_obstipasjon_cat	No	Yes	1034	all	ko_hum
age_invitation	2	0.24124242886674807	2.2629978624240747	0.00243698251203213	0.009	0.00434027497928089	symtomduration_obstipasjon_cat	No	Yes	1034	all	ko_hum
senter	1	0.23349107585273288	4.380571096319808	0.00325875690224964	0.001	0.00420081773827919	symtomduration_obstipasjon_cat	No	Yes	1034	all	ko_hum
Total_Reads_QC_ATLAS	1	0.10076676642820104	1.8905047350220607	8.604820809038823e-4	0.057	0.00181292933057368	symtomduration_obstipasjon_cat	No	Yes	1034	all	ko_hum
symtomduration_obstipasjon_cat	1	0.0674159438940265	1.1982824935319722	4.4043369608994686e-4	0.237	0.00263217635443262	symtomduration_obstipasjon_cat	No	Yes	450	negative	ko_hum
kjonn	1	0.07771961067495425	1.381424682302345	8.468925701618376e-4	0.172	0.00303447092301929	symtomduration_obstipasjon_cat	No	Yes	450	negative	ko_hum
age_invitation	2	0.11531674769785384	1.024846883361856	1.1041839915009496e-4	0.321	0.00450240698309437	symtomduration_obstipasjon_cat	No	Yes	450	negative	ko_hum
senter	1	0.3105721040413769	5.520253722727266	0.00994510956487491	0.001	0.0121259230589299	symtomduration_obstipasjon_cat	No	Yes	450	negative	ko_hum
Total_Reads_QC_ATLAS	1	0.09134736498764084	1.6236507563704723	0.00138397253522684	0.083	0.00356655058539496	symtomduration_obstipasjon_cat	No	Yes	450	negative	ko_hum
symtomduration_obstipasjon_cat	1	0.13554118494975853	2.6700071169645776	0.00285144722569182	0.015	0.0045462027093773	symtomduration_obstipasjon_cat	No	Yes	584	positive	ko_hum
kjonn	1	0.05294925334846567	1.043040042262931	7.36932714065323e-5	0.321	0.00177597708859877	symtomduration_obstipasjon_cat	No	Yes	584	positive	ko_hum
age_invitation	2	0.22995754823068637	2.264951020618739	0.00431333855687993	0.008	0.00771303297367234	symtomduration_obstipasjon_cat	No	Yes	584	positive	ko_hum
senter	1	0.03807262020491819	0.7499872968227437	-4.282872952768577e-4	0.664	0.0012769981994244	symtomduration_obstipasjon_cat	No	Yes	584	positive	ko_hum
Total_Reads_QC_ATLAS	1	0.05290600058357953	1.042188012010154	7.223452838870321e-5	0.34	0.00177452634256179	symtomduration_obstipasjon_cat	No	Yes	584	positive	ko_hum
symptoms_overall_cat	1	0.05353911793994825	1.0045621395798363	4.874056991141228e-6	0.392	0.0010672321137969	symptoms_overall_cat	No symptoms	1 symptom	936	all	ko_hum
kjonn	1	0.1018696302567932	1.911394465701762	9.727648431701576e-4	0.065	0.00203063750420039	symptoms_overall_cat	No symptoms	1 symptom	936	all	ko_hum
age_invitation	2	0.1825868955652723	1.7129520388627024	0.00152108456948206	0.039	0.00363963034886579	symptoms_overall_cat	No symptoms	1 symptom	936	all	ko_hum
senter	1	0.21429879460688991	4.0209189822876885	0.00321709444509688	0.001	0.00427176547452589	symptoms_overall_cat	No symptoms	1 symptom	936	all	ko_hum
Total_Reads_QC_ATLAS	1	0.09219838732682462	1.7299315491661784	7.792337199677348e-4	0.07	0.00183785395765838	symptoms_overall_cat	No symptoms	1 symptom	936	all	ko_hum
symptoms_overall_cat	1	0.02875781811108879	0.5526998955317123	-5.701339177442747e-4	0.88	6.995108659658973e-4	symptoms_overall_cat	No symptoms	2+ symptoms	785	all	ko_hum
kjonn	1	0.06953061984413722	1.336317177320615	4.282460519964445e-4	0.162	0.00169127657426707	symptoms_overall_cat	No symptoms	2+ symptoms	785	all	ko_hum
age_invitation	2	0.2417838476176115	2.323436131407707	0.00336048089064489	0.006	0.00588119821782816	symptoms_overall_cat	No symptoms	2+ symptoms	785	all	ko_hum
senter	1	0.14154293857699685	2.720330418064385	0.00218671153083103	0.013	0.00344291848404086	symptoms_overall_cat	No symptoms	2+ symptoms	785	all	ko_hum
Total_Reads_QC_ATLAS	1	0.11035870357618904	2.120996930363628	0.0014259852296795	0.032	0.00268438697286589	symptoms_overall_cat	No symptoms	2+ symptoms	785	all	ko_hum
symptoms_overall_cat	1	0.07015044489745392	1.2374832182262845	5.918769510801692e-4	0.226	0.00305432195119264	symptoms_overall_cat	No symptoms	1 symptom	401	negative	ko_hum
kjonn	1	0.091518546781991	1.614425481758868	0.00152988897503328	0.098	0.00398468045051032	symptoms_overall_cat	No symptoms	1 symptom	401	negative	ko_hum
age_invitation	2	0.08872552885029705	0.7825777380385484	-0.00108557750962158	0.718	0.0038630735812835	symptoms_overall_cat	No symptoms	1 symptom	401	negative	ko_hum
senter	1	0.2971485351567438	5.241824568818088	0.01046739085564881	0.001	0.0129377268386636	symptoms_overall_cat	No symptoms	1 symptom	401	negative	ko_hum
Total_Reads_QC_ATLAS	1	0.07885118231275356	1.3909678690131195	9.740325525727948e-4	0.163	0.00343314853337555	symptoms_overall_cat	No symptoms	1 symptom	401	negative	ko_hum
symptoms_overall_cat	1	0.05754293794386811	1.0466804242481833	1.380886929272594e-4	0.305	0.0030685458037215	symptoms_overall_cat	No symptoms	2+ symptoms	338	negative	ko_hum
kjonn	1	0.05952397782247587	1.082714657721219	2.4465805004245843e-4	0.292	0.00317418711825494	symptoms_overall_cat	No symptoms	2+ symptoms	338	negative	ko_hum
age_invitation	2	0.09721805624693047	0.8841765818108032	-6.858156905723473e-4	0.57	0.00518426881216044	symptoms_overall_cat	No symptoms	2+ symptoms	338	negative	ko_hum
senter	1	0.16496602439788788	3.000658544263939	0.00588427843884154	0.007	0.00879701002434999	symptoms_overall_cat	No symptoms	2+ symptoms	338	negative	ko_hum
Total_Reads_QC_ATLAS	1	0.09891638465599328	1.7992450013210408	0.00235905189611011	0.067	0.00527483420035898	symptoms_overall_cat	No symptoms	2+ symptoms	338	negative	ko_hum
symptoms_overall_cat	1	0.04643221426719179	0.919285865605012	-1.5089030537453264e-4	0.465	0.00171422077454635	symptoms_overall_cat	No symptoms	1 symptom	535	positive	ko_hum
kjonn	1	0.06102343585419945	1.2081694344492533	3.8895040535204175e-4	0.242	0.00225291089659231	symptoms_overall_cat	No symptoms	1 symptom	535	positive	ko_hum
age_invitation	2	0.2000551947671667	1.980391370439771	0.00365163118779524	0.026	0.00738579402981669	symptoms_overall_cat	No symptoms	1 symptom	535	positive	ko_hum
senter	1	0.04229913737767532	0.837457350080697	-3.0391037068465805e-4	0.557	0.0015616326118101	symptoms_overall_cat	No symptoms	1 symptom	535	positive	ko_hum
Total_Reads_QC_ATLAS	1	0.05612701268966802	1.1112278459806804	2.07859301380039e-4	0.293	0.00207214091949603	symptoms_overall_cat	No symptoms	1 symptom	535	positive	ko_hum
symptoms_overall_cat	1	0.03799240837090778	0.7663863789965044	-5.228988306325237e-4	0.661	0.0017088058048802	symptoms_overall_cat	No symptoms	2+ symptoms	447	positive	ko_hum
kjonn	1	0.0399369228100177	0.8056113042854475	-4.3506323733738674e-4	0.59	0.0017962653186016	symptoms_overall_cat	No symptoms	2+ symptoms	447	positive	ko_hum
age_invitation	2	0.25922138675009165	2.614518906124144	0.007171989234499	0.002	0.01165914532459181	symptoms_overall_cat	No symptoms	2+ symptoms	447	positive	ko_hum
senter	1	0.03252518048239139	0.6561009518731945	-7.699414547207994e-4	0.795	0.00146290323768065	symptoms_overall_cat	No symptoms	2+ symptoms	447	positive	ko_hum
Total_Reads_QC_ATLAS	1	0.05426391606090419	1.0946167385358874	2.116257610661861e-4	0.33	0.0024406585088038	symptoms_overall_cat	No symptoms	2+ symptoms	447	positive	ko_hum
symptoms_GI_related_cat	1	0.02549266688497908	0.4776831039594104	-5.327167614739159e-4	0.953	4.839098576430834e-4	symptoms_GI_related_cat	No symptoms	1 symptom	981	all	ko_hum
kjonn	1	0.10369781411985456	1.9430957908827176	9.604383338762862e-4	0.05	0.00196842467267343	symptoms_GI_related_cat	No symptoms	1 symptom	981	all	ko_hum
age_invitation	2	0.20520408490813224	1.922563156423315	0.00187733170104698	0.023	0.00389524877737227	symptoms_GI_related_cat	No symptoms	1 symptom	981	all	ko_hum
senter	1	0.24485591914513097	4.588124734372079	0.00364429007849358	0.001	0.00464793242351598	symptoms_GI_related_cat	No symptoms	1 symptom	981	all	ko_hum
Total_Reads_QC_ATLAS	1	0.10112055515433128	1.8948029595397644	9.113022666407126e-4	0.051	0.00191950232866199	symptoms_GI_related_cat	No symptoms	1 symptom	981	all	ko_hum
symptoms_GI_related_cat	1	0.06607923146187034	1.2529423023015491	2.957514552602885e-4	0.207	0.00145560943970093	symptoms_GI_related_cat	No symptoms	2+ symptoms	855	all	ko_hum
kjonn	1	0.06206502583276574	1.176828099221806	2.067737261015796e-4	0.264	0.00136718353828897	symptoms_GI_related_cat	No symptoms	2+ symptoms	855	all	ko_hum
age_invitation	2	0.22525353465299247	2.135539987874534	0.00264919700290521	0.011	0.00496193984271888	symptoms_GI_related_cat	No symptoms	2+ symptoms	855	all	ko_hum
senter	1	0.18326399862328913	3.4749074903594916	0.00288627395243903	0.003	0.004036984093971	symptoms_GI_related_cat	No symptoms	2+ symptoms	855	all	ko_hum
Total_Reads_QC_ATLAS	1	0.10120155407437892	1.918904099718748	0.00107358780758006	0.057	0.00222929253509966	symptoms_GI_related_cat	No symptoms	2+ symptoms	855	all	ko_hum
symptoms_GI_related_cat	1	0.04388747870675758	0.7719447972084547	-5.394284213938009e-4	0.612	0.00180563723857748	symptoms_GI_related_cat	No symptoms	1 symptom	423	negative	ko_hum
kjonn	1	0.08992938721363686	1.5817842496616803	0.00137348741446061	0.099	0.00369991294055345	symptoms_GI_related_cat	No symptoms	1 symptom	423	negative	ko_hum
age_invitation	2	0.10680304888306225	0.9392890676422648	-2.8713174654268177e-4	0.482	0.00439413627621253	symptoms_GI_related_cat	No symptoms	1 symptom	423	negative	ko_hum
senter	1	0.30528395756164173	5.369694720572542	0.0102246246623303	0.001	0.01256012189255093	symptoms_GI_related_cat	No symptoms	1 symptom	423	negative	ko_hum
Total_Reads_QC_ATLAS	1	0.0903223941956135	1.58869692051777	0.00138978429971712	0.109	0.00371608220027374	symptoms_GI_related_cat	No symptoms	1 symptom	423	negative	ko_hum
symptoms_GI_related_cat	1	0.08849527265297752	1.608664285801157	0.00164678035071847	0.112	0.00431699241271788	symptoms_GI_related_cat	No symptoms	2+ symptoms	369	negative	ko_hum
kjonn	1	0.06086881349246909	1.106471379193294	2.884570915146943e-4	0.278	0.00296931348015105	symptoms_GI_related_cat	No symptoms	2+ symptoms	369	negative	ko_hum
age_invitation	2	0.09336022528451338	0.8485496209412136	-8.215436431162587e-4	0.64	0.00455431541279415	symptoms_GI_related_cat	No symptoms	2+ symptoms	369	negative	ko_hum
senter	1	0.2076430325210303	3.7745285211095503	0.00746293333259384	0.002	0.01012928000642598	symptoms_GI_related_cat	No symptoms	2+ symptoms	369	negative	ko_hum
Total_Reads_QC_ATLAS	1	0.08707294238889673	1.582809210949722	0.00157693809458834	0.102	0.00424760804026113	symptoms_GI_related_cat	No symptoms	2+ symptoms	369	negative	ko_hum
symptoms_GI_related_cat	1	0.0387353446358567	0.7671140436575942	-4.175326054167068e-4	0.651	0.00137169402135662	symptoms_GI_related_cat	No symptoms	1 symptom	558	positive	ko_hum
kjonn	1	0.05858538306296168	1.1602238349276457	2.870570636990261e-4	0.24	0.00207462255575139	symptoms_GI_related_cat	No symptoms	1 symptom	558	positive	ko_hum
age_invitation	2	0.20425662450749016	2.0225471935616635	0.00365166021025743	0.019	0.00723312502556265	symptoms_GI_related_cat	No symptoms	1 symptom	558	positive	ko_hum
senter	1	0.04604888373991756	0.9119512358474546	-1.5781838685747075e-4	0.45	0.00163068068994848	symptoms_GI_related_cat	No symptoms	1 symptom	558	positive	ko_hum
Total_Reads_QC_ATLAS	1	0.05767982930002091	1.1422902650738276	2.5493546637767034e-4	0.253	0.0020425551327216	symptoms_GI_related_cat	No symptoms	1 symptom	558	positive	ko_hum
symptoms_GI_related_cat	1	0.04945562237689671	0.974115827981597	-5.326244994407306e-5	0.386	0.00199719572729706	symptoms_GI_related_cat	No symptoms	2+ symptoms	486	positive	ko_hum
kjonn	1	0.04699057157673536	0.925562298861769	-1.5318745691433527e-4	0.435	0.00189764811897594	symptoms_GI_related_cat	No symptoms	2+ symptoms	486	positive	ko_hum
age_invitation	2	0.25134110602904514	2.475303492689124	0.00603457065647222	0.006	0.01015005693851762	symptoms_GI_related_cat	No symptoms	2+ symptoms	486	positive	ko_hum
senter	1	0.03769111580315609	0.7423930933137619	-5.303364712429998e-4	0.654	0.0015221026815808	symptoms_GI_related_cat	No symptoms	2+ symptoms	486	positive	ko_hum
Total_Reads_QC_ATLAS	1	0.0540820735173817	1.0652419541272715	1.3422468528088833e-4	0.345	0.00218402844734472	symptoms_GI_related_cat	No symptoms	2+ symptoms	486	positive	ko_hum
